Sales Date,Product ID,Apsis,Basalt,Ceres,Total
6/1/2024,P001,11,6,10,27
6/1/2024,P002,5,9,19,33
6/1/2024,P003,4,10,6,20
6/1/2024,P004,9,7,10,26
6/1/2024,P005,11,9,15,35
6/1/2024,P006,14,9,13,36
6/1/2024,P007,9,1,2,12
6/1/2024,P008,6,13,20,39
6/1/2024,P009,9,9,11,29
6/1/2024,P010,20,10,12,42
6/1/2024,P011,10,5,18,33
6/1/2024,P012,13,2,3,18
6/1/2024,P013,9,10,4,23
6/1/2024,P014,17,13,9,39
6/1/2024,P015,12,5,9,26
6/1/2024,P016,12,18,3,33
6/1/2024,P017,8,18,18,44
6/1/2024,P018,4,3,5,12
6/1/2024,P019,6,3,12,21
6/1/2024,P020,20,8,12,40
6/1/2024,P021,18,10,15,43
6/1/2024,P022,3,9,3,15
6/1/2024,P023,5,13,4,22
6/1/2024,P024,17,11,9,37
6/1/2024,P025,5,3,9,17
6/1/2024,P026,14,17,5,36
6/1/2024,P027,9,7,19,35
6/1/2024,P028,10,12,3,25
6/1/2024,P029,12,17,12,41
6/1/2024,P030,15,10,15,40
6/1/2024,P031,7,7,3,17
6/1/2024,P032,3,20,9,32
6/1/2024,P033,3,10,6,19
6/1/2024,P034,2,4,3,9
6/1/2024,P035,10,9,18,37
6/1/2024,P036,9,9,3,21
6/1/2024,P037,11,14,7,32
6/1/2024,P038,5,11,3,19
6/1/2024,P039,4,11,4,19
6/1/2024,P040,3,10,8,21
6/1/2024,P041,18,20,12,50
6/1/2024,P042,13,12,4,29
6/1/2024,P043,6,9,9,24
6/1/2024,P044,11,15,5,31
6/1/2024,P045,10,16,6,32
6/1/2024,P046,10,11,9,30
6/1/2024,P047,7,11,5,23
6/1/2024,P048,3,15,6,24
6/1/2024,P049,19,5,10,34
6/1/2024,P050,12,2,2,16
6/1/2024,P051,8,15,11,34
6/1/2024,P052,8,20,3,31
6/1/2024,P053,8,6,2,16
6/1/2024,P054,5,10,9,24
6/1/2024,P055,5,10,14,29
6/1/2024,P056,8,10,9,27
6/1/2024,P057,12,14,1,27
6/1/2024,P058,7,4,20,31
6/1/2024,P059,2,4,6,12
6/1/2024,P060,12,20,3,35
6/1/2024,P061,6,3,20,29
6/1/2024,P062,12,4,8,24
6/1/2024,P063,12,5,4,21
6/1/2024,P064,20,18,5,43
6/1/2024,P065,9,3,10,22
6/1/2024,P066,5,7,15,27
6/1/2024,P067,18,3,22,43
6/1/2024,P068,7,4,14,25
6/1/2024,P069,11,8,4,23
6/1/2024,P070,6,7,11,24
6/2/2024,P001,7,8,2,17
6/2/2024,P002,6,10,15,31
6/2/2024,P003,8,2,2,12
6/2/2024,P004,8,9,4,21
6/2/2024,P005,10,11,17,38
6/2/2024,P006,11,4,18,33
6/2/2024,P007,11,16,8,35
6/2/2024,P008,12,10,7,29
6/2/2024,P009,9,5,10,24
6/2/2024,P010,17,9,6,32
6/2/2024,P011,5,20,6,31
6/2/2024,P012,13,8,6,27
6/2/2024,P013,7,22,10,39
6/2/2024,P014,15,11,20,46
6/2/2024,P015,7,4,6,17
6/2/2024,P016,3,10,3,16
6/2/2024,P017,6,15,6,27
6/2/2024,P018,13,4,4,21
6/2/2024,P019,7,12,20,39
6/2/2024,P020,20,2,12,34
6/2/2024,P021,16,15,7,38
6/2/2024,P022,17,3,12,32
6/2/2024,P023,11,20,12,43
6/2/2024,P024,15,12,5,32
6/2/2024,P025,3,8,15,26
6/2/2024,P026,2,6,2,10
6/2/2024,P027,9,9,2,20
6/2/2024,P028,15,4,5,24
6/2/2024,P029,5,17,5,27
6/2/2024,P030,18,9,5,32
6/2/2024,P031,6,1,2,9
6/2/2024,P032,4,5,2,11
6/2/2024,P033,11,12,12,35
6/2/2024,P034,6,3,2,11
6/2/2024,P035,4,1,5,10
6/2/2024,P036,8,10,7,25
6/2/2024,P037,7,2,10,19
6/2/2024,P038,9,9,14,32
6/2/2024,P039,3,20,5,28
6/2/2024,P040,2,11,5,18
6/2/2024,P041,15,2,5,22
6/2/2024,P042,6,19,3,28
6/2/2024,P043,9,10,4,23
6/2/2024,P044,4,19,20,43
6/2/2024,P045,8,5,6,19
6/2/2024,P046,7,11,20,38
6/2/2024,P047,21,4,9,34
6/2/2024,P048,11,18,6,35
6/2/2024,P049,11,14,3,28
6/2/2024,P050,2,10,5,17
6/2/2024,P051,14,19,5,38
6/2/2024,P052,22,1,6,29
6/2/2024,P053,17,9,3,29
6/2/2024,P054,7,10,4,21
6/2/2024,P055,4,5,18,27
6/2/2024,P056,9,10,7,26
6/2/2024,P057,11,2,12,25
6/2/2024,P058,8,11,15,34
6/2/2024,P059,9,2,2,13
6/2/2024,P060,9,3,10,22
6/2/2024,P061,5,10,7,22
6/2/2024,P062,18,16,2,36
6/2/2024,P063,5,21,8,34
6/2/2024,P064,13,5,6,24
6/2/2024,P065,7,7,9,23
6/2/2024,P066,11,10,7,28
6/2/2024,P067,10,14,1,25
6/2/2024,P068,9,5,2,16
6/2/2024,P069,7,5,11,23
6/2/2024,P070,6,2,16,24
6/3/2024,P001,7,10,10,27
6/3/2024,P002,8,15,3,26
6/3/2024,P003,3,3,5,11
6/3/2024,P004,9,2,4,15
6/3/2024,P005,6,8,10,24
6/3/2024,P006,20,5,20,45
6/3/2024,P007,11,12,1,24
6/3/2024,P008,1,4,18,23
6/3/2024,P009,5,4,6,15
6/3/2024,P010,10,3,9,22
6/3/2024,P011,2,12,6,20
6/3/2024,P012,15,9,7,31
6/3/2024,P013,12,15,5,32
6/3/2024,P014,8,11,15,34
6/3/2024,P015,7,2,5,14
6/3/2024,P016,10,8,8,26
6/3/2024,P017,5,4,5,14
6/3/2024,P018,17,3,11,31
6/3/2024,P019,7,10,5,22
6/3/2024,P020,21,2,2,25
6/3/2024,P021,7,17,16,40
6/3/2024,P022,20,10,7,37
6/3/2024,P023,7,3,16,26
6/3/2024,P024,6,5,8,19
6/3/2024,P025,10,6,10,26
6/3/2024,P026,16,20,14,50
6/3/2024,P027,10,5,12,27
6/3/2024,P028,9,8,11,28
6/3/2024,P029,3,11,7,21
6/3/2024,P030,3,12,20,35
6/3/2024,P031,2,3,11,16
6/3/2024,P032,10,2,13,25
6/3/2024,P033,7,15,5,27
6/3/2024,P034,6,6,2,14
6/3/2024,P035,7,1,2,10
6/3/2024,P036,5,1,6,12
6/3/2024,P037,2,13,8,23
6/3/2024,P038,9,4,19,32
6/3/2024,P039,19,9,8,36
6/3/2024,P040,11,11,3,25
6/3/2024,P041,17,8,11,36
6/3/2024,P042,19,4,17,40
6/3/2024,P043,12,11,4,27
6/3/2024,P044,5,10,14,29
6/3/2024,P045,5,6,7,18
6/3/2024,P046,3,7,1,11
6/3/2024,P047,2,18,7,27
6/3/2024,P048,10,3,14,27
6/3/2024,P049,14,11,2,27
6/3/2024,P050,9,10,5,24
6/3/2024,P051,18,15,5,38
6/3/2024,P052,11,15,9,35
6/3/2024,P053,14,5,12,31
6/3/2024,P054,4,12,4,20
6/3/2024,P055,12,6,12,30
6/3/2024,P056,2,12,6,20
6/3/2024,P057,10,12,3,25
6/3/2024,P058,9,8,21,38
6/3/2024,P059,11,9,11,31
6/3/2024,P060,3,20,12,35
6/3/2024,P061,5,11,18,34
6/3/2024,P062,22,4,5,31
6/3/2024,P063,10,4,10,24
6/3/2024,P064,2,2,18,22
6/3/2024,P065,9,6,2,17
6/3/2024,P066,16,8,12,36
6/3/2024,P067,9,19,7,35
6/3/2024,P068,15,8,12,35
6/3/2024,P069,6,3,8,17
6/3/2024,P070,6,10,3,19
6/4/2024,P001,12,8,2,22
6/4/2024,P002,2,11,17,30
6/4/2024,P003,7,8,10,25
6/4/2024,P004,6,10,2,18
6/4/2024,P005,6,4,6,16
6/4/2024,P006,12,3,8,23
6/4/2024,P007,6,3,19,28
6/4/2024,P008,19,6,18,43
6/4/2024,P009,4,11,6,21
6/4/2024,P010,15,22,5,42
6/4/2024,P011,12,18,11,41
6/4/2024,P012,14,8,3,25
6/4/2024,P013,9,3,12,24
6/4/2024,P014,6,9,16,31
6/4/2024,P015,10,12,9,31
6/4/2024,P016,12,2,12,26
6/4/2024,P017,2,16,15,33
6/4/2024,P018,5,8,10,23
6/4/2024,P019,9,6,9,24
6/4/2024,P020,9,22,8,39
6/4/2024,P021,10,5,20,35
6/4/2024,P022,6,12,9,27
6/4/2024,P023,7,20,18,45
6/4/2024,P024,20,7,2,29
6/4/2024,P025,4,3,17,24
6/4/2024,P026,11,17,14,42
6/4/2024,P027,6,7,11,24
6/4/2024,P028,14,9,8,31
6/4/2024,P029,6,15,10,31
6/4/2024,P030,7,12,2,21
6/4/2024,P031,5,12,8,25
6/4/2024,P032,7,3,18,28
6/4/2024,P033,2,15,4,21
6/4/2024,P034,2,2,10,14
6/4/2024,P035,6,17,16,39
6/4/2024,P036,7,14,2,23
6/4/2024,P037,2,12,3,17
6/4/2024,P038,5,8,10,23
6/4/2024,P039,12,15,10,37
6/4/2024,P040,8,12,5,25
6/4/2024,P041,10,3,10,23
6/4/2024,P042,20,9,11,40
6/4/2024,P043,6,7,4,17
6/4/2024,P044,9,18,13,40
6/4/2024,P045,10,12,6,28
6/4/2024,P046,10,10,2,22
6/4/2024,P047,8,3,12,23
6/4/2024,P048,22,10,19,51
6/4/2024,P049,7,12,5,24
6/4/2024,P050,4,2,10,16
6/4/2024,P051,14,9,22,45
6/4/2024,P052,4,3,8,15
6/4/2024,P053,4,5,5,14
6/4/2024,P054,11,4,4,19
6/4/2024,P055,5,6,2,13
6/4/2024,P056,5,5,9,19
6/4/2024,P057,13,13,11,37
6/4/2024,P058,6,5,22,33
6/4/2024,P059,8,5,10,23
6/4/2024,P060,6,11,6,23
6/4/2024,P061,11,7,18,36
6/4/2024,P062,17,5,5,27
6/4/2024,P063,6,11,6,23
6/4/2024,P064,5,16,4,25
6/4/2024,P065,6,2,10,18
6/4/2024,P066,13,3,6,22
6/4/2024,P067,3,10,10,23
6/4/2024,P068,2,10,13,25
6/4/2024,P069,2,5,5,12
6/4/2024,P070,11,6,18,35
6/5/2024,P001,3,9,5,17
6/5/2024,P002,7,13,17,37
6/5/2024,P003,4,9,9,22
6/5/2024,P004,15,4,7,26
6/5/2024,P005,6,2,20,28
6/5/2024,P006,18,2,15,35
6/5/2024,P007,4,17,10,31
6/5/2024,P008,5,11,13,29
6/5/2024,P009,11,10,6,27
6/5/2024,P010,18,20,5,43
6/5/2024,P011,12,12,13,37
6/5/2024,P012,5,9,11,25
6/5/2024,P013,3,15,20,38
6/5/2024,P014,12,16,7,35
6/5/2024,P015,7,11,7,25
6/5/2024,P016,3,11,5,19
6/5/2024,P017,10,15,1,26
6/5/2024,P018,19,5,11,35
6/5/2024,P019,10,2,5,17
6/5/2024,P020,22,15,7,44
6/5/2024,P021,22,20,2,44
6/5/2024,P022,14,6,2,22
6/5/2024,P023,2,10,7,19
6/5/2024,P024,20,10,9,39
6/5/2024,P025,10,10,4,24
6/5/2024,P026,9,14,22,45
6/5/2024,P027,7,4,2,13
6/5/2024,P028,8,4,5,17
6/5/2024,P029,11,20,5,36
6/5/2024,P030,19,3,20,42
6/5/2024,P031,12,4,9,25
6/5/2024,P032,12,5,20,37
6/5/2024,P033,2,18,4,24
6/5/2024,P034,11,3,7,21
6/5/2024,P035,3,7,11,21
6/5/2024,P036,20,3,9,32
6/5/2024,P037,9,4,1,14
6/5/2024,P038,4,8,21,33
6/5/2024,P039,13,10,10,33
6/5/2024,P040,9,7,5,21
6/5/2024,P041,6,5,9,20
6/5/2024,P042,17,19,22,58
6/5/2024,P043,7,10,9,26
6/5/2024,P044,2,7,9,18
6/5/2024,P045,16,6,9,31
6/5/2024,P046,6,6,6,18
6/5/2024,P047,1,12,9,22
6/5/2024,P048,18,12,3,33
6/5/2024,P049,2,17,6,25
6/5/2024,P050,3,5,11,19
6/5/2024,P051,22,21,18,61
6/5/2024,P052,15,9,9,33
6/5/2024,P053,2,2,4,8
6/5/2024,P054,8,19,9,36
6/5/2024,P055,3,2,18,23
6/5/2024,P056,12,8,5,25
6/5/2024,P057,20,11,10,41
6/5/2024,P058,8,4,3,15
6/5/2024,P059,4,3,6,13
6/5/2024,P060,5,8,9,22
6/5/2024,P061,9,2,13,24
6/5/2024,P062,21,17,10,48
6/5/2024,P063,5,5,4,14
6/5/2024,P064,9,11,16,36
6/5/2024,P065,7,9,9,25
6/5/2024,P066,8,1,12,21
6/5/2024,P067,22,21,22,65
6/5/2024,P068,7,10,11,28
6/5/2024,P069,5,5,4,14
6/5/2024,P070,8,9,10,27
6/6/2024,P001,19,6,3,28
6/6/2024,P002,5,12,11,28
6/6/2024,P003,11,3,12,26
6/6/2024,P004,10,7,6,23
6/6/2024,P005,6,6,18,30
6/6/2024,P006,8,11,5,24
6/6/2024,P007,9,6,5,20
6/6/2024,P008,7,20,18,45
6/6/2024,P009,10,11,6,27
6/6/2024,P010,6,2,2,10
6/6/2024,P011,9,19,15,43
6/6/2024,P012,4,10,12,26
6/6/2024,P013,10,19,3,32
6/6/2024,P014,18,5,10,33
6/6/2024,P015,6,11,6,23
6/6/2024,P016,10,4,10,24
6/6/2024,P017,10,18,17,45
6/6/2024,P018,13,14,11,38
6/6/2024,P019,2,10,20,32
6/6/2024,P020,14,19,7,40
6/6/2024,P021,9,1,12,22
6/6/2024,P022,18,9,10,37
6/6/2024,P023,5,10,12,27
6/6/2024,P024,14,5,10,29
6/6/2024,P025,3,10,9,22
6/6/2024,P026,18,2,12,32
6/6/2024,P027,10,11,15,36
6/6/2024,P028,18,2,12,32
6/6/2024,P029,12,3,6,21
6/6/2024,P030,14,10,2,26
6/6/2024,P031,7,16,5,28
6/6/2024,P032,9,21,8,38
6/6/2024,P033,9,5,8,22
6/6/2024,P034,10,7,11,28
6/6/2024,P035,6,10,16,32
6/6/2024,P036,16,14,6,36
6/6/2024,P037,11,5,12,28
6/6/2024,P038,11,5,13,29
6/6/2024,P039,3,4,11,18
6/6/2024,P040,5,8,8,21
6/6/2024,P041,20,9,11,40
6/6/2024,P042,16,13,22,51
6/6/2024,P043,11,11,4,26
6/6/2024,P044,5,5,19,29
6/6/2024,P045,18,17,10,45
6/6/2024,P046,10,4,7,21
6/6/2024,P047,19,3,3,25
6/6/2024,P048,17,2,6,25
6/6/2024,P049,19,17,7,43
6/6/2024,P050,2,12,6,20
6/6/2024,P051,16,11,7,34
6/6/2024,P052,12,11,7,30
6/6/2024,P053,4,5,6,15
6/6/2024,P054,5,8,4,17
6/6/2024,P055,6,3,5,14
6/6/2024,P056,10,2,5,17
6/6/2024,P057,7,11,22,40
6/6/2024,P058,10,2,7,19
6/6/2024,P059,2,11,6,19
6/6/2024,P060,10,20,5,35
6/6/2024,P061,8,3,18,29
6/6/2024,P062,16,18,11,45
6/6/2024,P063,4,5,7,16
6/6/2024,P064,7,16,10,33
6/6/2024,P065,7,6,4,17
6/6/2024,P066,11,12,9,32
6/6/2024,P067,20,13,15,48
6/6/2024,P068,11,11,11,33
6/6/2024,P069,10,8,2,20
6/6/2024,P070,4,10,8,22
6/7/2024,P001,8,8,7,23
6/7/2024,P002,8,9,15,32
6/7/2024,P003,3,7,12,22
6/7/2024,P004,20,6,4,30
6/7/2024,P005,11,6,10,27
6/7/2024,P006,3,8,12,23
6/7/2024,P007,8,10,11,29
6/7/2024,P008,10,9,16,35
6/7/2024,P009,11,11,11,33
6/7/2024,P010,8,8,5,21
6/7/2024,P011,8,4,10,22
6/7/2024,P012,7,11,12,30
6/7/2024,P013,12,10,1,23
6/7/2024,P014,3,6,9,18
6/7/2024,P015,3,7,9,19
6/7/2024,P016,4,18,9,31
6/7/2024,P017,4,3,20,27
6/7/2024,P018,20,11,12,43
6/7/2024,P019,4,10,3,17
6/7/2024,P020,9,15,11,35
6/7/2024,P021,5,15,2,22
6/7/2024,P022,8,5,4,17
6/7/2024,P023,4,12,13,29
6/7/2024,P024,12,6,11,29
6/7/2024,P025,5,12,10,27
6/7/2024,P026,18,12,21,51
6/7/2024,P027,11,8,11,30
6/7/2024,P028,19,9,4,32
6/7/2024,P029,12,20,6,38
6/7/2024,P030,17,11,21,49
6/7/2024,P031,12,4,9,25
6/7/2024,P032,5,4,15,24
6/7/2024,P033,11,2,3,16
6/7/2024,P034,6,6,10,22
6/7/2024,P035,9,8,15,32
6/7/2024,P036,11,19,4,34
6/7/2024,P037,8,8,11,27
6/7/2024,P038,10,3,3,16
6/7/2024,P039,9,1,19,29
6/7/2024,P040,9,5,10,24
6/7/2024,P041,18,4,11,33
6/7/2024,P042,20,9,14,43
6/7/2024,P043,11,11,5,27
6/7/2024,P044,11,21,15,47
6/7/2024,P045,18,11,2,31
6/7/2024,P046,12,11,22,45
6/7/2024,P047,10,9,10,29
6/7/2024,P048,6,21,16,43
6/7/2024,P049,3,4,7,14
6/7/2024,P050,8,2,5,15
6/7/2024,P051,10,17,7,34
6/7/2024,P052,9,20,9,38
6/7/2024,P053,10,9,12,31
6/7/2024,P054,4,16,5,25
6/7/2024,P055,11,3,3,17
6/7/2024,P056,11,8,2,21
6/7/2024,P057,17,9,18,44
6/7/2024,P058,3,12,8,23
6/7/2024,P059,6,4,6,16
6/7/2024,P060,14,6,5,25
6/7/2024,P061,4,9,16,29
6/7/2024,P062,18,8,6,32
6/7/2024,P063,5,22,7,34
6/7/2024,P064,2,15,6,23
6/7/2024,P065,7,4,12,23
6/7/2024,P066,12,11,4,27
6/7/2024,P067,2,3,3,8
6/7/2024,P068,18,19,9,46
6/7/2024,P069,9,9,12,30
6/7/2024,P070,12,10,2,24
6/8/2024,P001,18,8,2,28
6/8/2024,P002,2,12,20,34
6/8/2024,P003,4,6,3,13
6/8/2024,P004,2,3,8,13
6/8/2024,P005,8,2,9,19
6/8/2024,P006,7,9,20,36
6/8/2024,P007,10,1,15,26
6/8/2024,P008,2,15,5,22
6/8/2024,P009,11,12,8,31
6/8/2024,P010,14,3,9,26
6/8/2024,P011,4,9,9,22
6/8/2024,P012,12,7,6,25
6/8/2024,P013,6,18,11,35
6/8/2024,P014,9,12,12,33
6/8/2024,P015,6,10,8,24
6/8/2024,P016,2,3,6,11
6/8/2024,P017,4,10,1,15
6/8/2024,P018,14,12,7,33
6/8/2024,P019,9,2,4,15
6/8/2024,P020,6,9,8,23
6/8/2024,P021,9,3,20,32
6/8/2024,P022,20,5,7,32
6/8/2024,P023,10,4,5,19
6/8/2024,P024,13,6,12,31
6/8/2024,P025,9,5,7,21
6/8/2024,P026,17,13,2,32
6/8/2024,P027,11,5,7,23
6/8/2024,P028,14,5,5,24
6/8/2024,P029,8,11,2,21
6/8/2024,P030,11,7,11,29
6/8/2024,P031,5,5,9,19
6/8/2024,P032,3,11,5,19
6/8/2024,P033,8,16,7,31
6/8/2024,P034,6,2,8,16
6/8/2024,P035,8,3,4,15
6/8/2024,P036,9,10,9,28
6/8/2024,P037,4,10,9,23
6/8/2024,P038,11,5,5,21
6/8/2024,P039,8,16,19,43
6/8/2024,P040,9,6,3,18
6/8/2024,P041,10,9,12,31
6/8/2024,P042,19,9,15,43
6/8/2024,P043,9,10,3,22
6/8/2024,P044,11,7,9,27
6/8/2024,P045,6,3,10,19
6/8/2024,P046,6,9,13,28
6/8/2024,P047,5,5,12,22
6/8/2024,P048,19,1,13,33
6/8/2024,P049,18,18,9,45
6/8/2024,P050,3,6,7,16
6/8/2024,P051,7,2,12,21
6/8/2024,P052,9,20,9,38
6/8/2024,P053,18,3,2,23
6/8/2024,P054,2,12,3,17
6/8/2024,P055,12,8,7,27
6/8/2024,P056,5,7,5,17
6/8/2024,P057,10,16,17,43
6/8/2024,P058,10,11,6,27
6/8/2024,P059,6,10,6,22
6/8/2024,P060,4,16,2,22
6/8/2024,P061,7,3,5,15
6/8/2024,P062,20,11,5,36
6/8/2024,P063,5,18,12,35
6/8/2024,P064,14,4,19,37
6/8/2024,P065,7,9,8,24
6/8/2024,P066,4,9,10,23
6/8/2024,P067,15,5,15,35
6/8/2024,P068,9,19,16,44
6/8/2024,P069,12,9,11,32
6/8/2024,P070,10,6,11,27
6/9/2024,P001,16,8,8,32
6/9/2024,P002,4,9,3,16
6/9/2024,P003,11,5,10,26
6/9/2024,P004,11,6,4,21
6/9/2024,P005,4,11,3,18
6/9/2024,P006,20,5,5,30
6/9/2024,P007,4,12,8,24
6/9/2024,P008,17,10,11,38
6/9/2024,P009,12,7,4,23
6/9/2024,P010,7,5,3,15
6/9/2024,P011,5,19,11,35
6/9/2024,P012,18,10,11,39
6/9/2024,P013,9,7,6,22
6/9/2024,P014,12,6,17,35
6/9/2024,P015,2,6,5,13
6/9/2024,P016,3,12,2,17
6/9/2024,P017,2,12,19,33
6/9/2024,P018,11,17,8,36
6/9/2024,P019,11,5,15,31
6/9/2024,P020,12,21,2,35
6/9/2024,P021,9,9,14,32
6/9/2024,P022,17,2,6,25
6/9/2024,P023,5,19,10,34
6/9/2024,P024,13,2,4,19
6/9/2024,P025,7,8,11,26
6/9/2024,P026,15,11,18,44
6/9/2024,P027,3,4,9,16
6/9/2024,P028,10,3,9,22
6/9/2024,P029,6,8,3,17
6/9/2024,P030,16,2,18,36
6/9/2024,P031,12,17,5,34
6/9/2024,P032,6,5,12,23
6/9/2024,P033,4,11,4,19
6/9/2024,P034,6,9,4,19
6/9/2024,P035,9,1,12,22
6/9/2024,P036,15,21,5,41
6/9/2024,P037,2,10,15,27
6/9/2024,P038,11,5,2,18
6/9/2024,P039,9,11,2,22
6/9/2024,P040,5,5,5,15
6/9/2024,P041,9,8,5,22
6/9/2024,P042,14,10,5,29
6/9/2024,P043,2,2,2,6
6/9/2024,P044,2,6,2,10
6/9/2024,P045,2,2,2,6
6/9/2024,P046,2,7,5,14
6/9/2024,P047,11,20,6,37
6/9/2024,P048,1,19,14,34
6/9/2024,P049,2,11,10,23
6/9/2024,P050,10,11,10,31
6/9/2024,P051,17,17,9,43
6/9/2024,P052,21,15,20,56
6/9/2024,P053,12,12,11,35
6/9/2024,P054,12,11,2,25
6/9/2024,P055,12,12,8,32
6/9/2024,P056,3,7,9,19
6/9/2024,P057,8,5,6,19
6/9/2024,P058,7,11,5,23
6/9/2024,P059,2,6,11,19
6/9/2024,P060,3,7,5,15
6/9/2024,P061,12,2,11,25
6/9/2024,P062,4,3,7,14
6/9/2024,P063,11,7,6,24
6/9/2024,P064,7,12,2,21
6/9/2024,P065,2,5,2,9
6/9/2024,P066,6,15,12,33
6/9/2024,P067,22,2,19,43
6/9/2024,P068,17,2,5,24
6/9/2024,P069,12,4,11,27
6/9/2024,P070,4,11,4,19
6/10/2024,P001,3,12,10,25
6/10/2024,P002,4,3,20,27
6/10/2024,P003,2,5,11,18
6/10/2024,P004,13,9,9,31
6/10/2024,P005,12,10,22,44
6/10/2024,P006,9,9,9,27
6/10/2024,P007,4,3,13,20
6/10/2024,P008,17,4,4,25
6/10/2024,P009,7,8,12,27
6/10/2024,P010,20,9,12,41
6/10/2024,P011,12,13,13,38
6/10/2024,P012,22,11,11,44
6/10/2024,P013,5,5,4,14
6/10/2024,P014,17,17,12,46
6/10/2024,P015,10,4,7,21
6/10/2024,P016,12,3,11,26
6/10/2024,P017,5,2,19,26
6/10/2024,P018,20,17,5,42
6/10/2024,P019,11,12,7,30
6/10/2024,P020,1,11,6,18
6/10/2024,P021,5,11,11,27
6/10/2024,P022,10,5,3,18
6/10/2024,P023,2,8,18,28
6/10/2024,P024,15,3,6,24
6/10/2024,P025,12,2,10,24
6/10/2024,P026,8,11,6,25
6/10/2024,P027,12,2,20,34
6/10/2024,P028,1,11,6,18
6/10/2024,P029,12,20,3,35
6/10/2024,P030,19,3,6,28
6/10/2024,P031,5,18,4,27
6/10/2024,P032,7,5,20,32
6/10/2024,P033,2,16,11,29
6/10/2024,P034,6,6,5,17
6/10/2024,P035,7,12,16,35
6/10/2024,P036,4,13,8,25
6/10/2024,P037,6,11,10,27
6/10/2024,P038,12,8,14,34
6/10/2024,P039,6,20,12,38
6/10/2024,P040,4,3,11,18
6/10/2024,P041,3,11,7,21
6/10/2024,P042,4,15,20,39
6/10/2024,P043,7,3,11,21
6/10/2024,P044,9,3,13,25
6/10/2024,P045,4,14,5,23
6/10/2024,P046,11,5,1,17
6/10/2024,P047,15,9,9,33
6/10/2024,P048,13,1,2,16
6/10/2024,P049,3,14,2,19
6/10/2024,P050,3,5,9,17
6/10/2024,P051,14,6,22,42
6/10/2024,P052,1,2,18,21
6/10/2024,P053,7,7,7,21
6/10/2024,P054,11,14,11,36
6/10/2024,P055,8,5,16,29
6/10/2024,P056,3,2,3,8
6/10/2024,P057,5,6,19,30
6/10/2024,P058,3,7,4,14
6/10/2024,P059,11,11,8,30
6/10/2024,P060,10,13,9,32
6/10/2024,P061,2,12,4,18
6/10/2024,P062,1,21,10,32
6/10/2024,P063,5,7,12,24
6/10/2024,P064,6,16,20,42
6/10/2024,P065,3,8,6,17
6/10/2024,P066,13,10,19,42
6/10/2024,P067,18,14,10,42
6/10/2024,P068,6,12,6,24
6/10/2024,P069,3,11,7,21
6/10/2024,P070,4,12,18,34
6/11/2024,P001,17,8,12,37
6/11/2024,P002,8,6,11,25
6/11/2024,P003,8,11,7,26
6/11/2024,P004,12,8,4,24
6/11/2024,P005,10,6,20,36
6/11/2024,P006,19,9,5,33
6/11/2024,P007,2,20,11,33
6/11/2024,P008,12,1,2,15
6/11/2024,P009,8,5,10,23
6/11/2024,P010,2,4,7,13
6/11/2024,P011,6,9,13,28
6/11/2024,P012,22,11,7,40
6/11/2024,P013,5,21,13,39
6/11/2024,P014,5,11,12,28
6/11/2024,P015,9,11,3,23
6/11/2024,P016,12,9,7,28
6/11/2024,P017,9,21,22,52
6/11/2024,P018,12,4,6,22
6/11/2024,P019,6,2,9,17
6/11/2024,P020,19,17,9,45
6/11/2024,P021,4,20,16,40
6/11/2024,P022,15,9,6,30
6/11/2024,P023,12,16,14,42
6/11/2024,P024,14,3,7,24
6/11/2024,P025,9,8,6,23
6/11/2024,P026,6,9,18,33
6/11/2024,P027,10,12,15,37
6/11/2024,P028,16,4,5,25
6/11/2024,P029,2,6,8,16
6/11/2024,P030,2,9,5,16
6/11/2024,P031,9,8,11,28
6/11/2024,P032,3,22,5,30
6/11/2024,P033,6,15,3,24
6/11/2024,P034,11,4,11,26
6/11/2024,P035,9,11,18,38
6/11/2024,P036,8,3,2,13
6/11/2024,P037,6,19,17,42
6/11/2024,P038,7,9,14,30
6/11/2024,P039,15,20,11,46
6/11/2024,P040,11,10,8,29
6/11/2024,P041,22,2,10,34
6/11/2024,P042,6,11,2,19
6/11/2024,P043,12,8,8,28
6/11/2024,P044,11,4,18,33
6/11/2024,P045,20,10,3,33
6/11/2024,P046,7,12,2,21
6/11/2024,P047,8,8,5,21
6/11/2024,P048,9,7,2,18
6/11/2024,P049,17,18,4,39
6/11/2024,P050,2,11,12,25
6/11/2024,P051,20,3,9,32
6/11/2024,P052,18,3,15,36
6/11/2024,P053,3,9,11,23
6/11/2024,P054,11,9,8,28
6/11/2024,P055,6,10,5,21
6/11/2024,P056,8,5,12,25
6/11/2024,P057,10,12,1,23
6/11/2024,P058,10,10,16,36
6/11/2024,P059,10,5,4,19
6/11/2024,P060,19,14,3,36
6/11/2024,P061,4,11,2,17
6/11/2024,P062,2,14,9,25
6/11/2024,P063,8,12,8,28
6/11/2024,P064,9,18,18,45
6/11/2024,P065,4,2,6,12
6/11/2024,P066,10,17,13,40
6/11/2024,P067,8,14,18,40
6/11/2024,P068,20,11,12,43
6/11/2024,P069,10,9,10,29
6/11/2024,P070,2,5,3,10
6/12/2024,P001,6,2,12,20
6/12/2024,P002,6,5,8,19
6/12/2024,P003,4,9,2,15
6/12/2024,P004,12,9,4,25
6/12/2024,P005,4,6,2,12
6/12/2024,P006,15,5,20,40
6/12/2024,P007,6,4,8,18
6/12/2024,P008,20,16,3,39
6/12/2024,P009,5,6,4,15
6/12/2024,P010,12,9,9,30
6/12/2024,P011,6,9,19,34
6/12/2024,P012,18,10,6,34
6/12/2024,P013,2,7,17,26
6/12/2024,P014,14,3,20,37
6/12/2024,P015,6,9,7,22
6/12/2024,P016,5,5,6,16
6/12/2024,P017,9,1,18,28
6/12/2024,P018,18,18,5,41
6/12/2024,P019,4,6,20,30
6/12/2024,P020,5,2,10,17
6/12/2024,P021,11,20,2,33
6/12/2024,P022,18,3,9,30
6/12/2024,P023,12,12,17,41
6/12/2024,P024,5,8,5,18
6/12/2024,P025,3,7,1,11
6/12/2024,P026,12,16,19,47
6/12/2024,P027,5,11,16,32
6/12/2024,P028,12,10,9,31
6/12/2024,P029,3,16,12,31
6/12/2024,P030,19,3,15,37
6/12/2024,P031,2,11,10,23
6/12/2024,P032,11,18,9,38
6/12/2024,P033,6,4,4,14
6/12/2024,P034,8,9,12,29
6/12/2024,P035,9,9,7,25
6/12/2024,P036,5,5,9,19
6/12/2024,P037,2,19,4,25
6/12/2024,P038,8,9,22,39
6/12/2024,P039,10,2,2,14
6/12/2024,P040,10,4,5,19
6/12/2024,P041,20,3,5,28
6/12/2024,P042,20,13,20,53
6/12/2024,P043,8,9,9,26
6/12/2024,P044,8,4,20,32
6/12/2024,P045,20,20,7,47
6/12/2024,P046,11,6,21,38
6/12/2024,P047,13,8,5,26
6/12/2024,P048,17,8,15,40
6/12/2024,P049,2,12,9,23
6/12/2024,P050,10,2,11,23
6/12/2024,P051,21,19,20,60
6/12/2024,P052,10,3,17,30
6/12/2024,P053,11,2,8,21
6/12/2024,P054,7,19,9,35
6/12/2024,P055,12,9,4,25
6/12/2024,P056,5,7,7,19
6/12/2024,P057,16,6,13,35
6/12/2024,P058,6,6,4,16
6/12/2024,P059,6,8,12,26
6/12/2024,P060,3,9,12,24
6/12/2024,P061,6,2,3,11
6/12/2024,P062,13,7,12,32
6/12/2024,P063,3,9,6,18
6/12/2024,P064,15,7,8,30
6/12/2024,P065,12,9,10,31
6/12/2024,P066,22,4,16,42
6/12/2024,P067,9,22,7,38
6/12/2024,P068,17,2,6,25
6/12/2024,P069,11,7,6,24
6/12/2024,P070,7,10,12,29
6/13/2024,P001,3,2,2,7
6/13/2024,P002,9,10,20,39
6/13/2024,P003,6,8,3,17
6/13/2024,P004,20,7,4,31
6/13/2024,P005,4,6,15,25
6/13/2024,P006,18,4,3,25
6/13/2024,P007,11,20,1,32
6/13/2024,P008,6,11,12,29
6/13/2024,P009,6,5,4,15
6/13/2024,P010,7,8,2,17
6/13/2024,P011,9,10,15,34
6/13/2024,P012,11,2,2,15
6/13/2024,P013,5,6,23,34
6/13/2024,P014,15,2,16,33
6/13/2024,P015,2,7,5,14
6/13/2024,P016,7,20,8,35
6/13/2024,P017,8,19,22,49
6/13/2024,P018,8,11,3,22
6/13/2024,P019,9,11,4,24
6/13/2024,P020,7,17,3,27
6/13/2024,P021,10,15,8,33
6/13/2024,P022,6,12,8,26
6/13/2024,P023,9,11,5,25
6/13/2024,P024,4,12,6,22
6/13/2024,P025,10,7,11,28
6/13/2024,P026,18,5,6,29
6/13/2024,P027,11,11,7,29
6/13/2024,P028,3,6,7,16
6/13/2024,P029,11,7,5,23
6/13/2024,P030,11,2,1,14
6/13/2024,P031,6,3,11,20
6/13/2024,P032,12,7,5,24
6/13/2024,P033,2,12,11,25
6/13/2024,P034,4,5,7,16
6/13/2024,P035,20,15,12,47
6/13/2024,P036,10,2,10,22
6/13/2024,P037,11,2,9,22
6/13/2024,P038,5,4,12,21
6/13/2024,P039,20,1,15,36
6/13/2024,P040,11,10,12,33
6/13/2024,P041,2,12,6,20
6/13/2024,P042,16,12,2,30
6/13/2024,P043,8,3,5,16
6/13/2024,P044,5,7,8,20
6/13/2024,P045,12,17,2,31
6/13/2024,P046,11,6,14,31
6/13/2024,P047,11,14,2,27
6/13/2024,P048,5,14,14,33
6/13/2024,P049,15,2,11,28
6/13/2024,P050,5,10,5,20
6/13/2024,P051,14,7,18,39
6/13/2024,P052,10,10,10,30
6/13/2024,P053,7,10,12,29
6/13/2024,P054,10,15,5,30
6/13/2024,P055,2,6,8,16
6/13/2024,P056,2,4,9,15
6/13/2024,P057,18,17,9,44
6/13/2024,P058,10,4,15,29
6/13/2024,P059,6,7,10,23
6/13/2024,P060,5,14,7,26
6/13/2024,P061,6,12,12,30
6/13/2024,P062,9,17,11,37
6/13/2024,P063,4,22,2,28
6/13/2024,P064,5,12,12,29
6/13/2024,P065,10,10,5,25
6/13/2024,P066,15,9,14,38
6/13/2024,P067,22,12,5,39
6/13/2024,P068,14,15,17,46
6/13/2024,P069,7,3,4,14
6/13/2024,P070,6,6,3,15
6/14/2024,P001,10,9,8,27
6/14/2024,P002,2,14,6,22
6/14/2024,P003,10,4,9,23
6/14/2024,P004,20,6,9,35
6/14/2024,P005,2,6,22,30
6/14/2024,P006,15,11,4,30
6/14/2024,P007,11,1,6,18
6/14/2024,P008,5,20,11,36
6/14/2024,P009,5,3,2,10
6/14/2024,P010,9,11,10,30
6/14/2024,P011,9,15,3,27
6/14/2024,P012,9,3,5,17
6/14/2024,P013,9,3,6,18
6/14/2024,P014,18,14,18,50
6/14/2024,P015,11,5,4,20
6/14/2024,P016,12,9,10,31
6/14/2024,P017,5,1,18,24
6/14/2024,P018,3,14,10,27
6/14/2024,P019,8,5,7,20
6/14/2024,P020,10,6,10,26
6/14/2024,P021,11,2,8,21
6/14/2024,P022,8,7,9,24
6/14/2024,P023,8,14,13,35
6/14/2024,P024,7,5,7,19
6/14/2024,P025,12,2,21,35
6/14/2024,P026,3,6,1,10
6/14/2024,P027,9,7,10,26
6/14/2024,P028,17,11,6,34
6/14/2024,P029,2,13,10,25
6/14/2024,P030,15,12,17,44
6/14/2024,P031,9,21,11,41
6/14/2024,P032,12,7,20,39
6/14/2024,P033,11,16,2,29
6/14/2024,P034,12,8,7,27
6/14/2024,P035,18,10,13,41
6/14/2024,P036,11,14,11,36
6/14/2024,P037,10,12,10,32
6/14/2024,P038,6,11,21,38
6/14/2024,P039,2,11,11,24
6/14/2024,P040,11,3,4,18
6/14/2024,P041,15,5,6,26
6/14/2024,P042,11,9,21,41
6/14/2024,P043,10,7,9,26
6/14/2024,P044,4,12,15,31
6/14/2024,P045,2,19,8,29
6/14/2024,P046,6,3,1,10
6/14/2024,P047,8,7,5,20
6/14/2024,P048,1,11,7,19
6/14/2024,P049,17,18,11,46
6/14/2024,P050,7,9,7,23
6/14/2024,P051,20,6,15,41
6/14/2024,P052,21,20,6,47
6/14/2024,P053,7,4,4,15
6/14/2024,P054,6,9,9,24
6/14/2024,P055,3,2,17,22
6/14/2024,P056,11,3,2,16
6/14/2024,P057,18,11,17,46
6/14/2024,P058,12,11,17,40
6/14/2024,P059,6,2,4,12
6/14/2024,P060,19,20,9,48
6/14/2024,P061,4,7,11,22
6/14/2024,P062,18,8,5,31
6/14/2024,P063,8,9,7,24
6/14/2024,P064,6,13,5,24
6/14/2024,P065,9,11,4,24
6/14/2024,P066,7,10,7,24
6/14/2024,P067,1,21,21,43
6/14/2024,P068,2,11,11,24
6/14/2024,P069,2,4,11,17
6/14/2024,P070,4,5,9,18
6/15/2024,P001,18,11,7,36
6/15/2024,P002,12,4,16,32
6/15/2024,P003,7,7,3,17
6/15/2024,P004,7,2,4,13
6/15/2024,P005,7,11,18,36
6/15/2024,P006,8,10,15,33
6/15/2024,P007,3,6,6,15
6/15/2024,P008,18,20,9,47
6/15/2024,P009,3,10,7,20
6/15/2024,P010,4,2,4,10
6/15/2024,P011,9,11,17,37
6/15/2024,P012,10,8,10,28
6/15/2024,P013,3,4,7,14
6/15/2024,P014,3,10,19,32
6/15/2024,P015,8,12,4,24
6/15/2024,P016,12,8,8,28
6/15/2024,P017,2,7,14,23
6/15/2024,P018,7,18,4,29
6/15/2024,P019,10,11,19,40
6/15/2024,P020,2,3,7,12
6/15/2024,P021,11,3,2,16
6/15/2024,P022,14,9,7,30
6/15/2024,P023,4,9,7,20
6/15/2024,P024,12,10,8,30
6/15/2024,P025,6,5,7,18
6/15/2024,P026,9,12,16,37
6/15/2024,P027,3,10,9,22
6/15/2024,P028,6,5,9,20
6/15/2024,P029,8,14,9,31
6/15/2024,P030,8,11,20,39
6/15/2024,P031,3,14,12,29
6/15/2024,P032,6,12,3,21
6/15/2024,P033,10,18,8,36
6/15/2024,P034,10,2,10,22
6/15/2024,P035,15,17,5,37
6/15/2024,P036,16,14,12,42
6/15/2024,P037,6,11,7,24
6/15/2024,P038,5,9,2,16
6/15/2024,P039,11,9,7,27
6/15/2024,P040,12,5,5,22
6/15/2024,P041,22,4,2,28
6/15/2024,P042,12,12,11,35
6/15/2024,P043,8,6,9,23
6/15/2024,P044,12,14,5,31
6/15/2024,P045,15,3,10,28
6/15/2024,P046,10,6,20,36
6/15/2024,P047,1,22,9,32
6/15/2024,P048,13,20,7,40
6/15/2024,P049,4,5,6,15
6/15/2024,P050,10,12,4,26
6/15/2024,P051,19,2,17,38
6/15/2024,P052,6,3,20,29
6/15/2024,P053,11,7,2,20
6/15/2024,P054,4,2,9,15
6/15/2024,P055,11,11,14,36
6/15/2024,P056,12,7,10,29
6/15/2024,P057,6,3,5,14
6/15/2024,P058,6,9,17,32
6/15/2024,P059,6,10,4,20
6/15/2024,P060,14,14,2,30
6/15/2024,P061,9,12,9,30
6/15/2024,P062,10,6,7,23
6/15/2024,P063,10,20,3,33
6/15/2024,P064,18,5,5,28
6/15/2024,P065,2,12,3,17
6/15/2024,P066,12,7,21,40
6/15/2024,P067,7,2,7,16
6/15/2024,P068,12,7,3,22
6/15/2024,P069,3,8,9,20
6/15/2024,P070,8,4,5,17
6/16/2024,P001,14,12,7,33
6/16/2024,P002,11,3,7,21
6/16/2024,P003,6,12,2,20
6/16/2024,P004,14,9,5,28
6/16/2024,P005,6,8,8,22
6/16/2024,P006,18,11,7,36
6/16/2024,P007,2,21,13,36
6/16/2024,P008,2,2,10,14
6/16/2024,P009,10,4,6,20
6/16/2024,P010,4,3,7,14
6/16/2024,P011,12,13,17,42
6/16/2024,P012,7,9,9,25
6/16/2024,P013,12,4,1,17
6/16/2024,P014,6,20,13,39
6/16/2024,P015,10,6,3,19
6/16/2024,P016,2,8,9,19
6/16/2024,P017,12,8,11,31
6/16/2024,P018,20,12,10,42
6/16/2024,P019,4,2,10,16
6/16/2024,P020,17,19,4,40
6/16/2024,P021,12,3,5,20
6/16/2024,P022,7,2,9,18
6/16/2024,P023,5,19,9,33
6/16/2024,P024,18,9,2,29
6/16/2024,P025,9,7,7,23
6/16/2024,P026,12,6,13,31
6/16/2024,P027,12,6,12,30
6/16/2024,P028,10,8,8,26
6/16/2024,P029,10,9,6,25
6/16/2024,P030,3,2,1,6
6/16/2024,P031,5,7,7,19
6/16/2024,P032,11,9,4,24
6/16/2024,P033,6,7,4,17
6/16/2024,P034,4,9,12,25
6/16/2024,P035,17,4,10,31
6/16/2024,P036,18,22,4,44
6/16/2024,P037,6,2,11,19
6/16/2024,P038,3,7,18,28
6/16/2024,P039,13,17,9,39
6/16/2024,P040,7,9,9,25
6/16/2024,P041,18,6,3,27
6/16/2024,P042,3,9,18,30
6/16/2024,P043,3,5,5,13
6/16/2024,P044,5,22,12,39
6/16/2024,P045,18,4,12,34
6/16/2024,P046,11,8,15,34
6/16/2024,P047,6,5,3,14
6/16/2024,P048,17,1,14,32
6/16/2024,P049,18,3,4,25
6/16/2024,P050,6,6,10,22
6/16/2024,P051,12,5,10,27
6/16/2024,P052,22,20,18,60
6/16/2024,P053,15,6,10,31
6/16/2024,P054,11,13,5,29
6/16/2024,P055,2,7,4,13
6/16/2024,P056,9,12,4,25
6/16/2024,P057,2,2,1,5
6/16/2024,P058,2,7,17,26
6/16/2024,P059,11,6,2,19
6/16/2024,P060,2,12,10,24
6/16/2024,P061,11,10,10,31
6/16/2024,P062,20,2,4,26
6/16/2024,P063,6,18,7,31
6/16/2024,P064,4,10,13,27
6/16/2024,P065,10,4,2,16
6/16/2024,P066,6,11,12,29
6/16/2024,P067,10,18,6,34
6/16/2024,P068,13,9,2,24
6/16/2024,P069,9,12,7,28
6/16/2024,P070,4,5,20,29
6/17/2024,P001,2,4,11,17
6/17/2024,P002,9,10,13,32
6/17/2024,P003,3,2,12,17
6/17/2024,P004,21,3,3,27
6/17/2024,P005,4,4,9,17
6/17/2024,P006,20,11,9,40
6/17/2024,P007,4,7,19,30
6/17/2024,P008,2,1,9,12
6/17/2024,P009,4,10,4,18
6/17/2024,P010,6,12,6,24
6/17/2024,P011,6,12,11,29
6/17/2024,P012,6,3,12,21
6/17/2024,P013,7,7,3,17
6/17/2024,P014,17,17,9,43
6/17/2024,P015,11,6,3,20
6/17/2024,P016,7,14,6,27
6/17/2024,P017,3,14,4,21
6/17/2024,P018,9,2,3,14
6/17/2024,P019,4,10,17,31
6/17/2024,P020,17,7,10,34
6/17/2024,P021,7,10,18,35
6/17/2024,P022,20,10,9,39
6/17/2024,P023,12,15,15,42
6/17/2024,P024,22,6,7,35
6/17/2024,P025,5,4,16,25
6/17/2024,P026,17,17,18,52
6/17/2024,P027,9,4,17,30
6/17/2024,P028,1,7,5,13
6/17/2024,P029,9,14,2,25
6/17/2024,P030,20,12,19,51
6/17/2024,P031,7,17,8,32
6/17/2024,P032,11,22,15,48
6/17/2024,P033,6,12,6,24
6/17/2024,P034,4,10,3,17
6/17/2024,P035,10,9,18,37
6/17/2024,P036,15,12,6,33
6/17/2024,P037,6,15,10,31
6/17/2024,P038,10,3,6,19
6/17/2024,P039,12,17,20,49
6/17/2024,P040,8,7,6,21
6/17/2024,P041,8,12,3,23
6/17/2024,P042,17,3,6,26
6/17/2024,P043,12,5,4,21
6/17/2024,P044,3,16,20,39
6/17/2024,P045,3,19,12,34
6/17/2024,P046,10,2,7,19
6/17/2024,P047,6,20,12,38
6/17/2024,P048,12,17,15,44
6/17/2024,P049,11,7,9,27
6/17/2024,P050,4,6,8,18
6/17/2024,P051,10,8,6,24
6/17/2024,P052,12,13,10,35
6/17/2024,P053,9,3,6,18
6/17/2024,P054,9,18,4,31
6/17/2024,P055,8,6,2,16
6/17/2024,P056,6,11,7,24
6/17/2024,P057,4,14,13,31
6/17/2024,P058,11,5,1,17
6/17/2024,P059,8,9,7,24
6/17/2024,P060,7,4,4,15
6/17/2024,P061,6,12,9,27
6/17/2024,P062,18,9,10,37
6/17/2024,P063,4,15,9,28
6/17/2024,P064,16,18,17,51
6/17/2024,P065,9,6,4,19
6/17/2024,P066,12,10,20,42
6/17/2024,P067,22,6,3,31
6/17/2024,P068,11,20,14,45
6/17/2024,P069,3,3,5,11
6/17/2024,P070,9,5,9,23
6/18/2024,P001,13,6,8,27
6/18/2024,P002,4,19,14,37
6/18/2024,P003,6,4,11,21
6/18/2024,P004,3,11,2,16
6/18/2024,P005,8,12,22,42
6/18/2024,P006,16,12,20,48
6/18/2024,P007,2,18,7,27
6/18/2024,P008,6,11,5,22
6/18/2024,P009,10,3,8,21
6/18/2024,P010,16,5,3,24
6/18/2024,P011,11,9,15,35
6/18/2024,P012,20,7,12,39
6/18/2024,P013,9,12,12,33
6/18/2024,P014,8,19,13,40
6/18/2024,P015,7,3,6,16
6/18/2024,P016,2,7,8,17
6/18/2024,P017,7,11,12,30
6/18/2024,P018,19,18,5,42
6/18/2024,P019,2,9,17,28
6/18/2024,P020,12,6,3,21
6/18/2024,P021,8,20,15,43
6/18/2024,P022,2,4,20,26
6/18/2024,P023,6,9,2,17
6/18/2024,P024,22,2,6,30
6/18/2024,P025,5,3,6,14
6/18/2024,P026,5,11,3,19
6/18/2024,P027,9,11,12,32
6/18/2024,P028,12,2,7,21
6/18/2024,P029,11,20,11,42
6/18/2024,P030,7,7,19,33
6/18/2024,P031,9,8,5,22
6/18/2024,P032,7,9,7,23
6/18/2024,P033,6,13,10,29
6/18/2024,P034,2,11,12,25
6/18/2024,P035,6,10,14,30
6/18/2024,P036,17,21,7,45
6/18/2024,P037,6,11,6,23
6/18/2024,P038,4,4,18,26
6/18/2024,P039,12,15,15,42
6/18/2024,P040,5,12,5,22
6/18/2024,P041,9,2,8,19
6/18/2024,P042,10,6,5,21
6/18/2024,P043,3,11,11,25
6/18/2024,P044,6,16,5,27
6/18/2024,P045,7,14,2,23
6/18/2024,P046,6,8,16,30
6/18/2024,P047,13,7,7,27
6/18/2024,P048,3,18,4,25
6/18/2024,P049,9,8,8,25
6/18/2024,P050,9,8,10,27
6/18/2024,P051,17,1,20,38
6/18/2024,P052,4,6,9,19
6/18/2024,P053,8,6,2,16
6/18/2024,P054,7,20,11,38
6/18/2024,P055,10,8,4,22
6/18/2024,P056,12,12,6,30
6/18/2024,P057,20,10,17,47
6/18/2024,P058,7,12,15,34
6/18/2024,P059,4,10,6,20
6/18/2024,P060,12,9,7,28
6/18/2024,P061,9,3,5,17
6/18/2024,P062,13,5,8,26
6/18/2024,P063,7,17,10,34
6/18/2024,P064,10,14,18,42
6/18/2024,P065,4,7,11,22
6/18/2024,P066,9,6,17,32
6/18/2024,P067,15,18,4,37
6/18/2024,P068,11,15,10,36
6/18/2024,P069,2,4,12,18
6/18/2024,P070,4,11,8,23
6/19/2024,P001,12,10,2,24
6/19/2024,P002,8,3,9,20
6/19/2024,P003,9,6,2,17
6/19/2024,P004,9,7,11,27
6/19/2024,P005,4,10,1,15
6/19/2024,P006,20,7,4,31
6/19/2024,P007,6,14,19,39
6/19/2024,P008,6,9,17,32
6/19/2024,P009,3,5,4,12
6/19/2024,P010,14,4,6,24
6/19/2024,P011,5,12,20,37
6/19/2024,P012,11,6,3,20
6/19/2024,P013,2,14,4,20
6/19/2024,P014,7,3,17,27
6/19/2024,P015,8,6,6,20
6/19/2024,P016,10,22,8,40
6/19/2024,P017,3,20,20,43
6/19/2024,P018,15,5,9,29
6/19/2024,P019,6,12,18,36
6/19/2024,P020,20,2,2,24
6/19/2024,P021,5,3,1,9
6/19/2024,P022,12,7,18,37
6/19/2024,P023,6,2,7,15
6/19/2024,P024,18,11,4,33
6/19/2024,P025,2,7,22,31
6/19/2024,P026,14,3,9,26
6/19/2024,P027,6,9,12,27
6/19/2024,P028,3,10,3,16
6/19/2024,P029,11,14,7,32
6/19/2024,P030,3,12,22,37
6/19/2024,P031,6,6,6,18
6/19/2024,P032,6,20,9,35
6/19/2024,P033,6,5,7,18
6/19/2024,P034,7,12,11,30
6/19/2024,P035,20,7,17,44
6/19/2024,P036,7,2,5,14
6/19/2024,P037,11,7,1,19
6/19/2024,P038,10,8,19,37
6/19/2024,P039,20,5,16,41
6/19/2024,P040,6,9,9,24
6/19/2024,P041,22,11,12,45
6/19/2024,P042,8,5,15,28
6/19/2024,P043,11,9,10,30
6/19/2024,P044,11,9,9,29
6/19/2024,P045,19,9,8,36
6/19/2024,P046,12,11,20,43
6/19/2024,P047,19,21,9,49
6/19/2024,P048,11,10,10,31
6/19/2024,P049,6,16,10,32
6/19/2024,P050,12,9,10,31
6/19/2024,P051,10,10,18,38
6/19/2024,P052,18,21,3,42
6/19/2024,P053,5,9,9,23
6/19/2024,P054,5,8,10,23
6/19/2024,P055,9,10,10,29
6/19/2024,P056,5,7,3,15
6/19/2024,P057,20,20,12,52
6/19/2024,P058,11,6,6,23
6/19/2024,P059,12,10,4,26
6/19/2024,P060,3,6,6,15
6/19/2024,P061,2,11,17,30
6/19/2024,P062,7,8,10,25
6/19/2024,P063,7,10,6,23
6/19/2024,P064,6,17,18,41
6/19/2024,P065,12,5,11,28
6/19/2024,P066,4,1,15,20
6/19/2024,P067,3,19,4,26
6/19/2024,P068,9,16,20,45
6/19/2024,P069,12,12,6,30
6/19/2024,P070,4,5,8,17
6/20/2024,P001,4,10,6,20
6/20/2024,P002,8,5,14,27
6/20/2024,P003,12,6,12,30
6/20/2024,P004,4,2,8,14
6/20/2024,P005,9,4,7,20
6/20/2024,P006,5,8,7,20
6/20/2024,P007,6,16,6,28
6/20/2024,P008,9,17,5,31
6/20/2024,P009,5,9,9,23
6/20/2024,P010,6,6,9,21
6/20/2024,P011,3,9,3,15
6/20/2024,P012,20,5,10,35
6/20/2024,P013,10,22,16,48
6/20/2024,P014,17,4,12,33
6/20/2024,P015,8,8,2,18
6/20/2024,P016,5,5,8,18
6/20/2024,P017,11,1,9,21
6/20/2024,P018,18,3,7,28
6/20/2024,P019,11,6,3,20
6/20/2024,P020,6,5,5,16
6/20/2024,P021,6,20,21,47
6/20/2024,P022,7,6,15,28
6/20/2024,P023,9,13,11,33
6/20/2024,P024,11,7,5,23
6/20/2024,P025,5,12,4,21
6/20/2024,P026,15,2,17,34
6/20/2024,P027,3,7,20,30
6/20/2024,P028,20,6,7,33
6/20/2024,P029,11,12,6,29
6/20/2024,P030,20,10,18,48
6/20/2024,P031,12,2,5,19
6/20/2024,P032,2,18,20,40
6/20/2024,P033,11,10,6,27
6/20/2024,P034,6,4,2,12
6/20/2024,P035,18,11,5,34
6/20/2024,P036,6,18,6,30
6/20/2024,P037,8,9,11,28
6/20/2024,P038,3,12,6,21
6/20/2024,P039,20,1,7,28
6/20/2024,P040,5,3,7,15
6/20/2024,P041,1,7,5,13
6/20/2024,P042,9,10,1,20
6/20/2024,P043,8,8,11,27
6/20/2024,P044,12,1,5,18
6/20/2024,P045,14,14,7,35
6/20/2024,P046,2,8,2,12
6/20/2024,P047,7,21,2,30
6/20/2024,P048,10,5,16,31
6/20/2024,P049,16,5,4,25
6/20/2024,P050,3,8,10,21
6/20/2024,P051,18,11,10,39
6/20/2024,P052,22,22,22,66
6/20/2024,P053,7,8,3,18
6/20/2024,P054,12,15,5,32
6/20/2024,P055,11,8,18,37
6/20/2024,P056,4,8,6,18
6/20/2024,P057,12,17,3,32
6/20/2024,P058,11,6,20,37
6/20/2024,P059,10,6,8,24
6/20/2024,P060,10,17,3,30
6/20/2024,P061,10,4,5,19
6/20/2024,P062,14,2,10,26
6/20/2024,P063,12,6,5,23
6/20/2024,P064,19,5,2,26
6/20/2024,P065,8,6,6,20
6/20/2024,P066,10,11,21,42
6/20/2024,P067,15,6,7,28
6/20/2024,P068,16,7,17,40
6/20/2024,P069,11,10,6,27
6/20/2024,P070,4,8,14,26
6/21/2024,P001,5,3,9,17
6/21/2024,P002,5,19,20,44
6/21/2024,P003,5,4,7,16
6/21/2024,P004,3,2,9,14
6/21/2024,P005,4,4,6,14
6/21/2024,P006,20,5,19,44
6/21/2024,P007,6,13,21,40
6/21/2024,P008,20,17,2,39
6/21/2024,P009,9,7,4,20
6/21/2024,P010,6,12,8,26
6/21/2024,P011,10,3,20,33
6/21/2024,P012,5,5,11,21
6/21/2024,P013,4,16,4,24
6/21/2024,P014,9,19,3,31
6/21/2024,P015,5,2,7,14
6/21/2024,P016,6,20,12,38
6/21/2024,P017,3,17,8,28
6/21/2024,P018,15,7,12,34
6/21/2024,P019,11,6,17,34
6/21/2024,P020,5,8,9,22
6/21/2024,P021,5,13,15,33
6/21/2024,P022,9,3,17,29
6/21/2024,P023,9,18,18,45
6/21/2024,P024,9,6,5,20
6/21/2024,P025,9,11,16,36
6/21/2024,P026,18,14,10,42
6/21/2024,P027,10,5,16,31
6/21/2024,P028,4,9,5,18
6/21/2024,P029,8,4,8,20
6/21/2024,P030,8,12,22,42
6/21/2024,P031,9,9,3,21
6/21/2024,P032,5,15,4,24
6/21/2024,P033,8,18,3,29
6/21/2024,P034,4,6,8,18
6/21/2024,P035,10,10,13,33
6/21/2024,P036,3,6,7,16
6/21/2024,P037,4,20,21,45
6/21/2024,P038,5,3,1,9
6/21/2024,P039,7,20,10,37
6/21/2024,P040,3,10,6,19
6/21/2024,P041,7,11,10,28
6/21/2024,P042,5,14,17,36
6/21/2024,P043,9,4,11,24
6/21/2024,P044,12,12,20,44
6/21/2024,P045,17,2,7,26
6/21/2024,P046,2,6,12,20
6/21/2024,P047,19,4,10,33
6/21/2024,P048,18,12,2,32
6/21/2024,P049,15,4,4,23
6/21/2024,P050,4,2,12,18
6/21/2024,P051,15,4,9,28
6/21/2024,P052,20,4,20,44
6/21/2024,P053,20,9,11,40
6/21/2024,P054,6,5,2,13
6/21/2024,P055,11,9,12,32
6/21/2024,P056,4,12,9,25
6/21/2024,P057,2,19,11,32
6/21/2024,P058,6,3,19,28
6/21/2024,P059,4,11,4,19
6/21/2024,P060,18,14,6,38
6/21/2024,P061,6,8,2,16
6/21/2024,P062,22,10,10,42
6/21/2024,P063,6,20,4,30
6/21/2024,P064,2,13,6,21
6/21/2024,P065,2,7,6,15
6/21/2024,P066,12,21,2,35
6/21/2024,P067,19,1,12,32
6/21/2024,P068,5,10,19,34
6/21/2024,P069,2,2,3,7
6/21/2024,P070,9,3,7,19
6/22/2024,P001,8,5,10,23
6/22/2024,P002,3,14,14,31
6/22/2024,P003,11,9,12,32
6/22/2024,P004,17,9,5,31
6/22/2024,P005,4,2,9,15
6/22/2024,P006,14,6,10,30
6/22/2024,P007,7,7,19,33
6/22/2024,P008,1,15,18,34
6/22/2024,P009,7,12,4,23
6/22/2024,P010,14,2,9,25
6/22/2024,P011,10,6,11,27
6/22/2024,P012,18,11,7,36
6/22/2024,P013,7,16,5,28
6/22/2024,P014,4,14,3,21
6/22/2024,P015,8,8,3,19
6/22/2024,P016,2,7,8,17
6/22/2024,P017,5,18,10,33
6/22/2024,P018,8,8,9,25
6/22/2024,P019,3,8,13,24
6/22/2024,P020,18,1,2,21
6/22/2024,P021,3,6,4,13
6/22/2024,P022,4,6,10,20
6/22/2024,P023,9,20,9,38
6/22/2024,P024,10,8,9,27
6/22/2024,P025,3,12,12,27
6/22/2024,P026,3,10,8,21
6/22/2024,P027,2,12,18,32
6/22/2024,P028,20,10,4,34
6/22/2024,P029,3,9,10,22
6/22/2024,P030,7,3,18,28
6/22/2024,P031,7,5,10,22
6/22/2024,P032,10,17,7,34
6/22/2024,P033,4,14,6,24
6/22/2024,P034,8,7,8,23
6/22/2024,P035,9,6,7,22
6/22/2024,P036,17,18,8,43
6/22/2024,P037,12,15,7,34
6/22/2024,P038,9,4,16,29
6/22/2024,P039,14,20,9,43
6/22/2024,P040,10,12,9,31
6/22/2024,P041,11,8,9,28
6/22/2024,P042,2,4,20,26
6/22/2024,P043,11,7,12,30
6/22/2024,P044,8,3,3,14
6/22/2024,P045,11,19,11,41
6/22/2024,P046,9,12,2,23
6/22/2024,P047,6,8,4,18
6/22/2024,P048,16,8,3,27
6/22/2024,P049,15,8,2,25
6/22/2024,P050,10,10,8,28
6/22/2024,P051,5,6,3,14
6/22/2024,P052,16,20,2,38
6/22/2024,P053,16,7,7,30
6/22/2024,P054,6,12,5,23
6/22/2024,P055,11,6,7,24
6/22/2024,P056,8,12,8,28
6/22/2024,P057,15,3,10,28
6/22/2024,P058,10,6,22,38
6/22/2024,P059,4,12,9,25
6/22/2024,P060,6,20,9,35
6/22/2024,P061,2,9,18,29
6/22/2024,P062,4,5,12,21
6/22/2024,P063,12,18,5,35
6/22/2024,P064,20,7,12,39
6/22/2024,P065,6,8,7,21
6/22/2024,P066,19,7,7,33
6/22/2024,P067,10,16,14,40
6/22/2024,P068,6,9,3,18
6/22/2024,P069,12,6,6,24
6/22/2024,P070,4,4,22,30
6/23/2024,P001,10,9,3,22
6/23/2024,P002,5,2,12,19
6/23/2024,P003,10,11,10,31
6/23/2024,P004,11,11,9,31
6/23/2024,P005,4,7,5,16
6/23/2024,P006,13,5,17,35
6/23/2024,P007,6,21,1,28
6/23/2024,P008,2,5,6,13
6/23/2024,P009,12,9,4,25
6/23/2024,P010,19,11,7,37
6/23/2024,P011,9,5,8,22
6/23/2024,P012,16,9,2,27
6/23/2024,P013,6,9,17,32
6/23/2024,P014,7,9,4,20
6/23/2024,P015,11,11,12,34
6/23/2024,P016,8,21,2,31
6/23/2024,P017,2,10,15,27
6/23/2024,P018,18,16,3,37
6/23/2024,P019,2,9,20,31
6/23/2024,P020,2,10,8,20
6/23/2024,P021,10,21,21,52
6/23/2024,P022,4,9,6,19
6/23/2024,P023,12,8,17,37
6/23/2024,P024,7,10,7,24
6/23/2024,P025,12,7,22,41
6/23/2024,P026,6,20,21,47
6/23/2024,P027,11,6,19,36
6/23/2024,P028,1,10,4,15
6/23/2024,P029,5,6,8,19
6/23/2024,P030,14,11,14,39
6/23/2024,P031,5,8,4,17
6/23/2024,P032,9,10,19,38
6/23/2024,P033,12,17,9,38
6/23/2024,P034,4,5,4,13
6/23/2024,P035,3,1,9,13
6/23/2024,P036,13,19,2,34
6/23/2024,P037,10,16,7,33
6/23/2024,P038,7,12,13,32
6/23/2024,P039,21,21,12,54
6/23/2024,P040,4,6,8,18
6/23/2024,P041,7,12,6,25
6/23/2024,P042,14,3,1,18
6/23/2024,P043,6,12,7,25
6/23/2024,P044,6,11,4,21
6/23/2024,P045,16,11,8,35
6/23/2024,P046,3,2,20,25
6/23/2024,P047,21,14,7,42
6/23/2024,P048,7,22,8,37
6/23/2024,P049,5,17,6,28
6/23/2024,P050,7,6,5,18
6/23/2024,P051,20,3,22,45
6/23/2024,P052,16,16,15,47
6/23/2024,P053,11,9,2,22
6/23/2024,P054,3,20,9,32
6/23/2024,P055,8,8,3,19
6/23/2024,P056,3,6,9,18
6/23/2024,P057,18,4,18,40
6/23/2024,P058,11,8,17,36
6/23/2024,P059,2,5,4,11
6/23/2024,P060,20,13,8,41
6/23/2024,P061,5,7,6,18
6/23/2024,P062,2,11,8,21
6/23/2024,P063,8,10,10,28
6/23/2024,P064,18,9,11,38
6/23/2024,P065,6,2,8,16
6/23/2024,P066,13,7,6,26
6/23/2024,P067,18,13,22,53
6/23/2024,P068,12,12,4,28
6/23/2024,P069,7,6,8,21
6/23/2024,P070,5,8,5,18
6/24/2024,P001,10,5,10,25
6/24/2024,P002,5,7,4,16
6/24/2024,P003,9,6,12,27
6/24/2024,P004,22,8,9,39
6/24/2024,P005,9,6,5,20
6/24/2024,P006,9,3,17,29
6/24/2024,P007,9,19,10,38
6/24/2024,P008,6,1,18,25
6/24/2024,P009,9,3,9,21
6/24/2024,P010,3,7,9,19
6/24/2024,P011,11,10,20,41
6/24/2024,P012,13,8,3,24
6/24/2024,P013,3,1,18,22
6/24/2024,P014,20,14,3,37
6/24/2024,P015,5,8,10,23
6/24/2024,P016,9,21,2,32
6/24/2024,P017,6,5,17,28
6/24/2024,P018,20,5,10,35
6/24/2024,P019,4,8,3,15
6/24/2024,P020,2,11,8,21
6/24/2024,P021,4,22,9,35
6/24/2024,P022,6,8,20,34
6/24/2024,P023,6,15,6,27
6/24/2024,P024,6,8,9,23
6/24/2024,P025,7,8,2,17
6/24/2024,P026,17,17,15,49
6/24/2024,P027,10,6,13,29
6/24/2024,P028,6,6,3,15
6/24/2024,P029,9,17,9,35
6/24/2024,P030,14,4,11,29
6/24/2024,P031,12,2,10,24
6/24/2024,P032,12,6,10,28
6/24/2024,P033,10,5,12,27
6/24/2024,P034,9,6,5,20
6/24/2024,P035,22,11,15,48
6/24/2024,P036,8,6,7,21
6/24/2024,P037,4,7,16,27
6/24/2024,P038,12,10,18,40
6/24/2024,P039,3,9,17,29
6/24/2024,P040,10,9,5,24
6/24/2024,P041,7,4,2,13
6/24/2024,P042,16,10,19,45
6/24/2024,P043,6,2,8,16
6/24/2024,P044,12,10,15,37
6/24/2024,P045,19,14,2,35
6/24/2024,P046,2,9,14,25
6/24/2024,P047,19,18,6,43
6/24/2024,P048,10,11,6,27
6/24/2024,P049,7,14,11,32
6/24/2024,P050,12,9,3,24
6/24/2024,P051,18,1,20,39
6/24/2024,P052,19,16,22,57
6/24/2024,P053,9,9,2,20
6/24/2024,P054,6,5,3,14
6/24/2024,P055,3,8,11,22
6/24/2024,P056,7,11,7,25
6/24/2024,P057,3,19,16,38
6/24/2024,P058,10,2,16,28
6/24/2024,P059,7,10,4,21
6/24/2024,P060,2,2,9,13
6/24/2024,P061,9,9,18,36
6/24/2024,P062,4,16,5,25
6/24/2024,P063,6,9,9,24
6/24/2024,P064,8,15,10,33
6/24/2024,P065,10,7,9,26
6/24/2024,P066,16,16,10,42
6/24/2024,P067,7,18,16,41
6/24/2024,P068,6,17,19,42
6/24/2024,P069,12,12,2,26
6/24/2024,P070,3,10,20,33
6/25/2024,P001,11,10,7,28
6/25/2024,P002,8,12,9,29
6/25/2024,P003,11,9,3,23
6/25/2024,P004,22,4,5,31
6/25/2024,P005,4,4,2,10
6/25/2024,P006,19,10,18,47
6/25/2024,P007,10,9,8,27
6/25/2024,P008,7,20,20,47
6/25/2024,P009,3,10,4,17
6/25/2024,P010,6,11,9,26
6/25/2024,P011,10,14,6,30
6/25/2024,P012,15,4,9,28
6/25/2024,P013,6,12,8,26
6/25/2024,P014,7,2,8,17
6/25/2024,P015,11,6,6,23
6/25/2024,P016,8,4,22,34
6/25/2024,P017,10,12,5,27
6/25/2024,P018,16,4,12,32
6/25/2024,P019,2,2,20,24
6/25/2024,P020,6,4,6,16
6/25/2024,P021,10,4,18,32
6/25/2024,P022,16,9,18,43
6/25/2024,P023,11,5,20,36
6/25/2024,P024,20,9,5,34
6/25/2024,P025,9,12,3,24
6/25/2024,P026,8,19,20,47
6/25/2024,P027,5,3,9,17
6/25/2024,P028,21,11,3,35
6/25/2024,P029,4,14,6,24
6/25/2024,P030,16,8,4,28
6/25/2024,P031,4,10,3,17
6/25/2024,P032,12,20,17,49
6/25/2024,P033,4,13,5,22
6/25/2024,P034,4,7,7,18
6/25/2024,P035,20,21,2,43
6/25/2024,P036,10,1,6,17
6/25/2024,P037,4,10,6,20
6/25/2024,P038,9,2,3,14
6/25/2024,P039,9,22,12,43
6/25/2024,P040,3,5,7,15
6/25/2024,P041,12,2,11,25
6/25/2024,P042,11,19,19,49
6/25/2024,P043,12,4,5,21
6/25/2024,P044,2,22,7,31
6/25/2024,P045,2,7,6,15
6/25/2024,P046,9,4,11,24
6/25/2024,P047,1,14,3,18
6/25/2024,P048,22,4,4,30
6/25/2024,P049,3,4,11,18
6/25/2024,P050,9,4,4,17
6/25/2024,P051,3,3,2,8
6/25/2024,P052,8,4,18,30
6/25/2024,P053,15,20,9,44
6/25/2024,P054,8,9,12,29
6/25/2024,P055,5,8,7,20
6/25/2024,P056,4,9,6,19
6/25/2024,P057,7,14,7,28
6/25/2024,P058,6,8,7,21
6/25/2024,P059,6,6,4,16
6/25/2024,P060,17,5,7,29
6/25/2024,P061,7,6,20,33
6/25/2024,P062,17,13,3,33
6/25/2024,P063,2,3,2,7
6/25/2024,P064,12,2,13,27
6/25/2024,P065,5,6,6,17
6/25/2024,P066,14,6,6,26
6/25/2024,P067,5,3,16,24
6/25/2024,P068,17,12,14,43
6/25/2024,P069,10,5,8,23
6/25/2024,P070,2,6,7,15
6/26/2024,P001,19,8,4,31
6/26/2024,P002,10,3,6,19
6/26/2024,P003,11,2,11,24
6/26/2024,P004,14,2,4,20
6/26/2024,P005,5,8,5,18
6/26/2024,P006,15,4,3,22
6/26/2024,P007,2,12,19,33
6/26/2024,P008,22,20,9,51
6/26/2024,P009,10,12,5,27
6/26/2024,P010,16,8,20,44
6/26/2024,P011,3,4,16,23
6/26/2024,P012,7,7,3,17
6/26/2024,P013,9,3,11,23
6/26/2024,P014,18,19,5,42
6/26/2024,P015,7,12,2,21
6/26/2024,P016,9,8,15,32
6/26/2024,P017,9,8,20,37
6/26/2024,P018,20,8,6,34
6/26/2024,P019,6,10,10,26
6/26/2024,P020,6,6,4,16
6/26/2024,P021,3,20,18,41
6/26/2024,P022,14,7,10,31
6/26/2024,P023,5,12,17,34
6/26/2024,P024,11,6,7,24
6/26/2024,P025,2,12,9,23
6/26/2024,P026,7,3,19,29
6/26/2024,P027,7,6,13,26
6/26/2024,P028,7,12,6,25
6/26/2024,P029,9,20,8,37
6/26/2024,P030,20,9,12,41
6/26/2024,P031,5,5,5,15
6/26/2024,P032,3,18,17,38
6/26/2024,P033,4,7,11,22
6/26/2024,P034,4,8,12,24
6/26/2024,P035,2,7,7,16
6/26/2024,P036,12,16,4,32
6/26/2024,P037,2,9,22,33
6/26/2024,P038,3,6,9,18
6/26/2024,P039,4,14,12,30
6/26/2024,P040,5,5,3,13
6/26/2024,P041,3,10,7,20
6/26/2024,P042,15,3,22,40
6/26/2024,P043,7,6,6,19
6/26/2024,P044,3,18,9,30
6/26/2024,P045,19,2,9,30
6/26/2024,P046,3,3,16,22
6/26/2024,P047,10,22,6,38
6/26/2024,P048,12,15,11,38
6/26/2024,P049,9,2,3,14
6/26/2024,P050,5,7,6,18
6/26/2024,P051,12,6,15,33
6/26/2024,P052,18,5,8,31
6/26/2024,P053,4,18,11,33
6/26/2024,P054,2,5,7,14
6/26/2024,P055,9,12,7,28
6/26/2024,P056,11,3,2,16
6/26/2024,P057,19,9,10,38
6/26/2024,P058,12,11,19,42
6/26/2024,P059,4,5,9,18
6/26/2024,P060,8,9,9,26
6/26/2024,P061,6,7,9,22
6/26/2024,P062,20,8,4,32
6/26/2024,P063,7,22,12,41
6/26/2024,P064,5,7,20,32
6/26/2024,P065,4,4,8,16
6/26/2024,P066,7,22,11,40
6/26/2024,P067,21,9,9,39
6/26/2024,P068,11,12,9,32
6/26/2024,P069,12,10,11,33
6/26/2024,P070,11,4,21,36
6/27/2024,P001,19,3,10,32
6/27/2024,P002,3,10,17,30
6/27/2024,P003,12,10,4,26
6/27/2024,P004,15,6,11,32
6/27/2024,P005,3,4,9,16
6/27/2024,P006,9,10,17,36
6/27/2024,P007,10,12,9,31
6/27/2024,P008,13,21,15,49
6/27/2024,P009,12,6,3,21
6/27/2024,P010,13,12,18,43
6/27/2024,P011,10,3,7,20
6/27/2024,P012,19,12,2,33
6/27/2024,P013,8,11,3,22
6/27/2024,P014,18,11,14,43
6/27/2024,P015,7,2,10,19
6/27/2024,P016,10,14,19,43
6/27/2024,P017,12,22,1,35
6/27/2024,P018,5,17,9,31
6/27/2024,P019,6,6,10,22
6/27/2024,P020,9,3,11,23
6/27/2024,P021,5,16,14,35
6/27/2024,P022,6,9,9,24
6/27/2024,P023,3,20,14,37
6/27/2024,P024,20,8,4,32
6/27/2024,P025,10,6,11,27
6/27/2024,P026,17,4,15,36
6/27/2024,P027,5,8,17,30
6/27/2024,P028,18,5,6,29
6/27/2024,P029,8,13,8,29
6/27/2024,P030,7,7,20,34
6/27/2024,P031,3,11,9,23
6/27/2024,P032,10,10,18,38
6/27/2024,P033,2,9,10,21
6/27/2024,P034,4,2,3,9
6/27/2024,P035,15,7,11,33
6/27/2024,P036,15,13,5,33
6/27/2024,P037,7,12,4,23
6/27/2024,P038,10,6,17,33
6/27/2024,P039,3,9,20,32
6/27/2024,P040,9,2,7,18
6/27/2024,P041,19,6,6,31
6/27/2024,P042,4,5,18,27
6/27/2024,P043,7,6,5,18
6/27/2024,P044,11,17,20,48
6/27/2024,P045,11,19,10,40
6/27/2024,P046,12,2,2,16
6/27/2024,P047,8,16,9,33
6/27/2024,P048,1,12,4,17
6/27/2024,P049,18,4,2,24
6/27/2024,P050,3,8,5,16
6/27/2024,P051,4,9,22,35
6/27/2024,P052,8,19,9,36
6/27/2024,P053,8,15,8,31
6/27/2024,P054,8,20,9,37
6/27/2024,P055,4,8,11,23
6/27/2024,P056,3,2,9,14
6/27/2024,P057,14,14,22,50
6/27/2024,P058,2,8,9,19
6/27/2024,P059,8,4,4,16
6/27/2024,P060,12,7,9,28
6/27/2024,P061,2,7,15,24
6/27/2024,P062,13,11,6,30
6/27/2024,P063,3,20,2,25
6/27/2024,P064,5,11,7,23
6/27/2024,P065,3,5,10,18
6/27/2024,P066,21,4,21,46
6/27/2024,P067,7,17,1,25
6/27/2024,P068,3,20,14,37
6/27/2024,P069,3,4,8,15
6/27/2024,P070,8,7,21,36
6/28/2024,P001,2,2,3,7
6/28/2024,P002,5,18,14,37
6/28/2024,P003,5,6,8,19
6/28/2024,P004,5,6,10,21
6/28/2024,P005,2,9,3,14
6/28/2024,P006,2,3,13,18
6/28/2024,P007,2,13,11,26
6/28/2024,P008,5,9,14,28
6/28/2024,P009,6,9,2,17
6/28/2024,P010,14,4,15,33
6/28/2024,P011,12,10,13,35
6/28/2024,P012,10,2,12,24
6/28/2024,P013,9,10,21,40
6/28/2024,P014,13,14,11,38
6/28/2024,P015,2,9,10,21
6/28/2024,P016,11,18,15,44
6/28/2024,P017,2,11,15,28
6/28/2024,P018,20,14,5,39
6/28/2024,P019,6,9,12,27
6/28/2024,P020,20,1,10,31
6/28/2024,P021,9,16,16,41
6/28/2024,P022,6,9,3,18
6/28/2024,P023,10,5,2,17
6/28/2024,P024,5,8,11,24
6/28/2024,P025,4,11,16,31
6/28/2024,P026,9,19,18,46
6/28/2024,P027,11,2,12,25
6/28/2024,P028,14,10,2,26
6/28/2024,P029,11,2,8,21
6/28/2024,P030,16,9,9,34
6/28/2024,P031,7,16,7,30
6/28/2024,P032,11,9,3,23
6/28/2024,P033,7,15,9,31
6/28/2024,P034,9,7,10,26
6/28/2024,P035,22,16,18,56
6/28/2024,P036,15,18,5,38
6/28/2024,P037,6,17,16,39
6/28/2024,P038,12,12,10,34
6/28/2024,P039,17,6,16,39
6/28/2024,P040,7,5,5,17
6/28/2024,P041,8,2,8,18
6/28/2024,P042,7,19,22,48
6/28/2024,P043,10,4,3,17
6/28/2024,P044,2,6,4,12
6/28/2024,P045,15,3,3,21
6/28/2024,P046,3,8,8,19
6/28/2024,P047,19,10,8,37
6/28/2024,P048,10,9,19,38
6/28/2024,P049,6,10,4,20
6/28/2024,P050,6,7,6,19
6/28/2024,P051,10,7,18,35
6/28/2024,P052,19,9,22,50
6/28/2024,P053,5,17,4,26
6/28/2024,P054,11,3,2,16
6/28/2024,P055,9,2,15,26
6/28/2024,P056,4,3,3,10
6/28/2024,P057,17,2,9,28
6/28/2024,P058,2,6,18,26
6/28/2024,P059,4,5,5,14
6/28/2024,P060,16,2,20,38
6/28/2024,P061,5,7,14,26
6/28/2024,P062,15,12,5,32
6/28/2024,P063,7,2,7,16
6/28/2024,P064,13,18,17,48
6/28/2024,P065,2,5,3,10
6/28/2024,P066,12,16,12,40
6/28/2024,P067,6,10,12,28
6/28/2024,P068,2,16,2,20
6/28/2024,P069,11,3,6,20
6/28/2024,P070,9,7,4,20
6/29/2024,P001,12,2,2,16
6/29/2024,P002,11,6,20,37
6/29/2024,P003,7,2,9,18
6/29/2024,P004,20,2,11,33
6/29/2024,P005,11,4,12,27
6/29/2024,P006,13,5,20,38
6/29/2024,P007,5,21,14,40
6/29/2024,P008,1,22,13,36
6/29/2024,P009,9,5,11,25
6/29/2024,P010,2,2,17,21
6/29/2024,P011,7,19,14,40
6/29/2024,P012,1,4,11,16
6/29/2024,P013,7,22,14,43
6/29/2024,P014,18,7,12,37
6/29/2024,P015,5,4,2,11
6/29/2024,P016,7,14,9,30
6/29/2024,P017,6,4,3,13
6/29/2024,P018,14,4,5,23
6/29/2024,P019,7,4,4,15
6/29/2024,P020,1,3,12,16
6/29/2024,P021,7,4,21,32
6/29/2024,P022,14,20,22,56
6/29/2024,P023,10,9,12,31
6/29/2024,P024,18,8,8,34
6/29/2024,P025,7,9,3,19
6/29/2024,P026,4,14,17,35
6/29/2024,P027,2,8,3,13
6/29/2024,P028,16,6,7,29
6/29/2024,P029,2,5,12,19
6/29/2024,P030,19,6,8,33
6/29/2024,P031,7,13,12,32
6/29/2024,P032,7,3,17,27
6/29/2024,P033,6,2,11,19
6/29/2024,P034,4,6,7,17
6/29/2024,P035,18,6,9,33
6/29/2024,P036,18,3,9,30
6/29/2024,P037,4,12,12,28
6/29/2024,P038,6,5,8,19
6/29/2024,P039,11,12,18,41
6/29/2024,P040,12,9,4,25
6/29/2024,P041,18,9,10,37
6/29/2024,P042,19,14,18,51
6/29/2024,P043,7,9,10,26
6/29/2024,P044,8,19,7,34
6/29/2024,P045,8,18,10,36
6/29/2024,P046,10,3,8,21
6/29/2024,P047,9,7,9,25
6/29/2024,P048,17,9,11,37
6/29/2024,P049,6,18,2,26
6/29/2024,P050,7,2,9,18
6/29/2024,P051,5,18,8,31
6/29/2024,P052,15,14,1,30
6/29/2024,P053,10,10,2,22
6/29/2024,P054,8,4,10,22
6/29/2024,P055,8,2,9,19
6/29/2024,P056,11,7,11,29
6/29/2024,P057,11,19,5,35
6/29/2024,P058,9,12,4,25
6/29/2024,P059,9,5,3,17
6/29/2024,P060,8,14,18,40
6/29/2024,P061,12,7,13,32
6/29/2024,P062,15,4,6,25
6/29/2024,P063,9,15,11,35
6/29/2024,P064,17,9,10,36
6/29/2024,P065,4,9,10,23
6/29/2024,P066,20,12,7,39
6/29/2024,P067,3,8,3,14
6/29/2024,P068,14,18,19,51
6/29/2024,P069,4,6,12,22
6/29/2024,P070,5,12,8,25
6/30/2024,P001,11,8,5,24
6/30/2024,P002,8,20,13,41
6/30/2024,P003,10,5,7,22
6/30/2024,P004,2,11,11,24
6/30/2024,P005,8,4,7,19
6/30/2024,P006,18,9,3,30
6/30/2024,P007,3,1,3,7
6/30/2024,P008,2,14,6,22
6/30/2024,P009,5,5,8,18
6/30/2024,P010,2,10,10,22
6/30/2024,P011,2,3,9,14
6/30/2024,P012,11,6,2,19
6/30/2024,P013,9,18,7,34
6/30/2024,P014,16,2,17,35
6/30/2024,P015,4,3,5,12
6/30/2024,P016,10,22,21,53
6/30/2024,P017,7,15,9,31
6/30/2024,P018,13,2,2,17
6/30/2024,P019,6,7,19,32
6/30/2024,P020,2,6,6,14
6/30/2024,P021,12,5,9,26
6/30/2024,P022,19,18,20,57
6/30/2024,P023,9,5,13,27
6/30/2024,P024,16,12,5,33
6/30/2024,P025,6,3,18,27
6/30/2024,P026,7,9,18,34
6/30/2024,P027,5,11,3,19
6/30/2024,P028,13,5,3,21
6/30/2024,P029,3,9,8,20
6/30/2024,P030,13,7,10,30
6/30/2024,P031,10,8,9,27
6/30/2024,P032,2,22,13,37
6/30/2024,P033,4,7,11,22
6/30/2024,P034,5,4,3,12
6/30/2024,P035,8,22,17,47
6/30/2024,P036,5,9,7,21
6/30/2024,P037,8,12,22,42
6/30/2024,P038,9,10,21,40
6/30/2024,P039,22,1,19,42
6/30/2024,P040,9,3,4,16
6/30/2024,P041,16,3,8,27
6/30/2024,P042,12,2,14,28
6/30/2024,P043,6,11,4,21
6/30/2024,P044,10,1,19,30
6/30/2024,P045,3,2,7,12
6/30/2024,P046,12,10,2,24
6/30/2024,P047,11,17,7,35
6/30/2024,P048,10,21,13,44
6/30/2024,P049,11,12,6,29
6/30/2024,P050,3,6,12,21
6/30/2024,P051,12,18,9,39
6/30/2024,P052,4,11,7,22
6/30/2024,P053,11,6,6,23
6/30/2024,P054,6,15,4,25
6/30/2024,P055,11,9,8,28
6/30/2024,P056,2,12,7,21
6/30/2024,P057,16,11,9,36
6/30/2024,P058,3,2,3,8
6/30/2024,P059,4,11,2,17
6/30/2024,P060,7,7,15,29
6/30/2024,P061,7,2,6,15
6/30/2024,P062,6,6,9,21
6/30/2024,P063,10,22,4,36
6/30/2024,P064,18,17,8,43
6/30/2024,P065,11,7,7,25
6/30/2024,P066,17,22,21,60
6/30/2024,P067,4,21,11,36
6/30/2024,P068,10,19,11,40
6/30/2024,P069,8,2,2,12
6/30/2024,P070,9,6,14,29
6/30/2024,P001,2,7,9,18
6/30/2024,P002,5,2,2,9
6/30/2024,P003,5,9,9,23
6/30/2024,P004,20,10,12,42
6/30/2024,P005,9,4,9,22
6/30/2024,P006,20,7,20,47
6/30/2024,P007,7,19,3,29
6/30/2024,P008,21,9,19,49
6/30/2024,P009,5,2,9,16
6/30/2024,P010,15,6,6,27
6/30/2024,P011,6,5,14,25
6/30/2024,P012,1,6,12,19
6/30/2024,P013,9,17,17,43
6/30/2024,P014,5,19,17,41
6/30/2024,P015,10,2,12,24
6/30/2024,P016,11,16,11,38
6/30/2024,P017,3,12,11,26
6/30/2024,P018,9,4,5,18
6/30/2024,P019,9,8,8,25
6/30/2024,P020,6,9,8,23
6/30/2024,P021,9,19,3,31
6/30/2024,P022,3,15,2,20
6/30/2024,P023,11,20,11,42
6/30/2024,P024,13,8,4,25
6/30/2024,P025,3,2,10,15
6/30/2024,P026,20,14,15,49
6/30/2024,P027,8,8,4,20
6/30/2024,P028,7,4,12,23
6/30/2024,P029,12,7,2,21
6/30/2024,P030,7,7,15,29
6/30/2024,P031,9,11,3,23
6/30/2024,P032,3,20,20,43
6/30/2024,P033,8,11,12,31
6/30/2024,P034,3,5,8,16
6/30/2024,P035,9,4,6,19
6/30/2024,P036,2,17,9,28
6/30/2024,P037,4,20,2,26
6/30/2024,P038,5,4,15,24
6/30/2024,P039,22,19,13,54
6/30/2024,P040,3,12,3,18
6/30/2024,P041,3,11,9,23
6/30/2024,P042,8,7,11,26
6/30/2024,P043,3,6,10,19
6/30/2024,P044,9,13,10,32
6/30/2024,P045,20,3,4,27
6/30/2024,P046,3,3,5,11
6/30/2024,P047,14,14,9,37
6/30/2024,P048,16,1,10,27
6/30/2024,P049,13,7,6,26
6/30/2024,P050,11,10,6,27
6/30/2024,P051,20,2,22,44
6/30/2024,P052,4,19,6,29
6/30/2024,P053,16,20,6,42
6/30/2024,P054,12,7,7,26
6/30/2024,P055,2,11,5,18
6/30/2024,P056,8,10,2,20
6/30/2024,P057,19,14,9,42
6/30/2024,P058,2,9,19,30
6/30/2024,P059,4,5,11,20
6/30/2024,P060,2,6,17,25
6/30/2024,P061,12,3,19,34
6/30/2024,P062,6,13,12,31
6/30/2024,P063,6,18,5,29
6/30/2024,P064,18,6,5,29
6/30/2024,P065,11,9,3,23
6/30/2024,P066,15,2,2,19
6/30/2024,P067,4,15,10,29
6/30/2024,P068,20,13,14,47
6/30/2024,P069,9,3,9,21
6/30/2024,P070,9,12,18,39
7/1/2024,P001,15,3,2,20
7/1/2024,P002,12,17,5,34
7/1/2024,P003,6,7,6,19
7/1/2024,P004,2,6,7,15
7/1/2024,P005,5,9,2,16
7/1/2024,P006,8,12,10,30
7/1/2024,P007,2,12,12,26
7/1/2024,P008,14,6,20,40
7/1/2024,P009,2,5,5,12
7/1/2024,P010,14,2,20,36
7/1/2024,P011,3,19,20,42
7/1/2024,P012,7,4,7,18
7/1/2024,P013,20,6,8,34
7/1/2024,P014,11,3,4,18
7/1/2024,P015,5,8,2,15
7/1/2024,P016,11,10,17,38
7/1/2024,P017,3,9,20,32
7/1/2024,P018,19,10,9,38
7/1/2024,P019,10,7,16,33
7/1/2024,P020,7,7,12,26
7/1/2024,P021,3,9,1,13
7/1/2024,P022,6,17,8,31
7/1/2024,P023,10,3,11,24
7/1/2024,P024,15,2,2,19
7/1/2024,P025,6,3,8,17
7/1/2024,P026,7,2,4,13
7/1/2024,P027,2,6,3,11
7/1/2024,P028,21,5,10,36
7/1/2024,P029,5,2,2,9
7/1/2024,P030,3,7,17,27
7/1/2024,P031,9,12,10,31
7/1/2024,P032,9,2,3,14
7/1/2024,P033,4,18,5,27
7/1/2024,P034,2,5,6,13
7/1/2024,P035,22,16,20,58
7/1/2024,P036,16,10,5,31
7/1/2024,P037,9,16,3,28
7/1/2024,P038,5,3,20,28
7/1/2024,P039,14,5,9,28
7/1/2024,P040,10,7,3,20
7/1/2024,P041,17,7,6,30
7/1/2024,P042,18,12,4,34
7/1/2024,P043,6,9,3,18
7/1/2024,P044,11,9,17,37
7/1/2024,P045,7,17,10,34
7/1/2024,P046,10,2,18,30
7/1/2024,P047,3,20,9,32
7/1/2024,P048,3,18,4,25
7/1/2024,P049,15,3,6,24
7/1/2024,P050,12,7,7,26
7/1/2024,P051,3,2,1,6
7/1/2024,P052,1,13,9,23
7/1/2024,P053,18,18,2,38
7/1/2024,P054,2,9,6,17
7/1/2024,P055,3,12,7,22
7/1/2024,P056,4,3,2,9
7/1/2024,P057,2,7,5,14
7/1/2024,P058,9,4,12,25
7/1/2024,P059,4,8,8,20
7/1/2024,P060,14,9,10,33
7/1/2024,P061,5,4,20,29
7/1/2024,P062,11,10,6,27
7/1/2024,P063,5,8,9,22
7/1/2024,P064,2,20,10,32
7/1/2024,P065,6,5,10,21
7/1/2024,P066,21,3,8,32
7/1/2024,P067,7,20,22,49
7/1/2024,P068,17,9,7,33
7/1/2024,P069,7,7,4,18
7/1/2024,P070,5,8,14,27
7/2/2024,P001,11,5,8,24
7/2/2024,P002,4,8,9,21
7/2/2024,P003,6,6,7,19
7/2/2024,P004,21,6,8,35
7/2/2024,P005,9,4,10,23
7/2/2024,P006,15,9,10,34
7/2/2024,P007,8,13,13,34
7/2/2024,P008,1,12,17,30
7/2/2024,P009,5,9,9,23
7/2/2024,P010,7,9,18,34
7/2/2024,P011,2,14,14,30
7/2/2024,P012,10,9,12,31
7/2/2024,P013,18,19,6,43
7/2/2024,P014,4,18,18,40
7/2/2024,P015,2,3,6,11
7/2/2024,P016,10,7,2,19
7/2/2024,P017,5,9,20,34
7/2/2024,P018,15,18,3,36
7/2/2024,P019,2,2,12,16
7/2/2024,P020,22,18,4,44
7/2/2024,P021,10,14,20,44
7/2/2024,P022,16,10,3,29
7/2/2024,P023,3,4,9,16
7/2/2024,P024,7,2,12,21
7/2/2024,P025,9,7,2,18
7/2/2024,P026,18,19,16,53
7/2/2024,P027,5,12,8,25
7/2/2024,P028,19,5,6,30
7/2/2024,P029,4,14,22,40
7/2/2024,P030,6,7,5,18
7/2/2024,P031,10,4,12,26
7/2/2024,P032,3,15,20,38
7/2/2024,P033,9,9,7,25
7/2/2024,P034,11,9,3,23
7/2/2024,P035,1,12,17,30
7/2/2024,P036,11,8,7,26
7/2/2024,P037,4,18,9,31
7/2/2024,P038,2,6,19,27
7/2/2024,P039,15,7,13,35
7/2/2024,P040,12,9,6,27
7/2/2024,P041,6,2,8,16
7/2/2024,P042,2,3,12,17
7/2/2024,P043,2,2,5,9
7/2/2024,P044,11,17,17,45
7/2/2024,P045,3,2,3,8
7/2/2024,P046,4,10,15,29
7/2/2024,P047,3,21,20,44
7/2/2024,P048,14,10,10,34
7/2/2024,P049,10,11,7,28
7/2/2024,P050,12,12,11,35
7/2/2024,P051,1,1,7,9
7/2/2024,P052,18,10,2,30
7/2/2024,P053,15,10,11,36
7/2/2024,P054,9,20,3,32
7/2/2024,P055,12,4,20,36
7/2/2024,P056,6,2,9,17
7/2/2024,P057,19,2,4,25
7/2/2024,P058,3,3,13,19
7/2/2024,P059,9,3,9,21
7/2/2024,P060,14,15,6,35
7/2/2024,P061,12,12,17,41
7/2/2024,P062,17,22,7,46
7/2/2024,P063,4,9,2,15
7/2/2024,P064,6,17,16,39
7/2/2024,P065,6,7,6,19
7/2/2024,P066,2,9,1,12
7/2/2024,P067,12,19,18,49
7/2/2024,P068,19,13,2,34
7/2/2024,P069,9,6,3,18
7/2/2024,P070,4,6,22,32
7/3/2024,P001,7,12,8,27
7/3/2024,P002,5,12,7,24
7/3/2024,P003,2,2,7,11
7/3/2024,P004,11,6,5,22
7/3/2024,P005,9,5,4,18
7/3/2024,P006,5,3,12,20
7/3/2024,P007,10,6,16,32
7/3/2024,P008,20,1,16,37
7/3/2024,P009,9,3,9,21
7/3/2024,P010,7,3,10,20
7/3/2024,P011,2,2,12,16
7/3/2024,P012,11,11,10,32
7/3/2024,P013,15,1,2,18
7/3/2024,P014,2,2,11,15
7/3/2024,P015,12,10,11,33
7/3/2024,P016,2,17,17,36
7/3/2024,P017,8,21,15,44
7/3/2024,P018,9,12,12,33
7/3/2024,P019,10,6,11,27
7/3/2024,P020,13,18,11,42
7/3/2024,P021,12,11,17,40
7/3/2024,P022,13,6,5,24
7/3/2024,P023,10,15,16,41
7/3/2024,P024,19,9,11,39
7/3/2024,P025,8,12,11,31
7/3/2024,P026,18,11,15,44
7/3/2024,P027,5,2,5,12
7/3/2024,P028,9,11,2,22
7/3/2024,P029,6,7,15,28
7/3/2024,P030,5,2,20,27
7/3/2024,P031,6,6,6,18
7/3/2024,P032,2,22,10,34
7/3/2024,P033,4,17,10,31
7/3/2024,P034,8,7,10,25
7/3/2024,P035,7,22,14,43
7/3/2024,P036,16,21,4,41
7/3/2024,P037,4,19,11,34
7/3/2024,P038,5,2,15,22
7/3/2024,P039,5,10,17,32
7/3/2024,P040,6,2,6,14
7/3/2024,P041,3,2,8,13
7/3/2024,P042,6,10,20,36
7/3/2024,P043,10,10,9,29
7/3/2024,P044,11,5,18,34
7/3/2024,P045,20,15,2,37
7/3/2024,P046,2,5,1,8
7/3/2024,P047,12,14,18,44
7/3/2024,P048,22,10,2,34
7/3/2024,P049,9,7,6,22
7/3/2024,P050,6,11,11,28
7/3/2024,P051,11,15,10,36
7/3/2024,P052,17,2,9,28
7/3/2024,P053,17,9,10,36
7/3/2024,P054,4,4,6,14
7/3/2024,P055,5,6,16,27
7/3/2024,P056,10,5,11,26
7/3/2024,P057,11,19,11,41
7/3/2024,P058,12,2,3,17
7/3/2024,P059,4,4,5,13
7/3/2024,P060,10,5,20,35
7/3/2024,P061,5,10,16,31
7/3/2024,P062,20,15,11,46
7/3/2024,P063,5,22,5,32
7/3/2024,P064,12,14,18,44
7/3/2024,P065,7,4,10,21
7/3/2024,P066,7,11,19,37
7/3/2024,P067,14,15,17,46
7/3/2024,P068,3,17,19,39
7/3/2024,P069,6,2,2,10
7/3/2024,P070,11,2,16,29
7/4/2024,P001,9,4,6,19
7/4/2024,P002,9,16,2,27
7/4/2024,P003,3,5,7,15
7/4/2024,P004,18,6,6,30
7/4/2024,P005,5,11,7,23
7/4/2024,P006,12,10,4,26
7/4/2024,P007,12,17,11,40
7/4/2024,P008,15,19,20,54
7/4/2024,P009,3,12,5,20
7/4/2024,P010,14,11,9,34
7/4/2024,P011,10,7,4,21
7/4/2024,P012,14,6,12,32
7/4/2024,P013,17,13,9,39
7/4/2024,P014,3,3,14,20
7/4/2024,P015,12,3,5,20
7/4/2024,P016,3,14,6,23
7/4/2024,P017,10,1,2,13
7/4/2024,P018,2,7,7,16
7/4/2024,P019,2,10,14,26
7/4/2024,P020,5,2,5,12
7/4/2024,P021,6,19,22,47
7/4/2024,P022,14,20,9,43
7/4/2024,P023,12,7,5,24
7/4/2024,P024,10,11,11,32
7/4/2024,P025,9,10,4,23
7/4/2024,P026,13,14,18,45
7/4/2024,P027,10,9,14,33
7/4/2024,P028,12,5,10,27
7/4/2024,P029,12,6,19,37
7/4/2024,P030,20,3,1,24
7/4/2024,P031,7,13,9,29
7/4/2024,P032,12,18,10,40
7/4/2024,P033,4,6,5,15
7/4/2024,P034,9,9,10,28
7/4/2024,P035,15,2,2,19
7/4/2024,P036,15,15,11,41
7/4/2024,P037,4,13,16,33
7/4/2024,P038,9,3,18,30
7/4/2024,P039,20,2,12,34
7/4/2024,P040,9,10,2,21
7/4/2024,P041,10,9,8,27
7/4/2024,P042,2,18,9,29
7/4/2024,P043,9,6,7,22
7/4/2024,P044,8,1,3,12
7/4/2024,P045,8,17,5,30
7/4/2024,P046,3,7,21,31
7/4/2024,P047,13,20,15,48
7/4/2024,P048,5,21,6,32
7/4/2024,P049,11,7,9,27
7/4/2024,P050,11,11,9,31
7/4/2024,P051,6,17,22,45
7/4/2024,P052,18,13,11,42
7/4/2024,P053,7,3,6,16
7/4/2024,P054,3,7,9,19
7/4/2024,P055,4,10,11,25
7/4/2024,P056,7,6,8,21
7/4/2024,P057,15,3,10,28
7/4/2024,P058,3,8,9,20
7/4/2024,P059,5,8,9,22
7/4/2024,P060,18,6,18,42
7/4/2024,P061,9,9,20,38
7/4/2024,P062,11,7,11,29
7/4/2024,P063,10,1,11,22
7/4/2024,P064,11,2,18,31
7/4/2024,P065,8,11,12,31
7/4/2024,P066,6,16,10,32
7/4/2024,P067,22,18,6,46
7/4/2024,P068,4,12,3,19
7/4/2024,P069,7,9,8,24
7/4/2024,P070,10,7,10,27
7/5/2024,P001,20,8,4,32
7/5/2024,P002,6,8,14,28
7/5/2024,P003,3,12,7,22
7/5/2024,P004,6,11,5,22
7/5/2024,P005,4,7,6,17
7/5/2024,P006,20,12,19,51
7/5/2024,P007,12,4,20,36
7/5/2024,P008,7,5,19,31
7/5/2024,P009,12,7,4,23
7/5/2024,P010,15,7,3,25
7/5/2024,P011,7,12,9,28
7/5/2024,P012,16,9,3,28
7/5/2024,P013,10,9,5,24
7/5/2024,P014,12,17,18,47
7/5/2024,P015,9,2,11,22
7/5/2024,P016,8,20,3,31
7/5/2024,P017,8,18,3,29
7/5/2024,P018,13,3,9,25
7/5/2024,P019,5,7,9,21
7/5/2024,P020,1,2,6,9
7/5/2024,P021,9,13,7,29
7/5/2024,P022,2,18,4,24
7/5/2024,P023,7,9,6,22
7/5/2024,P024,1,12,7,20
7/5/2024,P025,7,3,18,28
7/5/2024,P026,18,7,3,28
7/5/2024,P027,11,4,11,26
7/5/2024,P028,12,8,10,30
7/5/2024,P029,2,9,15,26
7/5/2024,P030,12,4,15,31
7/5/2024,P031,10,10,5,25
7/5/2024,P032,11,8,12,31
7/5/2024,P033,4,20,6,30
7/5/2024,P034,5,5,12,22
7/5/2024,P035,17,3,12,32
7/5/2024,P036,4,20,8,32
7/5/2024,P037,9,9,3,21
7/5/2024,P038,3,7,17,27
7/5/2024,P039,2,17,3,22
7/5/2024,P040,5,4,7,16
7/5/2024,P041,18,11,12,41
7/5/2024,P042,15,6,8,29
7/5/2024,P043,6,2,12,20
7/5/2024,P044,3,13,17,33
7/5/2024,P045,7,4,9,20
7/5/2024,P046,12,10,15,37
7/5/2024,P047,16,19,17,52
7/5/2024,P048,10,6,2,18
7/5/2024,P049,13,11,10,34
7/5/2024,P050,11,5,2,18
7/5/2024,P051,4,10,15,29
7/5/2024,P052,7,14,8,29
7/5/2024,P053,6,22,6,34
7/5/2024,P054,2,19,8,29
7/5/2024,P055,6,10,9,25
7/5/2024,P056,6,7,4,17
7/5/2024,P057,8,18,11,37
7/5/2024,P058,10,3,8,21
7/5/2024,P059,3,10,9,22
7/5/2024,P060,3,18,10,31
7/5/2024,P061,2,2,19,23
7/5/2024,P062,8,12,9,29
7/5/2024,P063,9,7,11,27
7/5/2024,P064,10,12,6,28
7/5/2024,P065,9,8,6,23
7/5/2024,P066,10,3,5,18
7/5/2024,P067,16,17,19,52
7/5/2024,P068,19,3,18,40
7/5/2024,P069,7,6,3,16
7/5/2024,P070,11,3,7,21
7/6/2024,P001,15,9,11,35
7/6/2024,P002,5,7,7,19
7/6/2024,P003,8,7,2,17
7/6/2024,P004,5,8,3,16
7/6/2024,P005,11,7,3,21
7/6/2024,P006,5,6,8,19
7/6/2024,P007,2,8,22,32
7/6/2024,P008,16,7,14,37
7/6/2024,P009,7,9,11,27
7/6/2024,P010,4,2,22,28
7/6/2024,P011,11,3,6,20
7/6/2024,P012,20,2,11,33
7/6/2024,P013,6,17,8,31
7/6/2024,P014,11,2,12,25
7/6/2024,P015,8,10,2,20
7/6/2024,P016,9,21,19,49
7/6/2024,P017,12,10,3,25
7/6/2024,P018,18,11,2,31
7/6/2024,P019,3,12,19,34
7/6/2024,P020,2,1,11,14
7/6/2024,P021,5,10,5,20
7/6/2024,P022,2,10,9,21
7/6/2024,P023,2,20,12,34
7/6/2024,P024,11,4,10,25
7/6/2024,P025,9,2,3,14
7/6/2024,P026,16,2,10,28
7/6/2024,P027,6,3,12,21
7/6/2024,P028,13,3,2,18
7/6/2024,P029,11,15,9,35
7/6/2024,P030,18,12,3,33
7/6/2024,P031,11,22,5,38
7/6/2024,P032,2,9,4,15
7/6/2024,P033,9,17,6,32
7/6/2024,P034,9,7,5,21
7/6/2024,P035,10,9,13,32
7/6/2024,P036,12,19,5,36
7/6/2024,P037,4,13,18,35
7/6/2024,P038,12,6,18,36
7/6/2024,P039,20,17,3,40
7/6/2024,P040,5,7,3,15
7/6/2024,P041,14,8,8,30
7/6/2024,P042,6,20,10,36
7/6/2024,P043,2,5,9,16
7/6/2024,P044,5,17,13,35
7/6/2024,P045,14,18,2,34
7/6/2024,P046,12,6,4,22
7/6/2024,P047,11,12,10,33
7/6/2024,P048,22,22,2,46
7/6/2024,P049,13,15,2,30
7/6/2024,P050,7,9,7,23
7/6/2024,P051,13,7,3,23
7/6/2024,P052,7,13,4,24
7/6/2024,P053,3,20,6,29
7/6/2024,P054,8,10,9,27
7/6/2024,P055,12,3,15,30
7/6/2024,P056,3,7,2,12
7/6/2024,P057,3,2,11,16
7/6/2024,P058,12,10,9,31
7/6/2024,P059,2,6,5,13
7/6/2024,P060,12,4,9,25
7/6/2024,P061,6,10,14,30
7/6/2024,P062,12,6,2,20
7/6/2024,P063,2,10,2,14
7/6/2024,P064,13,13,2,28
7/6/2024,P065,6,5,2,13
7/6/2024,P066,6,18,11,35
7/6/2024,P067,16,18,1,35
7/6/2024,P068,14,3,2,19
7/6/2024,P069,7,4,10,21
7/6/2024,P070,11,7,17,35
7/7/2024,P001,16,4,10,30
7/7/2024,P002,9,2,6,17
7/7/2024,P003,12,12,3,27
7/7/2024,P004,15,4,10,29
7/7/2024,P005,10,12,6,28
7/7/2024,P006,9,9,16,34
7/7/2024,P007,8,13,16,37
7/7/2024,P008,20,10,4,34
7/7/2024,P009,9,2,10,21
7/7/2024,P010,10,2,20,32
7/7/2024,P011,10,10,17,37
7/7/2024,P012,8,10,4,22
7/7/2024,P013,20,5,2,27
7/7/2024,P014,9,15,2,26
7/7/2024,P015,4,5,10,19
7/7/2024,P016,3,14,7,24
7/7/2024,P017,2,10,10,22
7/7/2024,P018,20,7,10,37
7/7/2024,P019,7,11,15,33
7/7/2024,P020,21,15,3,39
7/7/2024,P021,5,2,20,27
7/7/2024,P022,15,9,8,32
7/7/2024,P023,6,4,6,16
7/7/2024,P024,1,6,6,13
7/7/2024,P025,9,5,12,26
7/7/2024,P026,5,19,12,36
7/7/2024,P027,5,2,17,24
7/7/2024,P028,21,4,5,30
7/7/2024,P029,7,5,21,33
7/7/2024,P030,12,10,9,31
7/7/2024,P031,11,15,2,28
7/7/2024,P032,12,22,19,53
7/7/2024,P033,4,14,2,20
7/7/2024,P034,9,4,8,21
7/7/2024,P035,6,11,11,28
7/7/2024,P036,16,15,4,35
7/7/2024,P037,5,17,10,32
7/7/2024,P038,7,2,15,24
7/7/2024,P039,2,12,4,18
7/7/2024,P040,2,6,12,20
7/7/2024,P041,2,4,2,8
7/7/2024,P042,3,2,15,20
7/7/2024,P043,11,9,3,23
7/7/2024,P044,9,12,20,41
7/7/2024,P045,14,11,8,33
7/7/2024,P046,5,4,21,30
7/7/2024,P047,20,10,6,36
7/7/2024,P048,7,12,8,27
7/7/2024,P049,19,9,10,38
7/7/2024,P050,6,9,12,27
7/7/2024,P051,17,6,15,38
7/7/2024,P052,4,1,2,7
7/7/2024,P053,17,2,6,25
7/7/2024,P054,3,17,7,27
7/7/2024,P055,2,5,4,11
7/7/2024,P056,6,9,6,21
7/7/2024,P057,20,3,12,35
7/7/2024,P058,3,3,6,12
7/7/2024,P059,11,4,4,19
7/7/2024,P060,5,16,3,24
7/7/2024,P061,9,9,4,22
7/7/2024,P062,14,12,7,33
7/7/2024,P063,12,22,9,43
7/7/2024,P064,20,11,4,35
7/7/2024,P065,8,4,11,23
7/7/2024,P066,11,10,15,36
7/7/2024,P067,9,15,13,37
7/7/2024,P068,9,4,3,16
7/7/2024,P069,7,9,3,19
7/7/2024,P070,12,9,14,35
7/8/2024,P001,7,2,12,21
7/8/2024,P002,7,14,9,30
7/8/2024,P003,5,5,4,14
7/8/2024,P004,1,12,4,17
7/8/2024,P005,11,3,9,23
7/8/2024,P006,5,5,12,22
7/8/2024,P007,7,18,16,41
7/8/2024,P008,2,2,6,10
7/8/2024,P009,2,10,11,23
7/8/2024,P010,16,9,2,27
7/8/2024,P011,8,18,14,40
7/8/2024,P012,4,6,8,18
7/8/2024,P013,18,1,10,29
7/8/2024,P014,10,17,18,45
7/8/2024,P015,5,7,9,21
7/8/2024,P016,7,20,6,33
7/8/2024,P017,5,21,20,46
7/8/2024,P018,8,7,4,19
7/8/2024,P019,2,11,9,22
7/8/2024,P020,14,17,5,36
7/8/2024,P021,2,13,15,30
7/8/2024,P022,14,3,11,28
7/8/2024,P023,3,7,17,27
7/8/2024,P024,7,10,4,21
7/8/2024,P025,20,6,3,29
7/8/2024,P026,11,3,2,16
7/8/2024,P027,7,8,17,32
7/8/2024,P028,1,8,12,21
7/8/2024,P029,11,6,11,28
7/8/2024,P030,19,9,11,39
7/8/2024,P031,3,7,5,15
7/8/2024,P032,7,1,8,16
7/8/2024,P033,5,2,3,10
7/8/2024,P034,5,11,2,18
7/8/2024,P035,20,16,11,47
7/8/2024,P036,18,18,2,38
7/8/2024,P037,3,12,8,23
7/8/2024,P038,9,9,4,22
7/8/2024,P039,21,20,3,44
7/8/2024,P040,5,3,10,18
7/8/2024,P041,13,2,2,17
7/8/2024,P042,12,17,17,46
7/8/2024,P043,8,7,10,25
7/8/2024,P044,4,3,3,10
7/8/2024,P045,16,9,8,33
7/8/2024,P046,7,9,9,25
7/8/2024,P047,22,17,20,59
7/8/2024,P048,3,4,6,13
7/8/2024,P049,15,8,2,25
7/8/2024,P050,2,8,8,18
7/8/2024,P051,23,7,19,49
7/8/2024,P052,13,16,6,35
7/8/2024,P053,13,15,11,39
7/8/2024,P054,10,17,9,36
7/8/2024,P055,11,9,8,28
7/8/2024,P056,9,10,6,25
7/8/2024,P057,7,17,7,31
7/8/2024,P058,10,2,15,27
7/8/2024,P059,8,7,11,26
7/8/2024,P060,14,10,22,46
7/8/2024,P061,3,4,6,13
7/8/2024,P062,12,9,12,33
7/8/2024,P063,2,15,11,28
7/8/2024,P064,7,11,20,38
7/8/2024,P065,10,2,7,19
7/8/2024,P066,21,8,8,37
7/8/2024,P067,1,4,9,14
7/8/2024,P068,14,3,17,34
7/8/2024,P069,2,5,2,9
7/8/2024,P070,7,10,20,37
7/9/2024,P001,10,9,6,25
7/9/2024,P002,6,14,15,35
7/9/2024,P003,10,12,12,34
7/9/2024,P004,17,10,10,37
7/9/2024,P005,11,19,8,38
7/9/2024,P006,20,5,8,33
7/9/2024,P007,7,11,18,36
7/9/2024,P008,12,17,20,49
7/9/2024,P009,10,4,11,25
7/9/2024,P010,2,11,15,28
7/9/2024,P011,4,6,20,30
7/9/2024,P012,12,2,9,23
7/9/2024,P013,10,13,5,28
7/9/2024,P014,9,4,5,18
7/9/2024,P015,12,10,12,34
7/9/2024,P016,6,19,2,27
7/9/2024,P017,7,6,3,16
7/9/2024,P018,15,11,7,33
7/9/2024,P019,8,5,2,15
7/9/2024,P020,1,10,4,15
7/9/2024,P021,5,14,21,40
7/9/2024,P022,7,22,2,31
7/9/2024,P023,2,19,11,32
7/9/2024,P024,10,10,11,31
7/9/2024,P025,18,7,9,34
7/9/2024,P026,4,18,21,43
7/9/2024,P027,10,3,4,17
7/9/2024,P028,19,10,2,31
7/9/2024,P029,8,18,17,43
7/9/2024,P030,4,2,20,26
7/9/2024,P031,12,12,9,33
7/9/2024,P032,12,7,16,35
7/9/2024,P033,3,12,3,18
7/9/2024,P034,4,8,8,20
7/9/2024,P035,18,3,9,30
7/9/2024,P036,7,17,12,36
7/9/2024,P037,2,3,2,7
7/9/2024,P038,2,6,16,24
7/9/2024,P039,11,6,8,25
7/9/2024,P040,9,6,6,21
7/9/2024,P041,12,6,22,40
7/9/2024,P042,20,8,5,33
7/9/2024,P043,10,6,12,28
7/9/2024,P044,9,11,20,40
7/9/2024,P045,20,6,6,32
7/9/2024,P046,12,12,18,42
7/9/2024,P047,16,10,18,44
7/9/2024,P048,5,18,5,28
7/9/2024,P049,3,5,5,13
7/9/2024,P050,5,10,8,23
7/9/2024,P051,6,16,10,32
7/9/2024,P052,3,13,6,22
7/9/2024,P053,8,22,8,38
7/9/2024,P054,3,18,9,30
7/9/2024,P055,7,5,5,17
7/9/2024,P056,12,2,2,16
7/9/2024,P057,3,2,8,13
7/9/2024,P058,4,10,10,24
7/9/2024,P059,9,7,10,26
7/9/2024,P060,7,6,20,33
7/9/2024,P061,5,12,20,37
7/9/2024,P062,16,4,8,28
7/9/2024,P063,7,3,8,18
7/9/2024,P064,17,9,20,46
7/9/2024,P065,3,12,11,26
7/9/2024,P066,12,2,13,27
7/9/2024,P067,12,16,17,45
7/9/2024,P068,2,8,2,12
7/9/2024,P069,3,8,10,21
7/9/2024,P070,8,6,21,35
7/10/2024,P001,9,5,8,22
7/10/2024,P002,9,10,5,24
7/10/2024,P003,9,5,10,24
7/10/2024,P004,20,4,3,27
7/10/2024,P005,12,8,9,29
7/10/2024,P006,3,2,9,14
7/10/2024,P007,11,20,5,36
7/10/2024,P008,2,17,16,35
7/10/2024,P009,4,7,12,23
7/10/2024,P010,3,8,22,33
7/10/2024,P011,5,20,13,38
7/10/2024,P012,7,5,7,19
7/10/2024,P013,9,17,11,37
7/10/2024,P014,5,18,3,26
7/10/2024,P015,6,6,6,18
7/10/2024,P016,5,12,5,22
7/10/2024,P017,9,22,20,51
7/10/2024,P018,5,15,6,26
7/10/2024,P019,10,9,13,32
7/10/2024,P020,20,7,7,34
7/10/2024,P021,9,13,22,44
7/10/2024,P022,7,20,3,30
7/10/2024,P023,2,10,3,15
7/10/2024,P024,11,3,9,23
7/10/2024,P025,15,7,5,27
7/10/2024,P026,2,2,1,5
7/10/2024,P027,9,10,18,37
7/10/2024,P028,12,6,6,24
7/10/2024,P029,12,4,2,18
7/10/2024,P030,9,10,20,39
7/10/2024,P031,10,6,3,19
7/10/2024,P032,10,10,12,32
7/10/2024,P033,2,13,8,23
7/10/2024,P034,11,5,7,23
7/10/2024,P035,10,18,16,44
7/10/2024,P036,12,18,11,41
7/10/2024,P037,11,3,11,25
7/10/2024,P038,10,4,15,29
7/10/2024,P039,18,5,5,28
7/10/2024,P040,3,9,2,14
7/10/2024,P041,4,6,15,25
7/10/2024,P042,7,12,20,39
7/10/2024,P043,11,2,6,19
7/10/2024,P044,8,10,10,28
7/10/2024,P045,7,16,4,27
7/10/2024,P046,12,3,18,33
7/10/2024,P047,16,18,10,44
7/10/2024,P048,12,22,18,52
7/10/2024,P049,17,7,3,27
7/10/2024,P050,10,7,10,27
7/10/2024,P051,7,2,18,27
7/10/2024,P052,20,11,2,33
7/10/2024,P053,10,18,4,32
7/10/2024,P054,2,3,20,25
7/10/2024,P055,11,10,10,31
7/10/2024,P056,5,4,11,20
7/10/2024,P057,20,15,5,40
7/10/2024,P058,2,5,20,27
7/10/2024,P059,5,12,11,28
7/10/2024,P060,7,19,2,28
7/10/2024,P061,7,8,16,31
7/10/2024,P062,6,10,8,24
7/10/2024,P063,11,15,5,31
7/10/2024,P064,10,16,12,38
7/10/2024,P065,10,11,11,32
7/10/2024,P066,7,11,11,29
7/10/2024,P067,3,15,5,23
7/10/2024,P068,19,5,15,39
7/10/2024,P069,4,2,5,11
7/10/2024,P070,5,5,14,24
7/11/2024,P001,12,3,12,27
7/11/2024,P002,8,18,6,32
7/11/2024,P003,6,9,9,24
7/11/2024,P004,1,4,5,10
7/11/2024,P005,7,18,7,32
7/11/2024,P006,4,5,6,15
7/11/2024,P007,8,9,1,18
7/11/2024,P008,20,12,11,43
7/11/2024,P009,7,6,7,20
7/11/2024,P010,8,4,18,30
7/11/2024,P011,11,2,2,15
7/11/2024,P012,15,9,9,33
7/11/2024,P013,3,12,16,31
7/11/2024,P014,17,11,7,35
7/11/2024,P015,6,4,6,16
7/11/2024,P016,5,10,8,23
7/11/2024,P017,8,12,13,33
7/11/2024,P018,12,9,3,24
7/11/2024,P019,12,9,18,39
7/11/2024,P020,15,6,9,30
7/11/2024,P021,3,1,3,7
7/11/2024,P022,14,2,12,28
7/11/2024,P023,10,17,2,29
7/11/2024,P024,14,5,7,26
7/11/2024,P025,17,9,20,46
7/11/2024,P026,3,3,19,25
7/11/2024,P027,12,3,11,26
7/11/2024,P028,13,4,11,28
7/11/2024,P029,4,16,17,37
7/11/2024,P030,19,9,15,43
7/11/2024,P031,5,12,12,29
7/11/2024,P032,12,22,11,45
7/11/2024,P033,11,11,12,34
7/11/2024,P034,10,4,7,21
7/11/2024,P035,9,10,5,24
7/11/2024,P036,13,15,11,39
7/11/2024,P037,8,4,4,16
7/11/2024,P038,4,9,18,31
7/11/2024,P039,6,18,14,38
7/11/2024,P040,12,8,10,30
7/11/2024,P041,5,2,19,26
7/11/2024,P042,15,16,1,32
7/11/2024,P043,7,5,9,21
7/11/2024,P044,11,18,10,39
7/11/2024,P045,16,15,11,42
7/11/2024,P046,2,4,14,20
7/11/2024,P047,18,15,9,42
7/11/2024,P048,4,20,9,33
7/11/2024,P049,17,20,7,44
7/11/2024,P050,9,9,8,26
7/11/2024,P051,1,16,7,24
7/11/2024,P052,5,3,11,19
7/11/2024,P053,12,8,12,32
7/11/2024,P054,10,17,18,45
7/11/2024,P055,8,8,11,27
7/11/2024,P056,11,9,10,30
7/11/2024,P057,8,17,6,31
7/11/2024,P058,3,7,2,12
7/11/2024,P059,9,6,11,26
7/11/2024,P060,3,2,15,20
7/11/2024,P061,9,2,11,22
7/11/2024,P062,10,12,10,32
7/11/2024,P063,4,19,4,27
7/11/2024,P064,8,5,2,15
7/11/2024,P065,7,11,6,24
7/11/2024,P066,21,4,8,33
7/11/2024,P067,11,18,1,30
7/11/2024,P068,11,14,17,42
7/11/2024,P069,12,9,7,28
7/11/2024,P070,6,4,20,30
7/12/2024,P001,17,11,4,32
7/12/2024,P002,5,3,18,26
7/12/2024,P003,2,2,2,6
7/12/2024,P004,19,2,9,30
7/12/2024,P005,8,16,6,30
7/12/2024,P006,15,9,8,32
7/12/2024,P007,2,13,10,25
7/12/2024,P008,14,20,12,46
7/12/2024,P009,6,3,8,17
7/12/2024,P010,6,2,8,16
7/12/2024,P011,12,17,5,34
7/12/2024,P012,11,7,6,24
7/12/2024,P013,22,3,13,38
7/12/2024,P014,5,9,8,22
7/12/2024,P015,9,9,8,26
7/12/2024,P016,11,17,1,29
7/12/2024,P017,10,4,6,20
7/12/2024,P018,20,8,6,34
7/12/2024,P019,12,8,20,40
7/12/2024,P020,7,7,2,16
7/12/2024,P021,12,16,7,35
7/12/2024,P022,15,15,5,35
7/12/2024,P023,7,17,14,38
7/12/2024,P024,16,9,5,30
7/12/2024,P025,10,10,9,29
7/12/2024,P026,12,17,1,30
7/12/2024,P027,11,2,14,27
7/12/2024,P028,6,7,5,18
7/12/2024,P029,2,10,6,18
7/12/2024,P030,13,4,2,19
7/12/2024,P031,11,9,7,27
7/12/2024,P032,3,15,14,32
7/12/2024,P033,8,11,5,24
7/12/2024,P034,11,2,2,15
7/12/2024,P035,3,8,6,17
7/12/2024,P036,5,4,7,16
7/12/2024,P037,9,3,18,30
7/12/2024,P038,7,5,3,15
7/12/2024,P039,5,2,11,18
7/12/2024,P040,7,9,10,26
7/12/2024,P041,8,11,15,34
7/12/2024,P042,17,8,15,40
7/12/2024,P043,8,12,5,25
7/12/2024,P044,2,16,12,30
7/12/2024,P045,19,15,10,44
7/12/2024,P046,7,10,16,33
7/12/2024,P047,5,5,3,13
7/12/2024,P048,8,16,12,36
7/12/2024,P049,11,16,2,29
7/12/2024,P050,12,9,3,24
7/12/2024,P051,3,15,5,23
7/12/2024,P052,2,5,10,17
7/12/2024,P053,15,9,10,34
7/12/2024,P054,5,13,15,33
7/12/2024,P055,12,3,16,31
7/12/2024,P056,10,11,6,27
7/12/2024,P057,7,4,5,16
7/12/2024,P058,12,10,11,33
7/12/2024,P059,9,12,12,33
7/12/2024,P060,8,20,22,50
7/12/2024,P061,6,6,12,24
7/12/2024,P062,1,19,8,28
7/12/2024,P063,5,10,12,27
7/12/2024,P064,5,6,15,26
7/12/2024,P065,3,7,10,20
7/12/2024,P066,2,18,1,21
7/12/2024,P067,10,3,13,26
7/12/2024,P068,14,11,4,29
7/12/2024,P069,10,10,10,30
7/12/2024,P070,5,5,19,29
7/13/2024,P001,12,4,11,27
7/13/2024,P002,7,12,4,23
7/13/2024,P003,11,6,10,27
7/13/2024,P004,19,7,7,33
7/13/2024,P005,5,3,9,17
7/13/2024,P006,7,3,10,20
7/13/2024,P007,6,16,21,43
7/13/2024,P008,11,6,3,20
7/13/2024,P009,3,6,5,14
7/13/2024,P010,4,6,9,19
7/13/2024,P011,7,8,9,24
7/13/2024,P012,18,6,7,31
7/13/2024,P013,20,11,8,39
7/13/2024,P014,2,6,16,24
7/13/2024,P015,9,12,9,30
7/13/2024,P016,9,10,10,29
7/13/2024,P017,4,18,21,43
7/13/2024,P018,5,5,9,19
7/13/2024,P019,2,10,8,20
7/13/2024,P020,16,16,12,44
7/13/2024,P021,7,13,8,28
7/13/2024,P022,4,22,4,30
7/13/2024,P023,11,18,10,39
7/13/2024,P024,20,5,12,37
7/13/2024,P025,6,2,8,16
7/13/2024,P026,11,2,7,20
7/13/2024,P027,5,10,18,33
7/13/2024,P028,17,7,11,35
7/13/2024,P029,10,6,3,19
7/13/2024,P030,9,12,3,24
7/13/2024,P031,9,4,9,22
7/13/2024,P032,11,3,9,23
7/13/2024,P033,9,9,10,28
7/13/2024,P034,11,12,5,28
7/13/2024,P035,22,2,12,36
7/13/2024,P036,10,16,10,36
7/13/2024,P037,5,8,3,16
7/13/2024,P038,6,8,10,24
7/13/2024,P039,15,2,12,29
7/13/2024,P040,9,7,2,18
7/13/2024,P041,10,10,9,29
7/13/2024,P042,2,7,3,12
7/13/2024,P043,8,7,5,20
7/13/2024,P044,3,7,4,14
7/13/2024,P045,13,5,12,30
7/13/2024,P046,2,7,21,30
7/13/2024,P047,1,20,22,43
7/13/2024,P048,9,16,4,29
7/13/2024,P049,15,11,8,34
7/13/2024,P050,12,4,12,28
7/13/2024,P051,12,8,21,41
7/13/2024,P052,3,10,6,19
7/13/2024,P053,15,22,4,41
7/13/2024,P054,7,20,17,44
7/13/2024,P055,4,2,18,24
7/13/2024,P056,9,11,6,26
7/13/2024,P057,14,18,3,35
7/13/2024,P058,12,6,13,31
7/13/2024,P059,5,8,7,20
7/13/2024,P060,9,18,18,45
7/13/2024,P061,12,6,3,21
7/13/2024,P062,9,13,3,25
7/13/2024,P063,9,18,5,32
7/13/2024,P064,10,12,18,40
7/13/2024,P065,10,10,11,31
7/13/2024,P066,8,3,6,17
7/13/2024,P067,22,10,17,49
7/13/2024,P068,7,12,18,37
7/13/2024,P069,9,11,6,26
7/13/2024,P070,3,10,12,25
7/14/2024,P001,12,10,5,27
7/14/2024,P002,3,5,16,24
7/14/2024,P003,7,9,9,25
7/14/2024,P004,22,6,12,40
7/14/2024,P005,6,17,5,28
7/14/2024,P006,9,12,3,24
7/14/2024,P007,9,16,17,42
7/14/2024,P008,16,5,17,38
7/14/2024,P009,6,9,6,21
7/14/2024,P010,11,6,22,39
7/14/2024,P011,7,12,7,26
7/14/2024,P012,8,2,7,17
7/14/2024,P013,2,10,11,23
7/14/2024,P014,18,16,5,39
7/14/2024,P015,9,3,8,20
7/14/2024,P016,8,18,11,37
7/14/2024,P017,7,22,22,51
7/14/2024,P018,9,7,8,24
7/14/2024,P019,8,7,15,30
7/14/2024,P020,20,2,12,34
7/14/2024,P021,9,11,6,26
7/14/2024,P022,10,18,6,34
7/14/2024,P023,10,3,20,33
7/14/2024,P024,8,10,6,24
7/14/2024,P025,20,4,8,32
7/14/2024,P026,9,15,8,32
7/14/2024,P027,7,5,12,24
7/14/2024,P028,4,12,2,18
7/14/2024,P029,6,19,19,44
7/14/2024,P030,9,8,3,20
7/14/2024,P031,3,10,2,15
7/14/2024,P032,4,15,19,38
7/14/2024,P033,5,16,9,30
7/14/2024,P034,12,11,7,30
7/14/2024,P035,20,11,6,37
7/14/2024,P036,18,15,6,39
7/14/2024,P037,9,5,12,26
7/14/2024,P038,3,2,12,17
7/14/2024,P039,1,6,17,24
7/14/2024,P040,2,9,5,16
7/14/2024,P041,10,6,21,37
7/14/2024,P042,2,2,9,13
7/14/2024,P043,5,12,2,19
7/14/2024,P044,12,10,19,41
7/14/2024,P045,7,7,6,20
7/14/2024,P046,10,12,9,31
7/14/2024,P047,10,18,20,48
7/14/2024,P048,4,19,16,39
7/14/2024,P049,20,9,10,39
7/14/2024,P050,3,11,3,17
7/14/2024,P051,4,22,7,33
7/14/2024,P052,5,10,6,21
7/14/2024,P053,18,1,4,23
7/14/2024,P054,10,3,10,23
7/14/2024,P055,2,2,15,19
7/14/2024,P056,11,6,6,23
7/14/2024,P057,14,11,10,35
7/14/2024,P058,5,4,12,21
7/14/2024,P059,4,6,8,18
7/14/2024,P060,12,8,8,28
7/14/2024,P061,9,10,17,36
7/14/2024,P062,10,16,12,38
7/14/2024,P063,2,7,3,12
7/14/2024,P064,16,6,3,25
7/14/2024,P065,6,6,10,22
7/14/2024,P066,1,12,6,19
7/14/2024,P067,18,12,12,42
7/14/2024,P068,2,17,11,30
7/14/2024,P069,2,12,4,18
7/14/2024,P070,10,9,10,29
7/15/2024,P001,20,6,6,32
7/15/2024,P002,7,14,10,31
7/15/2024,P003,6,3,4,13
7/15/2024,P004,18,4,9,31
7/15/2024,P005,5,6,5,16
7/15/2024,P006,20,7,10,37
7/15/2024,P007,10,19,16,45
7/15/2024,P008,2,18,10,30
7/15/2024,P009,9,8,5,22
7/15/2024,P010,4,2,1,7
7/15/2024,P011,10,16,2,28
7/15/2024,P012,6,5,7,18
7/15/2024,P013,15,18,12,45
7/15/2024,P014,6,15,4,25
7/15/2024,P015,12,4,2,18
7/15/2024,P016,4,15,4,23
7/15/2024,P017,9,20,4,33
7/15/2024,P018,5,20,9,34
7/15/2024,P019,7,9,5,21
7/15/2024,P020,2,16,4,22
7/15/2024,P021,2,3,5,10
7/15/2024,P022,16,8,12,36
7/15/2024,P023,8,17,17,42
7/15/2024,P024,4,8,6,18
7/15/2024,P025,18,9,14,41
7/15/2024,P026,10,17,14,41
7/15/2024,P027,4,7,2,13
7/15/2024,P028,8,6,10,24
7/15/2024,P029,2,2,7,11
7/15/2024,P030,10,2,10,22
7/15/2024,P031,12,12,10,34
7/15/2024,P032,8,19,15,42
7/15/2024,P033,9,5,6,20
7/15/2024,P034,7,11,4,22
7/15/2024,P035,2,4,17,23
7/15/2024,P036,14,18,4,36
7/15/2024,P037,9,14,3,26
7/15/2024,P038,6,9,2,17
7/15/2024,P039,17,6,17,40
7/15/2024,P040,10,9,12,31
7/15/2024,P041,11,6,11,28
7/15/2024,P042,18,14,11,43
7/15/2024,P043,8,5,5,18
7/15/2024,P044,5,22,8,35
7/15/2024,P045,3,3,8,14
7/15/2024,P046,5,9,3,17
7/15/2024,P047,21,3,2,26
7/15/2024,P048,2,8,17,27
7/15/2024,P049,3,15,12,30
7/15/2024,P050,10,9,11,30
7/15/2024,P051,16,6,6,28
7/15/2024,P052,21,20,6,47
7/15/2024,P053,5,7,2,14
7/15/2024,P054,6,20,6,32
7/15/2024,P055,10,8,17,35
7/15/2024,P056,11,4,6,21
7/15/2024,P057,16,9,4,29
7/15/2024,P058,7,9,12,28
7/15/2024,P059,11,2,5,18
7/15/2024,P060,15,12,9,36
7/15/2024,P061,7,5,10,22
7/15/2024,P062,21,14,3,38
7/15/2024,P063,5,5,6,16
7/15/2024,P064,18,17,7,42
7/15/2024,P065,10,4,6,20
7/15/2024,P066,19,3,13,35
7/15/2024,P067,17,2,3,22
7/15/2024,P068,19,17,9,45
7/15/2024,P069,10,4,9,23
7/15/2024,P070,4,2,17,23
7/16/2024,P001,16,11,11,38
7/16/2024,P002,5,7,6,18
7/16/2024,P003,8,5,12,25
7/16/2024,P004,22,8,3,33
7/16/2024,P005,3,3,2,8
7/16/2024,P006,4,9,7,20
7/16/2024,P007,3,8,13,24
7/16/2024,P008,8,2,8,18
7/16/2024,P009,8,9,3,20
7/16/2024,P010,19,11,7,37
7/16/2024,P011,12,8,14,34
7/16/2024,P012,4,12,7,23
7/16/2024,P013,22,16,4,42
7/16/2024,P014,18,15,8,41
7/16/2024,P015,6,10,10,26
7/16/2024,P016,7,5,6,18
7/16/2024,P017,6,16,20,42
7/16/2024,P018,20,16,7,43
7/16/2024,P019,7,9,12,28
7/16/2024,P020,12,15,11,38
7/16/2024,P021,10,5,4,19
7/16/2024,P022,2,9,2,13
7/16/2024,P023,4,13,19,36
7/16/2024,P024,12,3,3,18
7/16/2024,P025,10,11,7,28
7/16/2024,P026,9,4,11,24
7/16/2024,P027,10,10,18,38
7/16/2024,P028,13,12,9,34
7/16/2024,P029,9,20,6,35
7/16/2024,P030,15,6,20,41
7/16/2024,P031,9,19,4,32
7/16/2024,P032,9,10,9,28
7/16/2024,P033,9,6,2,17
7/16/2024,P034,8,7,3,18
7/16/2024,P035,8,18,11,37
7/16/2024,P036,17,3,11,31
7/16/2024,P037,5,11,9,25
7/16/2024,P038,9,10,21,40
7/16/2024,P039,20,9,4,33
7/16/2024,P040,4,20,2,26
7/16/2024,P041,19,6,17,42
7/16/2024,P042,6,14,20,40
7/16/2024,P043,11,12,9,32
7/16/2024,P044,4,12,16,32
7/16/2024,P045,6,9,12,27
7/16/2024,P046,6,5,1,12
7/16/2024,P047,17,12,8,37
7/16/2024,P048,9,18,19,46
7/16/2024,P049,20,4,12,36
7/16/2024,P050,11,7,8,26
7/16/2024,P051,4,6,3,13
7/16/2024,P052,4,14,6,24
7/16/2024,P053,2,11,7,20
7/16/2024,P054,4,5,20,29
7/16/2024,P055,6,7,7,20
7/16/2024,P056,12,9,11,32
7/16/2024,P057,20,6,10,36
7/16/2024,P058,12,12,20,44
7/16/2024,P059,10,7,6,23
7/16/2024,P060,2,5,22,29
7/16/2024,P061,5,4,8,17
7/16/2024,P062,6,7,11,24
7/16/2024,P063,11,21,11,43
7/16/2024,P064,18,11,19,48
7/16/2024,P065,12,11,12,35
7/16/2024,P066,10,9,19,38
7/16/2024,P067,6,21,11,38
7/16/2024,P068,3,4,6,13
7/16/2024,P069,9,6,12,27
7/16/2024,P070,10,12,10,32
7/17/2024,P001,18,5,3,26
7/17/2024,P002,4,7,19,30
7/17/2024,P003,10,7,8,25
7/17/2024,P004,18,4,10,32
7/17/2024,P005,10,10,5,25
7/17/2024,P006,7,2,3,12
7/17/2024,P007,10,9,2,21
7/17/2024,P008,8,2,9,19
7/17/2024,P009,9,7,10,26
7/17/2024,P010,11,10,10,31
7/17/2024,P011,3,7,7,17
7/17/2024,P012,8,7,2,17
7/17/2024,P013,18,7,6,31
7/17/2024,P014,20,5,17,42
7/17/2024,P015,11,7,6,24
7/17/2024,P016,12,20,3,35
7/17/2024,P017,4,16,16,36
7/17/2024,P018,3,11,9,23
7/17/2024,P019,11,4,20,35
7/17/2024,P020,2,8,7,17
7/17/2024,P021,4,10,16,30
7/17/2024,P022,3,22,11,36
7/17/2024,P023,5,20,3,28
7/17/2024,P024,7,2,6,15
7/17/2024,P025,9,11,22,42
7/17/2024,P026,5,18,20,43
7/17/2024,P027,8,6,5,19
7/17/2024,P028,18,8,12,38
7/17/2024,P029,3,18,2,23
7/17/2024,P030,11,6,3,20
7/17/2024,P031,9,13,7,29
7/17/2024,P032,7,18,2,27
7/17/2024,P033,5,12,11,28
7/17/2024,P034,5,10,7,22
7/17/2024,P035,3,3,3,9
7/17/2024,P036,5,10,9,24
7/17/2024,P037,4,12,5,21
7/17/2024,P038,8,11,1,20
7/17/2024,P039,1,20,18,39
7/17/2024,P040,7,18,6,31
7/17/2024,P041,19,6,2,27
7/17/2024,P042,3,10,20,33
7/17/2024,P043,5,5,3,13
7/17/2024,P044,6,1,12,19
7/17/2024,P045,5,18,4,27
7/17/2024,P046,2,3,20,25
7/17/2024,P047,16,4,3,23
7/17/2024,P048,5,8,15,28
7/17/2024,P049,11,8,2,21
7/17/2024,P050,7,3,9,19
7/17/2024,P051,5,5,4,14
7/17/2024,P052,11,14,11,36
7/17/2024,P053,16,7,6,29
7/17/2024,P054,9,6,18,33
7/17/2024,P055,2,3,6,11
7/17/2024,P056,5,8,8,21
7/17/2024,P057,7,16,3,26
7/17/2024,P058,12,3,20,35
7/17/2024,P059,11,3,5,19
7/17/2024,P060,2,5,1,8
7/17/2024,P061,12,3,9,24
7/17/2024,P062,2,21,8,31
7/17/2024,P063,11,7,12,30
7/17/2024,P064,6,3,14,23
7/17/2024,P065,6,9,2,17
7/17/2024,P066,5,5,7,17
7/17/2024,P067,19,1,10,30
7/17/2024,P068,18,18,16,52
7/17/2024,P069,4,7,3,14
7/17/2024,P070,3,2,18,23
7/18/2024,P001,19,8,5,32
7/18/2024,P002,4,3,2,9
7/18/2024,P003,8,9,2,19
7/18/2024,P004,14,9,12,35
7/18/2024,P005,4,18,9,31
7/18/2024,P006,19,10,10,39
7/18/2024,P007,7,21,15,43
7/18/2024,P008,2,6,5,13
7/18/2024,P009,7,9,4,20
7/18/2024,P010,13,6,22,41
7/18/2024,P011,12,2,6,20
7/18/2024,P012,3,12,3,18
7/18/2024,P013,8,10,13,31
7/18/2024,P014,9,7,14,30
7/18/2024,P015,5,12,9,26
7/18/2024,P016,2,18,1,21
7/18/2024,P017,8,19,16,43
7/18/2024,P018,4,9,9,22
7/18/2024,P019,8,11,5,24
7/18/2024,P020,20,22,10,52
7/18/2024,P021,7,10,4,21
7/18/2024,P022,8,1,7,16
7/18/2024,P023,11,3,4,18
7/18/2024,P024,15,2,8,25
7/18/2024,P025,3,6,5,14
7/18/2024,P026,17,11,1,29
7/18/2024,P027,10,4,3,17
7/18/2024,P028,11,6,6,23
7/18/2024,P029,11,8,5,24
7/18/2024,P030,13,10,20,43
7/18/2024,P031,6,16,6,28
7/18/2024,P032,9,7,13,29
7/18/2024,P033,4,6,7,17
7/18/2024,P034,6,6,12,24
7/18/2024,P035,5,12,2,19
7/18/2024,P036,13,12,7,32
7/18/2024,P037,11,17,20,48
7/18/2024,P038,9,12,19,40
7/18/2024,P039,19,1,11,31
7/18/2024,P040,6,15,11,32
7/18/2024,P041,2,11,17,30
7/18/2024,P042,17,18,15,50
7/18/2024,P043,11,9,12,32
7/18/2024,P044,12,10,11,33
7/18/2024,P045,20,6,11,37
7/18/2024,P046,8,6,17,31
7/18/2024,P047,13,10,5,28
7/18/2024,P048,3,19,13,35
7/18/2024,P049,8,5,8,21
7/18/2024,P050,2,4,11,17
7/18/2024,P051,17,19,4,40
7/18/2024,P052,5,1,8,14
7/18/2024,P053,11,7,4,22
7/18/2024,P054,12,8,10,30
7/18/2024,P055,9,5,3,17
7/18/2024,P056,7,10,4,21
7/18/2024,P057,16,15,5,36
7/18/2024,P058,2,4,7,13
7/18/2024,P059,11,7,3,21
7/18/2024,P060,14,13,7,34
7/18/2024,P061,4,2,5,11
7/18/2024,P062,9,12,9,30
7/18/2024,P063,2,6,12,20
7/18/2024,P064,2,2,17,21
7/18/2024,P065,2,7,2,11
7/18/2024,P066,11,20,19,50
7/18/2024,P067,1,19,18,38
7/18/2024,P068,2,11,15,28
7/18/2024,P069,12,5,4,21
7/18/2024,P070,5,7,15,27
7/19/2024,P001,13,7,4,24
7/19/2024,P002,3,8,20,31
7/19/2024,P003,9,6,6,21
7/19/2024,P004,11,4,6,21
7/19/2024,P005,10,14,3,27
7/19/2024,P006,10,4,6,20
7/19/2024,P007,4,21,19,44
7/19/2024,P008,5,6,2,13
7/19/2024,P009,9,9,10,28
7/19/2024,P010,10,6,15,31
7/19/2024,P011,11,14,9,34
7/19/2024,P012,1,5,4,10
7/19/2024,P013,9,22,10,41
7/19/2024,P014,15,3,4,22
7/19/2024,P015,3,9,4,16
7/19/2024,P016,4,3,3,10
7/19/2024,P017,11,8,4,23
7/19/2024,P018,15,15,20,50
7/19/2024,P019,2,9,9,20
7/19/2024,P020,14,6,11,31
7/19/2024,P021,6,20,15,41
7/19/2024,P022,6,7,11,24
7/19/2024,P023,12,20,19,51
7/19/2024,P024,11,8,2,21
7/19/2024,P025,22,4,20,46
7/19/2024,P026,5,9,17,31
7/19/2024,P027,10,9,7,26
7/19/2024,P028,20,2,6,28
7/19/2024,P029,7,12,8,27
7/19/2024,P030,12,5,13,30
7/19/2024,P031,3,14,3,20
7/19/2024,P032,6,5,18,29
7/19/2024,P033,11,17,6,34
7/19/2024,P034,5,4,11,20
7/19/2024,P035,9,3,14,26
7/19/2024,P036,7,2,5,14
7/19/2024,P037,10,17,9,36
7/19/2024,P038,7,4,1,12
7/19/2024,P039,19,2,14,35
7/19/2024,P040,3,17,5,25
7/19/2024,P041,12,8,6,26
7/19/2024,P042,20,3,2,25
7/19/2024,P043,7,2,7,16
7/19/2024,P044,2,17,14,33
7/19/2024,P045,12,6,5,23
7/19/2024,P046,9,7,22,38
7/19/2024,P047,2,5,9,16
7/19/2024,P048,11,15,11,37
7/19/2024,P049,20,10,7,37
7/19/2024,P050,3,8,6,17
7/19/2024,P051,18,5,7,30
7/19/2024,P052,5,12,4,21
7/19/2024,P053,16,12,8,36
7/19/2024,P054,3,2,9,14
7/19/2024,P055,3,12,17,32
7/19/2024,P056,10,4,12,26
7/19/2024,P057,19,15,9,43
7/19/2024,P058,7,10,14,31
7/19/2024,P059,12,9,10,31
7/19/2024,P060,14,17,11,42
7/19/2024,P061,5,4,2,11
7/19/2024,P062,16,20,11,47
7/19/2024,P063,9,3,8,20
7/19/2024,P064,4,14,11,29
7/19/2024,P065,11,5,9,25
7/19/2024,P066,15,9,6,30
7/19/2024,P067,13,1,16,30
7/19/2024,P068,3,14,15,32
7/19/2024,P069,8,6,10,24
7/19/2024,P070,9,11,5,25
7/20/2024,P001,9,2,7,18
7/20/2024,P002,3,9,18,30
7/20/2024,P003,6,12,6,24
7/20/2024,P004,4,4,9,17
7/20/2024,P005,3,2,12,17
7/20/2024,P006,17,7,10,34
7/20/2024,P007,10,17,20,47
7/20/2024,P008,18,9,14,41
7/20/2024,P009,9,20,3,32
7/20/2024,P010,4,6,3,13
7/20/2024,P011,2,14,15,31
7/20/2024,P012,21,12,12,45
7/20/2024,P013,22,12,22,56
7/20/2024,P014,14,9,2,25
7/20/2024,P015,10,5,7,22
7/20/2024,P016,6,12,6,24
7/20/2024,P017,7,18,5,30
7/20/2024,P018,7,4,18,29
7/20/2024,P019,6,7,5,18
7/20/2024,P020,11,6,3,20
7/20/2024,P021,3,14,17,34
7/20/2024,P022,4,11,8,23
7/20/2024,P023,7,5,14,26
7/20/2024,P024,18,7,8,33
7/20/2024,P025,20,9,7,36
7/20/2024,P026,2,6,18,26
7/20/2024,P027,10,12,8,30
7/20/2024,P028,9,7,8,24
7/20/2024,P029,2,5,1,8
7/20/2024,P030,9,4,6,19
7/20/2024,P031,10,7,6,23
7/20/2024,P032,7,21,20,48
7/20/2024,P033,10,11,8,29
7/20/2024,P034,3,11,12,26
7/20/2024,P035,4,9,10,23
7/20/2024,P036,9,21,12,42
7/20/2024,P037,6,4,8,18
7/20/2024,P038,9,6,7,22
7/20/2024,P039,22,6,18,46
7/20/2024,P040,6,10,11,27
7/20/2024,P041,11,4,3,18
7/20/2024,P042,6,12,3,21
7/20/2024,P043,7,6,9,22
7/20/2024,P044,11,10,9,30
7/20/2024,P045,18,11,6,35
7/20/2024,P046,8,3,7,18
7/20/2024,P047,15,12,4,31
7/20/2024,P048,4,4,3,11
7/20/2024,P049,6,11,7,24
7/20/2024,P050,9,12,6,27
7/20/2024,P051,8,3,12,23
7/20/2024,P052,22,10,12,44
7/20/2024,P053,15,3,4,22
7/20/2024,P054,4,7,3,14
7/20/2024,P055,11,4,13,28
7/20/2024,P056,5,4,10,19
7/20/2024,P057,13,5,7,25
7/20/2024,P058,2,7,21,30
7/20/2024,P059,7,10,4,21
7/20/2024,P060,13,18,7,38
7/20/2024,P061,3,11,14,28
7/20/2024,P062,7,17,6,30
7/20/2024,P063,11,4,6,21
7/20/2024,P064,20,10,16,46
7/20/2024,P065,7,12,3,22
7/20/2024,P066,8,8,21,37
7/20/2024,P067,9,7,7,23
7/20/2024,P068,17,18,5,40
7/20/2024,P069,2,7,7,16
7/20/2024,P070,7,4,20,31
7/21/2024,P001,13,10,9,32
7/21/2024,P002,6,12,8,26
7/21/2024,P003,8,9,10,27
7/21/2024,P004,12,4,5,21
7/21/2024,P005,5,13,7,25
7/21/2024,P006,17,6,12,35
7/21/2024,P007,3,11,3,17
7/21/2024,P008,15,20,16,51
7/21/2024,P009,20,18,5,43
7/21/2024,P010,10,6,15,31
7/21/2024,P011,8,10,5,23
7/21/2024,P012,21,5,10,36
7/21/2024,P013,1,1,15,17
7/21/2024,P014,13,18,4,35
7/21/2024,P015,10,3,8,21
7/21/2024,P016,6,4,9,19
7/21/2024,P017,7,8,19,34
7/21/2024,P018,9,8,15,32
7/21/2024,P019,9,3,20,32
7/21/2024,P020,16,5,8,29
7/21/2024,P021,6,14,17,37
7/21/2024,P022,11,7,12,30
7/21/2024,P023,7,6,9,22
7/21/2024,P024,8,3,11,22
7/21/2024,P025,2,8,21,31
7/21/2024,P026,18,16,10,44
7/21/2024,P027,12,3,16,31
7/21/2024,P028,13,3,9,25
7/21/2024,P029,2,5,10,17
7/21/2024,P030,12,3,21,36
7/21/2024,P031,2,21,9,32
7/21/2024,P032,7,7,8,22
7/21/2024,P033,11,3,10,24
7/21/2024,P034,10,9,7,26
7/21/2024,P035,9,5,20,34
7/21/2024,P036,15,1,6,22
7/21/2024,P037,2,18,8,28
7/21/2024,P038,9,7,8,24
7/21/2024,P039,18,7,12,37
7/21/2024,P040,9,6,2,17
7/21/2024,P041,2,12,19,33
7/21/2024,P042,14,5,3,22
7/21/2024,P043,2,9,2,13
7/21/2024,P044,7,16,19,42
7/21/2024,P045,12,13,11,36
7/21/2024,P046,9,11,5,25
7/21/2024,P047,19,20,9,48
7/21/2024,P048,10,4,10,24
7/21/2024,P049,16,16,11,43
7/21/2024,P050,3,3,12,18
7/21/2024,P051,11,19,14,44
7/21/2024,P052,18,19,10,47
7/21/2024,P053,4,19,9,32
7/21/2024,P054,10,5,22,37
7/21/2024,P055,7,8,8,23
7/21/2024,P056,6,2,4,12
7/21/2024,P057,7,7,12,26
7/21/2024,P058,10,12,3,25
7/21/2024,P059,8,6,10,24
7/21/2024,P060,7,18,7,32
7/21/2024,P061,7,11,16,34
7/21/2024,P062,3,15,6,24
7/21/2024,P063,8,4,12,24
7/21/2024,P064,20,20,19,59
7/21/2024,P065,11,6,2,19
7/21/2024,P066,13,8,19,40
7/21/2024,P067,17,8,10,35
7/21/2024,P068,2,12,7,21
7/21/2024,P069,6,8,12,26
7/21/2024,P070,12,5,18,35
7/22/2024,P001,17,6,2,25
7/22/2024,P002,6,15,12,33
7/22/2024,P003,8,7,5,20
7/22/2024,P004,20,9,5,34
7/22/2024,P005,9,12,9,30
7/22/2024,P006,18,3,6,27
7/22/2024,P007,2,18,1,21
7/22/2024,P008,1,1,11,13
7/22/2024,P009,18,15,9,42
7/22/2024,P010,2,11,19,32
7/22/2024,P011,8,18,6,32
7/22/2024,P012,13,9,9,31
7/22/2024,P013,7,10,7,24
7/22/2024,P014,6,6,10,22
7/22/2024,P015,9,6,7,22
7/22/2024,P016,4,10,7,21
7/22/2024,P017,9,19,9,37
7/22/2024,P018,20,5,17,42
7/22/2024,P019,10,4,3,17
7/22/2024,P020,2,19,9,30
7/22/2024,P021,9,1,17,27
7/22/2024,P022,4,7,4,15
7/22/2024,P023,10,8,14,32
7/22/2024,P024,6,5,8,19
7/22/2024,P025,15,10,21,46
7/22/2024,P026,6,15,5,26
7/22/2024,P027,8,4,5,17
7/22/2024,P028,16,7,8,31
7/22/2024,P029,9,13,11,33
7/22/2024,P030,9,2,22,33
7/22/2024,P031,11,12,8,31
7/22/2024,P032,7,6,15,28
7/22/2024,P033,11,2,8,21
7/22/2024,P034,4,7,8,19
7/22/2024,P035,8,20,17,45
7/22/2024,P036,2,19,6,27
7/22/2024,P037,9,11,14,34
7/22/2024,P038,20,5,14,39
7/22/2024,P039,22,22,2,46
7/22/2024,P040,8,20,10,38
7/22/2024,P041,15,10,7,32
7/22/2024,P042,18,14,10,42
7/22/2024,P043,5,3,10,18
7/22/2024,P044,11,3,15,29
7/22/2024,P045,19,15,3,37
7/22/2024,P046,10,12,20,42
7/22/2024,P047,20,3,8,31
7/22/2024,P048,6,1,5,12
7/22/2024,P049,7,18,8,33
7/22/2024,P050,2,4,7,13
7/22/2024,P051,3,5,22,30
7/22/2024,P052,7,19,4,30
7/22/2024,P053,12,8,4,24
7/22/2024,P054,7,8,20,35
7/22/2024,P055,2,9,10,21
7/22/2024,P056,6,6,4,16
7/22/2024,P057,3,3,9,15
7/22/2024,P058,5,9,9,23
7/22/2024,P059,5,5,3,13
7/22/2024,P060,3,2,12,17
7/22/2024,P061,7,6,11,24
7/22/2024,P062,2,21,12,35
7/22/2024,P063,5,7,2,14
7/22/2024,P064,12,17,2,31
7/22/2024,P065,11,6,9,26
7/22/2024,P066,11,14,1,26
7/22/2024,P067,5,14,22,41
7/22/2024,P068,15,2,3,20
7/22/2024,P069,6,2,9,17
7/22/2024,P070,9,9,3,21
7/23/2024,P001,12,9,12,33
7/23/2024,P002,2,2,5,9
7/23/2024,P003,8,5,4,17
7/23/2024,P004,9,4,2,15
7/23/2024,P005,7,4,2,13
7/23/2024,P006,3,6,2,11
7/23/2024,P007,5,5,2,12
7/23/2024,P008,21,2,15,38
7/23/2024,P009,15,17,7,39
7/23/2024,P010,6,8,10,24
7/23/2024,P011,4,3,18,25
7/23/2024,P012,10,2,2,14
7/23/2024,P013,10,17,12,39
7/23/2024,P014,19,6,18,43
7/23/2024,P015,11,7,2,20
7/23/2024,P016,9,5,18,32
7/23/2024,P017,3,15,14,32
7/23/2024,P018,4,10,10,24
7/23/2024,P019,3,8,4,15
7/23/2024,P020,8,5,2,15
7/23/2024,P021,8,12,1,21
7/23/2024,P022,19,12,2,33
7/23/2024,P023,12,2,2,16
7/23/2024,P024,4,12,6,22
7/23/2024,P025,22,4,4,30
7/23/2024,P026,18,15,12,45
7/23/2024,P027,5,10,4,19
7/23/2024,P028,16,9,2,27
7/23/2024,P029,11,17,4,32
7/23/2024,P030,3,4,4,11
7/23/2024,P031,10,20,9,39
7/23/2024,P032,7,3,5,15
7/23/2024,P033,12,14,9,35
7/23/2024,P034,10,5,12,27
7/23/2024,P035,11,9,19,39
7/23/2024,P036,7,1,3,11
7/23/2024,P037,3,14,7,24
7/23/2024,P038,18,6,11,35
7/23/2024,P039,18,13,18,49
7/23/2024,P040,9,18,9,36
7/23/2024,P041,11,4,6,21
7/23/2024,P042,8,7,20,35
7/23/2024,P043,4,5,4,13
7/23/2024,P044,8,14,9,31
7/23/2024,P045,4,10,5,19
7/23/2024,P046,11,12,15,38
7/23/2024,P047,3,1,11,15
7/23/2024,P048,11,18,18,47
7/23/2024,P049,13,15,2,30
7/23/2024,P050,12,12,7,31
7/23/2024,P051,21,18,16,55
7/23/2024,P052,7,12,4,23
7/23/2024,P053,16,18,4,38
7/23/2024,P054,12,2,2,16
7/23/2024,P055,2,4,12,18
7/23/2024,P056,2,11,2,15
7/23/2024,P057,6,9,3,18
7/23/2024,P058,6,5,4,15
7/23/2024,P059,6,4,5,15
7/23/2024,P060,11,6,3,20
7/23/2024,P061,10,6,15,31
7/23/2024,P062,10,2,7,19
7/23/2024,P063,4,12,3,19
7/23/2024,P064,2,19,19,40
7/23/2024,P065,6,3,3,12
7/23/2024,P066,8,7,10,25
7/23/2024,P067,1,11,12,24
7/23/2024,P068,17,18,9,44
7/23/2024,P069,10,7,5,22
7/23/2024,P070,3,2,12,17
7/24/2024,P001,3,10,12,25
7/24/2024,P002,7,2,5,14
7/24/2024,P003,12,12,3,27
7/24/2024,P004,8,5,5,18
7/24/2024,P005,12,5,10,27
7/24/2024,P006,17,9,11,37
7/24/2024,P007,9,14,16,39
7/24/2024,P008,15,6,4,25
7/24/2024,P009,17,10,12,39
7/24/2024,P010,2,4,18,24
7/24/2024,P011,5,12,4,21
7/24/2024,P012,18,6,10,34
7/24/2024,P013,22,10,6,38
7/24/2024,P014,20,11,12,43
7/24/2024,P015,10,3,6,19
7/24/2024,P016,11,12,18,41
7/24/2024,P017,15,4,11,30
7/24/2024,P018,7,11,6,24
7/24/2024,P019,10,12,15,37
7/24/2024,P020,8,3,5,16
7/24/2024,P021,9,10,15,34
7/24/2024,P022,11,3,10,24
7/24/2024,P023,3,7,19,29
7/24/2024,P024,8,4,12,24
7/24/2024,P025,18,4,8,30
7/24/2024,P026,20,5,8,33
7/24/2024,P027,3,7,8,18
7/24/2024,P028,19,10,10,39
7/24/2024,P029,8,18,6,32
7/24/2024,P030,6,11,20,37
7/24/2024,P031,5,17,7,29
7/24/2024,P032,2,4,12,18
7/24/2024,P033,7,10,6,23
7/24/2024,P034,3,12,12,27
7/24/2024,P035,2,8,3,13
7/24/2024,P036,11,7,6,24
7/24/2024,P037,11,18,22,51
7/24/2024,P038,12,7,20,39
7/24/2024,P039,14,5,5,24
7/24/2024,P040,7,10,12,29
7/24/2024,P041,7,4,2,13
7/24/2024,P042,20,7,3,30
7/24/2024,P043,10,7,7,24
7/24/2024,P044,12,22,2,36
7/24/2024,P045,9,9,4,22
7/24/2024,P046,7,6,21,34
7/24/2024,P047,1,11,2,14
7/24/2024,P048,5,17,6,28
7/24/2024,P049,14,17,6,37
7/24/2024,P050,11,10,10,31
7/24/2024,P051,14,4,16,34
7/24/2024,P052,12,14,2,28
7/24/2024,P053,18,16,4,38
7/24/2024,P054,9,4,15,28
7/24/2024,P055,9,2,15,26
7/24/2024,P056,3,11,7,21
7/24/2024,P057,5,18,10,33
7/24/2024,P058,2,3,3,8
7/24/2024,P059,5,5,9,19
7/24/2024,P060,14,12,19,45
7/24/2024,P061,9,7,4,20
7/24/2024,P062,10,7,7,24
7/24/2024,P063,12,14,11,37
7/24/2024,P064,15,3,11,29
7/24/2024,P065,10,6,12,28
7/24/2024,P066,1,22,8,31
7/24/2024,P067,13,20,1,34
7/24/2024,P068,4,5,18,27
7/24/2024,P069,5,6,3,14
7/24/2024,P070,10,5,4,19
7/25/2024,P001,3,10,4,17
7/25/2024,P002,3,14,13,30
7/25/2024,P003,8,4,2,14
7/25/2024,P004,10,3,9,22
7/25/2024,P005,9,8,4,21
7/25/2024,P006,13,8,7,28
7/25/2024,P007,2,1,9,12
7/25/2024,P008,4,7,7,18
7/25/2024,P009,10,6,9,25
7/25/2024,P010,2,12,7,21
7/25/2024,P011,7,5,16,28
7/25/2024,P012,10,9,9,28
7/25/2024,P013,15,16,12,43
7/25/2024,P014,17,13,7,37
7/25/2024,P015,3,11,10,24
7/25/2024,P016,6,20,2,28
7/25/2024,P017,19,4,19,42
7/25/2024,P018,19,16,20,55
7/25/2024,P019,7,3,7,17
7/25/2024,P020,2,19,12,33
7/25/2024,P021,7,19,6,32
7/25/2024,P022,13,19,6,38
7/25/2024,P023,12,5,11,28
7/25/2024,P024,3,8,2,13
7/25/2024,P025,8,2,14,24
7/25/2024,P026,9,7,22,38
7/25/2024,P027,4,12,17,33
7/25/2024,P028,8,6,6,20
7/25/2024,P029,4,18,3,25
7/25/2024,P030,5,11,16,32
7/25/2024,P031,7,15,9,31
7/25/2024,P032,3,4,20,27
7/25/2024,P033,8,20,8,36
7/25/2024,P034,5,6,6,17
7/25/2024,P035,3,8,4,15
7/25/2024,P036,18,8,8,34
7/25/2024,P037,7,12,5,24
7/25/2024,P038,4,8,1,13
7/25/2024,P039,11,1,3,15
7/25/2024,P040,9,9,6,24
7/25/2024,P041,9,2,5,16
7/25/2024,P042,17,3,20,40
7/25/2024,P043,5,9,6,20
7/25/2024,P044,4,5,13,22
7/25/2024,P045,19,11,7,37
7/25/2024,P046,10,11,22,43
7/25/2024,P047,2,6,3,11
7/25/2024,P048,8,18,17,43
7/25/2024,P049,9,7,9,25
7/25/2024,P050,2,2,7,11
7/25/2024,P051,7,6,9,22
7/25/2024,P052,9,20,7,36
7/25/2024,P053,7,3,9,19
7/25/2024,P054,5,4,22,31
7/25/2024,P055,11,9,15,35
7/25/2024,P056,3,3,6,12
7/25/2024,P057,20,6,12,38
7/25/2024,P058,8,6,17,31
7/25/2024,P059,3,10,7,20
7/25/2024,P060,2,11,8,21
7/25/2024,P061,9,8,7,24
7/25/2024,P062,15,6,10,31
7/25/2024,P063,5,22,2,29
7/25/2024,P064,18,4,15,37
7/25/2024,P065,11,8,3,22
7/25/2024,P066,6,5,19,30
7/25/2024,P067,17,1,10,28
7/25/2024,P068,18,3,6,27
7/25/2024,P069,4,4,6,14
7/25/2024,P070,12,11,10,33
7/26/2024,P001,4,6,11,21
7/26/2024,P002,12,14,17,43
7/26/2024,P003,2,5,4,11
7/26/2024,P004,15,2,3,20
7/26/2024,P005,3,10,7,20
7/26/2024,P006,20,9,11,40
7/26/2024,P007,8,19,13,40
7/26/2024,P008,21,22,19,62
7/26/2024,P009,6,20,3,29
7/26/2024,P010,8,10,5,23
7/26/2024,P011,12,14,10,36
7/26/2024,P012,3,3,4,10
7/26/2024,P013,3,3,9,15
7/26/2024,P014,16,15,3,34
7/26/2024,P015,10,12,7,29
7/26/2024,P016,9,3,2,14
7/26/2024,P017,10,1,13,24
7/26/2024,P018,10,18,18,46
7/26/2024,P019,4,4,9,17
7/26/2024,P020,5,5,10,20
7/26/2024,P021,9,19,20,48
7/26/2024,P022,10,8,2,20
7/26/2024,P023,11,8,14,33
7/26/2024,P024,1,9,9,19
7/26/2024,P025,9,6,18,33
7/26/2024,P026,15,3,11,29
7/26/2024,P027,6,9,14,29
7/26/2024,P028,9,5,9,23
7/26/2024,P029,2,2,1,5
7/26/2024,P030,10,6,16,32
7/26/2024,P031,5,21,9,35
7/26/2024,P032,4,7,5,16
7/26/2024,P033,5,17,8,30
7/26/2024,P034,9,6,11,26
7/26/2024,P035,12,14,19,45
7/26/2024,P036,9,14,2,25
7/26/2024,P037,2,2,20,24
7/26/2024,P038,5,2,17,24
7/26/2024,P039,4,2,7,13
7/26/2024,P040,9,3,6,18
7/26/2024,P041,20,7,8,35
7/26/2024,P042,10,8,13,31
7/26/2024,P043,2,6,3,11
7/26/2024,P044,2,10,18,30
7/26/2024,P045,13,13,9,35
7/26/2024,P046,11,11,3,25
7/26/2024,P047,16,4,12,32
7/26/2024,P048,7,7,11,25
7/26/2024,P049,14,6,10,30
7/26/2024,P050,12,6,6,24
7/26/2024,P051,17,4,1,22
7/26/2024,P052,22,6,6,34
7/26/2024,P053,12,17,4,33
7/26/2024,P054,3,8,18,29
7/26/2024,P055,8,5,18,31
7/26/2024,P056,8,2,4,14
7/26/2024,P057,12,6,6,24
7/26/2024,P058,9,7,11,27
7/26/2024,P059,10,9,12,31
7/26/2024,P060,16,10,18,44
7/26/2024,P061,10,9,19,38
7/26/2024,P062,9,10,7,26
7/26/2024,P063,3,16,8,27
7/26/2024,P064,3,19,8,30
7/26/2024,P065,10,2,10,22
7/26/2024,P066,6,20,9,35
7/26/2024,P067,12,17,17,46
7/26/2024,P068,11,7,6,24
7/26/2024,P069,3,5,7,15
7/26/2024,P070,6,11,5,22
7/27/2024,P001,3,11,7,21
7/27/2024,P002,10,13,18,41
7/27/2024,P003,2,3,11,16
7/27/2024,P004,17,11,12,40
7/27/2024,P005,10,10,6,26
7/27/2024,P006,3,7,11,21
7/27/2024,P007,8,9,22,39
7/27/2024,P008,9,13,12,34
7/27/2024,P009,20,18,10,48
7/27/2024,P010,6,4,21,31
7/27/2024,P011,3,7,6,16
7/27/2024,P012,1,5,12,18
7/27/2024,P013,15,14,4,33
7/27/2024,P014,20,10,11,41
7/27/2024,P015,12,12,12,36
7/27/2024,P016,2,1,1,4
7/27/2024,P017,18,18,10,46
7/27/2024,P018,17,15,10,42
7/27/2024,P019,10,12,20,42
7/27/2024,P020,18,18,11,47
7/27/2024,P021,9,12,19,40
7/27/2024,P022,4,18,9,31
7/27/2024,P023,2,2,7,11
7/27/2024,P024,21,4,4,29
7/27/2024,P025,22,11,14,47
7/27/2024,P026,14,9,4,27
7/27/2024,P027,5,5,4,14
7/27/2024,P028,21,4,4,29
7/27/2024,P029,6,6,3,15
7/27/2024,P030,14,6,4,24
7/27/2024,P031,11,2,20,33
7/27/2024,P032,12,12,9,33
7/27/2024,P033,6,19,8,33
7/27/2024,P034,7,3,9,19
7/27/2024,P035,5,7,14,26
7/27/2024,P036,17,11,8,36
7/27/2024,P037,2,18,7,27
7/27/2024,P038,8,7,18,33
7/27/2024,P039,12,21,8,41
7/27/2024,P040,20,22,8,50
7/27/2024,P041,15,6,1,22
7/27/2024,P042,15,9,6,30
7/27/2024,P043,12,12,6,30
7/27/2024,P044,10,22,20,52
7/27/2024,P045,9,13,2,24
7/27/2024,P046,11,7,7,25
7/27/2024,P047,9,13,5,27
7/27/2024,P048,2,7,11,20
7/27/2024,P049,20,3,3,26
7/27/2024,P050,7,6,3,16
7/27/2024,P051,8,22,12,42
7/27/2024,P052,9,13,4,26
7/27/2024,P053,13,6,5,24
7/27/2024,P054,6,6,8,20
7/27/2024,P055,4,3,5,12
7/27/2024,P056,12,4,8,24
7/27/2024,P057,18,11,9,38
7/27/2024,P058,8,3,22,33
7/27/2024,P059,4,2,9,15
7/27/2024,P060,11,13,16,40
7/27/2024,P061,6,6,12,24
7/27/2024,P062,14,6,6,26
7/27/2024,P063,6,16,10,32
7/27/2024,P064,7,14,3,24
7/27/2024,P065,6,8,12,26
7/27/2024,P066,13,7,11,31
7/27/2024,P067,3,18,10,31
7/27/2024,P068,9,8,11,28
7/27/2024,P069,2,5,3,10
7/27/2024,P070,9,2,12,23
7/28/2024,P001,8,12,10,30
7/28/2024,P002,6,7,18,31
7/28/2024,P003,22,7,11,40
7/28/2024,P004,5,8,7,20
7/28/2024,P005,12,11,3,26
7/28/2024,P006,20,9,6,35
7/28/2024,P007,6,18,18,42
7/28/2024,P008,18,5,8,31
7/28/2024,P009,18,10,12,40
7/28/2024,P010,5,4,7,16
7/28/2024,P011,10,7,19,36
7/28/2024,P012,2,7,8,17
7/28/2024,P013,19,22,10,51
7/28/2024,P014,19,9,7,35
7/28/2024,P015,7,6,11,24
7/28/2024,P016,10,11,15,36
7/28/2024,P017,7,17,2,26
7/28/2024,P018,17,17,9,43
7/28/2024,P019,3,10,4,17
7/28/2024,P020,15,4,5,24
7/28/2024,P021,20,14,22,56
7/28/2024,P022,10,16,3,29
7/28/2024,P023,8,4,2,14
7/28/2024,P024,21,2,3,26
7/28/2024,P025,1,11,22,34
7/28/2024,P026,13,18,15,46
7/28/2024,P027,6,3,2,11
7/28/2024,P028,21,5,7,33
7/28/2024,P029,6,12,6,24
7/28/2024,P030,4,7,5,16
7/28/2024,P031,2,7,18,27
7/28/2024,P032,10,14,5,29
7/28/2024,P033,5,3,12,20
7/28/2024,P034,12,6,3,21
7/28/2024,P035,4,22,9,35
7/28/2024,P036,6,20,11,37
7/28/2024,P037,9,5,21,35
7/28/2024,P038,10,6,10,26
7/28/2024,P039,20,14,16,50
7/28/2024,P040,18,20,9,47
7/28/2024,P041,16,4,10,30
7/28/2024,P042,18,12,21,51
7/28/2024,P043,12,9,9,30
7/28/2024,P044,6,7,8,21
7/28/2024,P045,9,19,12,40
7/28/2024,P046,10,6,8,24
7/28/2024,P047,13,17,4,34
7/28/2024,P048,10,4,10,24
7/28/2024,P049,14,17,10,41
7/28/2024,P050,12,12,6,30
7/28/2024,P051,6,3,3,12
7/28/2024,P052,20,8,8,36
7/28/2024,P053,5,3,3,11
7/28/2024,P054,7,9,9,25
7/28/2024,P055,2,11,2,15
7/28/2024,P056,5,2,4,11
7/28/2024,P057,12,13,5,30
7/28/2024,P058,9,11,22,42
7/28/2024,P059,10,12,3,25
7/28/2024,P060,9,20,3,32
7/28/2024,P061,7,8,8,23
7/28/2024,P062,8,11,3,22
7/28/2024,P063,11,9,9,29
7/28/2024,P064,19,9,20,48
7/28/2024,P065,12,11,3,26
7/28/2024,P066,19,21,14,54
7/28/2024,P067,11,10,16,37
7/28/2024,P068,6,16,13,35
7/28/2024,P069,4,9,11,24
7/28/2024,P070,5,9,20,34
8/1/2024,P001,5,5,11,21
8/1/2024,P002,2,3,2,7
8/1/2024,P003,15,7,6,28
8/1/2024,P004,20,9,9,38
8/1/2024,P005,6,19,6,31
8/1/2024,P006,10,9,10,29
8/1/2024,P007,4,11,12,27
8/1/2024,P008,18,1,18,37
8/1/2024,P009,10,9,6,25
8/1/2024,P010,18,2,6,26
8/1/2024,P011,7,3,2,12
8/1/2024,P012,3,9,2,14
8/1/2024,P013,10,5,12,27
8/1/2024,P014,14,11,7,32
8/1/2024,P015,2,11,11,24
8/1/2024,P016,6,6,17,29
8/1/2024,P017,5,18,13,36
8/1/2024,P018,18,7,3,28
8/1/2024,P019,2,2,7,11
8/1/2024,P020,1,6,3,10
8/1/2024,P021,18,20,17,55
8/1/2024,P022,2,3,11,16
8/1/2024,P023,8,4,19,31
8/1/2024,P024,13,9,2,24
8/1/2024,P025,7,3,16,26
8/1/2024,P026,6,6,12,24
8/1/2024,P027,9,6,4,19
8/1/2024,P028,17,10,8,35
8/1/2024,P029,2,11,9,22
8/1/2024,P030,3,8,19,30
8/1/2024,P031,5,6,15,26
8/1/2024,P032,9,22,20,51
8/1/2024,P033,3,4,8,15
8/1/2024,P034,9,8,2,19
8/1/2024,P035,6,5,14,25
8/1/2024,P036,20,1,8,29
8/1/2024,P037,11,3,21,35
8/1/2024,P038,10,4,5,19
8/1/2024,P039,9,1,5,15
8/1/2024,P040,15,2,8,25
8/1/2024,P041,7,8,11,26
8/1/2024,P042,6,15,22,43
8/1/2024,P043,9,7,8,24
8/1/2024,P044,2,3,15,20
8/1/2024,P045,10,15,12,37
8/1/2024,P046,2,2,6,10
8/1/2024,P047,22,23,6,51
8/1/2024,P048,6,13,10,29
8/1/2024,P049,12,13,7,32
8/1/2024,P050,10,5,2,17
8/1/2024,P051,2,18,11,31
8/1/2024,P052,18,6,4,28
8/1/2024,P053,10,10,2,22
8/1/2024,P054,3,2,22,27
8/1/2024,P055,6,4,16,26
8/1/2024,P056,10,6,9,25
8/1/2024,P057,19,15,5,39
8/1/2024,P058,10,12,14,36
8/1/2024,P059,3,2,10,15
8/1/2024,P060,18,7,17,42
8/1/2024,P061,10,10,18,38
8/1/2024,P062,18,21,6,45
8/1/2024,P063,12,1,11,24
8/1/2024,P064,14,14,7,35
8/1/2024,P065,2,8,10,20
8/1/2024,P066,7,21,3,31
8/1/2024,P067,10,5,3,18
8/1/2024,P068,16,5,15,36
8/1/2024,P069,11,7,12,30
8/1/2024,P070,5,11,3,19
8/2/2024,P001,14,10,3,27
8/2/2024,P002,10,11,6,27
8/2/2024,P003,19,10,6,35
8/2/2024,P004,1,5,2,8
8/2/2024,P005,9,19,9,37
8/2/2024,P006,10,20,11,41
8/2/2024,P007,11,10,11,32
8/2/2024,P008,14,2,2,18
8/2/2024,P009,9,3,9,21
8/2/2024,P010,9,7,3,19
8/2/2024,P011,3,8,20,31
8/2/2024,P012,10,6,6,22
8/2/2024,P013,18,10,19,47
8/2/2024,P014,4,13,11,28
8/2/2024,P015,6,11,5,22
8/2/2024,P016,2,4,10,16
8/2/2024,P017,21,7,14,42
8/2/2024,P018,3,6,22,31
8/2/2024,P019,5,6,19,30
8/2/2024,P020,21,4,3,28
8/2/2024,P021,15,6,16,37
8/2/2024,P022,6,17,7,30
8/2/2024,P023,4,8,3,15
8/2/2024,P024,10,5,8,23
8/2/2024,P025,10,2,10,22
8/2/2024,P026,19,6,9,34
8/2/2024,P027,12,7,10,29
8/2/2024,P028,11,9,7,27
8/2/2024,P029,11,10,7,28
8/2/2024,P030,10,9,9,28
8/2/2024,P031,8,10,17,35
8/2/2024,P032,2,16,3,21
8/2/2024,P033,10,19,2,31
8/2/2024,P034,3,2,3,8
8/2/2024,P035,12,20,2,34
8/2/2024,P036,17,17,6,40
8/2/2024,P037,8,7,4,19
8/2/2024,P038,11,5,12,28
8/2/2024,P039,8,20,4,32
8/2/2024,P040,17,8,2,27
8/2/2024,P041,10,4,4,18
8/2/2024,P042,8,2,4,14
8/2/2024,P043,8,5,9,22
8/2/2024,P044,9,5,5,19
8/2/2024,P045,15,3,4,22
8/2/2024,P046,3,5,5,13
8/2/2024,P047,18,6,12,36
8/2/2024,P048,9,3,5,17
8/2/2024,P049,4,8,4,16
8/2/2024,P050,12,10,10,32
8/2/2024,P051,9,1,10,20
8/2/2024,P052,15,3,9,27
8/2/2024,P053,18,18,11,47
8/2/2024,P054,11,12,1,24
8/2/2024,P055,6,10,11,27
8/2/2024,P056,9,6,4,19
8/2/2024,P057,4,10,2,16
8/2/2024,P058,11,12,15,38
8/2/2024,P059,5,7,12,24
8/2/2024,P060,18,17,6,41
8/2/2024,P061,11,3,2,16
8/2/2024,P062,19,12,2,33
8/2/2024,P063,12,12,11,35
8/2/2024,P064,17,2,3,22
8/2/2024,P065,2,6,4,12
8/2/2024,P066,19,4,3,26
8/2/2024,P067,18,12,14,44
8/2/2024,P068,15,4,10,29
8/2/2024,P069,11,9,12,32
8/2/2024,P070,2,8,1,11
8/3/2024,P001,11,6,8,25
8/3/2024,P002,10,14,12,36
8/3/2024,P003,15,9,7,31
8/3/2024,P004,15,9,10,34
8/3/2024,P005,5,2,8,15
8/3/2024,P006,12,18,10,40
8/3/2024,P007,10,8,1,19
8/3/2024,P008,16,21,6,43
8/3/2024,P009,3,22,5,30
8/3/2024,P010,12,6,4,22
8/3/2024,P011,8,9,18,35
8/3/2024,P012,18,12,6,36
8/3/2024,P013,7,22,13,42
8/3/2024,P014,6,13,15,34
8/3/2024,P015,3,7,9,19
8/3/2024,P016,5,13,7,25
8/3/2024,P017,7,7,13,27
8/3/2024,P018,17,3,20,40
8/3/2024,P019,9,6,10,25
8/3/2024,P020,15,22,8,45
8/3/2024,P021,17,13,7,37
8/3/2024,P022,2,6,2,10
8/3/2024,P023,5,6,18,29
8/3/2024,P024,18,3,3,24
8/3/2024,P025,22,4,7,33
8/3/2024,P026,20,11,9,40
8/3/2024,P027,6,3,18,27
8/3/2024,P028,18,2,2,22
8/3/2024,P029,10,13,18,41
8/3/2024,P030,19,6,14,39
8/3/2024,P031,2,6,10,18
8/3/2024,P032,10,16,4,30
8/3/2024,P033,4,14,2,20
8/3/2024,P034,10,8,7,25
8/3/2024,P035,2,7,19,28
8/3/2024,P036,14,18,12,44
8/3/2024,P037,4,8,8,20
8/3/2024,P038,19,5,8,32
8/3/2024,P039,10,15,8,33
8/3/2024,P040,10,3,10,23
8/3/2024,P041,9,9,6,24
8/3/2024,P042,14,2,20,36
8/3/2024,P043,4,12,7,23
8/3/2024,P044,3,12,12,27
8/3/2024,P045,11,17,11,39
8/3/2024,P046,8,10,4,22
8/3/2024,P047,12,7,2,21
8/3/2024,P048,10,20,17,47
8/3/2024,P049,9,10,10,29
8/3/2024,P050,3,4,9,16
8/3/2024,P051,5,9,22,36
8/3/2024,P052,17,9,4,30
8/3/2024,P053,14,14,8,36
8/3/2024,P054,12,11,7,30
8/3/2024,P055,2,6,16,24
8/3/2024,P056,6,6,4,16
8/3/2024,P057,9,9,5,23
8/3/2024,P058,7,6,5,18
8/3/2024,P059,9,11,6,26
8/3/2024,P060,17,10,3,30
8/3/2024,P061,11,10,6,27
8/3/2024,P062,14,7,10,31
8/3/2024,P063,8,3,11,22
8/3/2024,P064,11,19,20,50
8/3/2024,P065,9,12,2,23
8/3/2024,P066,6,8,12,26
8/3/2024,P067,16,8,22,46
8/3/2024,P068,15,8,9,32
8/3/2024,P069,6,5,6,17
8/3/2024,P070,5,5,11,21
8/4/2024,P001,12,5,9,26
8/4/2024,P002,2,2,11,15
8/4/2024,P003,9,9,8,26
8/4/2024,P004,3,9,4,16
8/4/2024,P005,5,12,9,26
8/4/2024,P006,4,15,6,25
8/4/2024,P007,12,3,17,32
8/4/2024,P008,21,14,22,57
8/4/2024,P009,22,20,5,47
8/4/2024,P010,4,4,4,12
8/4/2024,P011,6,12,8,26
8/4/2024,P012,2,9,10,21
8/4/2024,P013,5,7,16,28
8/4/2024,P014,20,19,9,48
8/4/2024,P015,2,6,9,17
8/4/2024,P016,9,17,6,32
8/4/2024,P017,6,4,1,11
8/4/2024,P018,13,17,2,32
8/4/2024,P019,2,12,17,31
8/4/2024,P020,4,3,5,12
8/4/2024,P021,10,8,19,37
8/4/2024,P022,2,3,2,7
8/4/2024,P023,7,9,2,18
8/4/2024,P024,10,11,10,31
8/4/2024,P025,15,2,17,34
8/4/2024,P026,17,13,21,51
8/4/2024,P027,7,11,12,30
8/4/2024,P028,5,12,6,23
8/4/2024,P029,6,20,18,44
8/4/2024,P030,3,8,11,22
8/4/2024,P031,5,11,6,22
8/4/2024,P032,9,9,15,33
8/4/2024,P033,10,9,9,28
8/4/2024,P034,12,11,12,35
8/4/2024,P035,11,21,11,43
8/4/2024,P036,2,10,2,14
8/4/2024,P037,2,16,14,32
8/4/2024,P038,19,9,22,50
8/4/2024,P039,15,7,17,39
8/4/2024,P040,6,5,6,17
8/4/2024,P041,12,4,3,19
8/4/2024,P042,7,14,16,37
8/4/2024,P043,5,4,9,18
8/4/2024,P044,11,4,20,35
8/4/2024,P045,13,17,7,37
8/4/2024,P046,9,9,16,34
8/4/2024,P047,11,1,11,23
8/4/2024,P048,10,5,14,29
8/4/2024,P049,6,12,3,21
8/4/2024,P050,11,3,6,20
8/4/2024,P051,8,1,18,27
8/4/2024,P052,10,10,4,24
8/4/2024,P053,17,2,9,28
8/4/2024,P054,12,9,15,36
8/4/2024,P055,11,11,15,37
8/4/2024,P056,2,7,4,13
8/4/2024,P057,19,11,9,39
8/4/2024,P058,10,11,20,41
8/4/2024,P059,7,4,9,20
8/4/2024,P060,15,8,10,33
8/4/2024,P061,3,7,2,12
8/4/2024,P062,10,21,9,40
8/4/2024,P063,6,11,8,25
8/4/2024,P064,16,11,8,35
8/4/2024,P065,3,2,3,8
8/4/2024,P066,21,14,13,48
8/4/2024,P067,7,22,5,34
8/4/2024,P068,5,17,11,33
8/4/2024,P069,6,7,11,24
8/4/2024,P070,9,4,6,19
8/5/2024,P001,17,4,2,23
8/5/2024,P002,5,16,10,31
8/5/2024,P003,21,10,9,40
8/5/2024,P004,9,5,7,21
8/5/2024,P005,2,11,7,20
8/5/2024,P006,19,17,12,48
8/5/2024,P007,6,17,12,35
8/5/2024,P008,9,1,18,28
8/5/2024,P009,20,2,2,24
8/5/2024,P010,16,8,7,31
8/5/2024,P011,3,15,12,30
8/5/2024,P012,3,7,5,15
8/5/2024,P013,21,3,14,38
8/5/2024,P014,16,15,8,39
8/5/2024,P015,2,2,8,12
8/5/2024,P016,7,23,7,37
8/5/2024,P017,3,13,16,32
8/5/2024,P018,20,13,15,48
8/5/2024,P019,8,5,17,30
8/5/2024,P020,21,18,2,41
8/5/2024,P021,6,6,9,21
8/5/2024,P022,8,10,9,27
8/5/2024,P023,12,2,3,17
8/5/2024,P024,3,4,3,10
8/5/2024,P025,3,6,14,23
8/5/2024,P026,16,15,1,32
8/5/2024,P027,11,12,7,30
8/5/2024,P028,14,2,10,26
8/5/2024,P029,6,7,2,15
8/5/2024,P030,5,10,19,34
8/5/2024,P031,5,21,20,46
8/5/2024,P032,4,1,7,12
8/5/2024,P033,3,14,11,28
8/5/2024,P034,6,8,10,24
8/5/2024,P035,7,21,14,42
8/5/2024,P036,12,5,9,26
8/5/2024,P037,6,5,18,29
8/5/2024,P038,2,7,11,20
8/5/2024,P039,17,16,14,47
8/5/2024,P040,20,9,9,38
8/5/2024,P041,17,4,1,22
8/5/2024,P042,20,14,16,50
8/5/2024,P043,12,5,9,26
8/5/2024,P044,7,8,5,20
8/5/2024,P045,12,11,10,33
8/5/2024,P046,3,12,4,19
8/5/2024,P047,1,3,7,11
8/5/2024,P048,6,2,17,25
8/5/2024,P049,17,15,2,34
8/5/2024,P050,4,6,2,12
8/5/2024,P051,2,1,17,20
8/5/2024,P052,6,1,4,11
8/5/2024,P053,5,13,5,23
8/5/2024,P054,6,4,17,27
8/5/2024,P055,10,5,4,19
8/5/2024,P056,11,6,9,26
8/5/2024,P057,13,13,3,29
8/5/2024,P058,11,11,2,24
8/5/2024,P059,12,5,5,22
8/5/2024,P060,8,5,18,31
8/5/2024,P061,12,3,15,30
8/5/2024,P062,1,2,6,9
8/5/2024,P063,12,10,3,25
8/5/2024,P064,19,14,7,40
8/5/2024,P065,2,9,12,23
8/5/2024,P066,19,18,16,53
8/5/2024,P067,10,11,10,31
8/5/2024,P068,7,14,13,34
8/5/2024,P069,7,4,11,22
8/5/2024,P070,3,12,4,19
8/6/2024,P001,17,5,5,27
8/6/2024,P002,12,11,13,36
8/6/2024,P003,11,6,6,23
8/6/2024,P004,11,4,6,21
8/6/2024,P005,5,2,6,13
8/6/2024,P006,8,10,2,20
8/6/2024,P007,8,1,18,27
8/6/2024,P008,3,20,11,34
8/6/2024,P009,2,8,5,15
8/6/2024,P010,17,4,12,33
8/6/2024,P011,10,2,5,17
8/6/2024,P012,4,5,4,13
8/6/2024,P013,7,5,7,19
8/6/2024,P014,11,3,5,19
8/6/2024,P015,10,5,10,25
8/6/2024,P016,6,6,16,28
8/6/2024,P017,4,3,13,20
8/6/2024,P018,3,8,22,33
8/6/2024,P019,8,10,18,36
8/6/2024,P020,9,1,11,21
8/6/2024,P021,20,3,18,41
8/6/2024,P022,6,18,11,35
8/6/2024,P023,3,12,17,32
8/6/2024,P024,1,10,2,13
8/6/2024,P025,15,6,20,41
8/6/2024,P026,20,10,18,48
8/6/2024,P027,11,12,3,26
8/6/2024,P028,1,7,7,15
8/6/2024,P029,6,17,2,25
8/6/2024,P030,19,3,13,35
8/6/2024,P031,10,12,18,40
8/6/2024,P032,12,12,9,33
8/6/2024,P033,5,2,12,19
8/6/2024,P034,9,6,3,18
8/6/2024,P035,11,4,7,22
8/6/2024,P036,13,12,4,29
8/6/2024,P037,6,4,14,24
8/6/2024,P038,12,9,4,25
8/6/2024,P039,5,20,4,29
8/6/2024,P040,18,4,4,26
8/6/2024,P041,12,4,3,19
8/6/2024,P042,2,13,4,19
8/6/2024,P043,6,3,20,29
8/6/2024,P044,2,9,9,20
8/6/2024,P045,9,15,11,35
8/6/2024,P046,7,12,15,34
8/6/2024,P047,17,12,11,40
8/6/2024,P048,11,3,6,20
8/6/2024,P049,14,15,5,34
8/6/2024,P050,8,2,11,21
8/6/2024,P051,10,17,6,33
8/6/2024,P052,20,14,9,43
8/6/2024,P053,13,12,9,34
8/6/2024,P054,11,8,10,29
8/6/2024,P055,6,8,12,26
8/6/2024,P056,7,9,4,20
8/6/2024,P057,9,13,12,34
8/6/2024,P058,11,7,20,38
8/6/2024,P059,9,9,5,23
8/6/2024,P060,6,10,14,30
8/6/2024,P061,10,10,6,26
8/6/2024,P062,16,8,2,26
8/6/2024,P063,2,22,5,29
8/6/2024,P064,2,7,14,23
8/6/2024,P065,9,4,12,25
8/6/2024,P066,1,14,11,26
8/6/2024,P067,22,4,22,48
8/6/2024,P068,3,4,13,20
8/6/2024,P069,8,11,7,26
8/6/2024,P070,12,5,13,30
8/7/2024,P001,4,5,12,21
8/7/2024,P002,2,9,20,31
8/7/2024,P003,17,7,8,32
8/7/2024,P004,20,11,3,34
8/7/2024,P005,9,15,2,26
8/7/2024,P006,16,6,2,24
8/7/2024,P007,12,18,22,52
8/7/2024,P008,1,15,9,25
8/7/2024,P009,8,3,9,20
8/7/2024,P010,19,9,9,37
8/7/2024,P011,10,2,5,17
8/7/2024,P012,19,12,3,34
8/7/2024,P013,6,12,21,39
8/7/2024,P014,12,17,7,36
8/7/2024,P015,7,10,7,24
8/7/2024,P016,2,7,2,11
8/7/2024,P017,4,20,11,35
8/7/2024,P018,20,10,18,48
8/7/2024,P019,6,4,3,13
8/7/2024,P020,18,9,12,39
8/7/2024,P021,18,9,4,31
8/7/2024,P022,5,14,8,27
8/7/2024,P023,10,11,2,23
8/7/2024,P024,2,6,10,18
8/7/2024,P025,19,6,21,46
8/7/2024,P026,19,9,10,38
8/7/2024,P027,9,6,11,26
8/7/2024,P028,19,11,12,42
8/7/2024,P029,6,10,1,17
8/7/2024,P030,14,10,10,34
8/7/2024,P031,11,7,10,28
8/7/2024,P032,8,3,20,31
8/7/2024,P033,9,19,4,32
8/7/2024,P034,5,12,2,19
8/7/2024,P035,8,8,2,18
8/7/2024,P036,11,8,3,22
8/7/2024,P037,2,8,22,32
8/7/2024,P038,11,5,15,31
8/7/2024,P039,20,2,2,24
8/7/2024,P040,10,9,7,26
8/7/2024,P041,12,9,6,27
8/7/2024,P042,12,7,5,24
8/7/2024,P043,6,7,18,31
8/7/2024,P044,2,4,5,11
8/7/2024,P045,12,20,3,35
8/7/2024,P046,6,3,17,26
8/7/2024,P047,12,4,8,24
8/7/2024,P048,12,5,3,20
8/7/2024,P049,20,18,9,47
8/7/2024,P050,9,3,8,20
8/7/2024,P051,5,7,19,31
8/7/2024,P052,18,3,4,25
8/7/2024,P053,7,4,9,20
8/7/2024,P054,11,8,6,25
8/7/2024,P055,6,7,16,29
8/7/2024,P056,6,10,5,21
8/7/2024,P057,9,19,7,35
8/7/2024,P058,10,6,2,18
8/7/2024,P059,3,2,2,7
8/7/2024,P060,12,16,2,30
8/7/2024,P061,5,6,3,14
8/7/2024,P062,12,1,11,24
8/7/2024,P063,3,18,9,30
8/7/2024,P064,19,2,14,35
8/7/2024,P065,3,3,5,11
8/7/2024,P066,10,22,20,52
8/7/2024,P067,12,15,7,34
8/7/2024,P068,9,2,19,30
8/7/2024,P069,9,8,6,23
8/7/2024,P070,7,3,17,27
8/8/2024,P001,18,11,10,39
8/8/2024,P002,6,18,7,31
8/8/2024,P003,2,10,10,22
8/8/2024,P004,20,10,6,36
8/8/2024,P005,3,11,9,23
8/8/2024,P006,12,20,9,41
8/8/2024,P007,4,17,17,38
8/8/2024,P008,20,7,10,37
8/8/2024,P009,3,5,3,11
8/8/2024,P010,15,4,5,24
8/8/2024,P011,12,14,13,39
8/8/2024,P012,21,4,2,27
8/8/2024,P013,3,4,12,19
8/8/2024,P014,3,17,20,40
8/8/2024,P015,11,9,9,29
8/8/2024,P016,5,1,16,22
8/8/2024,P017,7,5,3,15
8/8/2024,P018,10,12,8,30
8/8/2024,P019,4,3,17,24
8/8/2024,P020,18,1,9,28
8/8/2024,P021,10,10,3,23
8/8/2024,P022,18,2,4,24
8/8/2024,P023,7,9,15,31
8/8/2024,P024,3,11,5,19
8/8/2024,P025,10,7,14,31
8/8/2024,P026,14,11,10,35
8/8/2024,P027,2,11,7,20
8/8/2024,P028,9,4,11,24
8/8/2024,P029,11,8,15,34
8/8/2024,P030,2,7,2,11
8/8/2024,P031,6,21,9,36
8/8/2024,P032,2,11,4,17
8/8/2024,P033,7,11,6,24
8/8/2024,P034,5,2,5,12
8/8/2024,P035,12,14,19,45
8/8/2024,P036,11,22,2,35
8/8/2024,P037,11,17,16,44
8/8/2024,P038,2,7,12,21
8/8/2024,P039,1,12,4,17
8/8/2024,P040,9,8,8,25
8/8/2024,P041,20,4,9,33
8/8/2024,P042,7,3,19,29
8/8/2024,P043,9,7,15,31
8/8/2024,P044,9,2,20,31
8/8/2024,P045,9,3,8,20
8/8/2024,P046,5,10,17,32
8/8/2024,P047,18,16,12,46
8/8/2024,P048,5,21,3,29
8/8/2024,P049,13,5,2,20
8/8/2024,P050,7,7,10,24
8/8/2024,P051,11,10,1,22
8/8/2024,P052,10,14,5,29
8/8/2024,P053,9,5,5,19
8/8/2024,P054,7,5,20,32
8/8/2024,P055,6,2,18,26
8/8/2024,P056,8,2,3,13
8/8/2024,P057,10,15,9,34
8/8/2024,P058,2,2,21,25
8/8/2024,P059,10,5,5,20
8/8/2024,P060,18,18,13,49
8/8/2024,P061,11,10,12,33
8/8/2024,P062,3,19,8,30
8/8/2024,P063,11,17,4,32
8/8/2024,P064,11,19,16,46
8/8/2024,P065,12,2,7,21
8/8/2024,P066,8,16,22,46
8/8/2024,P067,1,12,3,16
8/8/2024,P068,18,4,15,37
8/8/2024,P069,6,5,2,13
8/8/2024,P070,9,6,23,38
8/9/2024,P001,11,5,11,27
8/9/2024,P002,11,18,17,46
8/9/2024,P003,17,11,3,31
8/9/2024,P004,15,6,9,30
8/9/2024,P005,12,7,3,22
8/9/2024,P006,11,18,3,32
8/9/2024,P007,11,21,21,53
8/9/2024,P008,17,16,7,40
8/9/2024,P009,5,9,12,26
8/9/2024,P010,13,4,9,26
8/9/2024,P011,5,14,17,36
8/9/2024,P012,14,5,4,23
8/9/2024,P013,4,8,20,32
8/9/2024,P014,17,11,16,44
8/9/2024,P015,10,12,9,31
8/9/2024,P016,12,3,15,30
8/9/2024,P017,12,2,5,19
8/9/2024,P018,10,15,9,34
8/9/2024,P019,11,6,13,30
8/9/2024,P020,14,1,6,21
8/9/2024,P021,9,1,19,29
8/9/2024,P022,9,13,2,24
8/9/2024,P023,3,4,17,24
8/9/2024,P024,10,5,7,22
8/9/2024,P025,18,6,20,44
8/9/2024,P026,4,13,21,38
8/9/2024,P027,7,11,7,25
8/9/2024,P028,18,5,11,34
8/9/2024,P029,8,5,17,30
8/9/2024,P030,7,3,13,23
8/9/2024,P031,5,2,3,10
8/9/2024,P032,6,10,7,23
8/9/2024,P033,12,14,10,36
8/9/2024,P034,2,9,6,17
8/9/2024,P035,4,18,3,25
8/9/2024,P036,9,11,8,28
8/9/2024,P037,10,14,10,34
8/9/2024,P038,15,4,9,28
8/9/2024,P039,15,2,10,27
8/9/2024,P040,3,11,7,21
8/9/2024,P041,16,5,7,28
8/9/2024,P042,9,11,9,29
8/9/2024,P043,9,10,17,36
8/9/2024,P044,11,9,3,23
8/9/2024,P045,3,20,9,32
8/9/2024,P046,5,11,17,33
8/9/2024,P047,22,4,4,30
8/9/2024,P048,10,4,4,18
8/9/2024,P049,2,2,8,12
8/9/2024,P050,9,6,11,26
8/9/2024,P051,16,8,13,37
8/9/2024,P052,9,19,3,31
8/9/2024,P053,15,8,4,27
8/9/2024,P054,6,3,18,27
8/9/2024,P055,6,10,7,23
8/9/2024,P056,10,10,2,22
8/9/2024,P057,15,3,2,20
8/9/2024,P058,3,5,11,19
8/9/2024,P059,12,11,9,32
8/9/2024,P060,3,18,12,33
8/9/2024,P061,9,12,20,41
8/9/2024,P062,17,10,10,37
8/9/2024,P063,2,6,9,17
8/9/2024,P064,15,3,20,38
8/9/2024,P065,3,8,12,23
8/9/2024,P066,19,10,16,45
8/9/2024,P067,10,9,5,24
8/9/2024,P068,6,10,3,19
8/9/2024,P069,8,4,5,17
8/9/2024,P070,2,11,6,19
8/10/2024,P001,14,8,5,27
8/10/2024,P002,5,17,10,32
8/10/2024,P003,6,11,10,27
8/10/2024,P004,2,2,8,12
8/10/2024,P005,7,9,11,27
8/10/2024,P006,14,10,2,26
8/10/2024,P007,5,14,16,35
8/10/2024,P008,22,20,6,48
8/10/2024,P009,9,4,7,20
8/10/2024,P010,11,4,9,24
8/10/2024,P011,8,13,18,39
8/10/2024,P012,13,3,11,27
8/10/2024,P013,4,9,17,30
8/10/2024,P014,10,15,11,36
8/10/2024,P015,8,12,4,24
8/10/2024,P016,7,12,8,27
8/10/2024,P017,14,3,10,27
8/10/2024,P018,12,15,22,49
8/10/2024,P019,10,2,20,32
8/10/2024,P020,16,17,12,45
8/10/2024,P021,3,14,12,29
8/10/2024,P022,12,12,6,30
8/10/2024,P023,8,8,4,20
8/10/2024,P024,18,8,10,36
8/10/2024,P025,7,9,19,35
8/10/2024,P026,6,13,6,25
8/10/2024,P027,12,7,11,30
8/10/2024,P028,11,9,5,25
8/10/2024,P029,4,10,10,24
8/10/2024,P030,12,10,14,36
8/10/2024,P031,7,8,22,37
8/10/2024,P032,6,22,19,47
8/10/2024,P033,9,7,10,26
8/10/2024,P034,5,4,7,16
8/10/2024,P035,2,14,18,34
8/10/2024,P036,16,4,3,23
8/10/2024,P037,6,4,7,17
8/10/2024,P038,11,11,9,31
8/10/2024,P039,3,20,18,41
8/10/2024,P040,22,2,2,26
8/10/2024,P041,18,3,18,39
8/10/2024,P042,4,14,14,32
8/10/2024,P043,9,9,10,28
8/10/2024,P044,8,5,4,17
8/10/2024,P045,6,11,2,19
8/10/2024,P046,11,7,1,19
8/10/2024,P047,17,5,2,24
8/10/2024,P048,6,11,17,34
8/10/2024,P049,5,16,8,29
8/10/2024,P050,6,2,7,15
8/10/2024,P051,13,3,9,25
8/10/2024,P052,3,10,2,15
8/10/2024,P053,2,10,11,23
8/10/2024,P054,2,5,10,17
8/10/2024,P055,11,6,12,29
8/10/2024,P056,8,2,11,21
8/10/2024,P057,11,17,10,38
8/10/2024,P058,8,10,18,36
8/10/2024,P059,6,11,3,20
8/10/2024,P060,9,6,4,19
8/10/2024,P061,3,6,7,16
8/10/2024,P062,6,5,11,22
8/10/2024,P063,8,19,8,35
8/10/2024,P064,8,18,7,33
8/10/2024,P065,10,3,12,25
8/10/2024,P066,9,7,16,32
8/10/2024,P067,17,9,12,38
8/10/2024,P068,6,18,17,41
8/10/2024,P069,10,2,10,22
8/10/2024,P070,10,12,7,29
8/11/2024,P001,18,3,3,24
8/11/2024,P002,11,15,8,34
8/11/2024,P003,3,3,7,13
8/11/2024,P004,3,9,9,21
8/11/2024,P005,9,20,7,36
8/11/2024,P006,9,9,9,27
8/11/2024,P007,6,9,18,33
8/11/2024,P008,7,2,20,29
8/11/2024,P009,4,9,9,22
8/11/2024,P010,3,9,5,17
8/11/2024,P011,2,7,18,27
8/11/2024,P012,11,7,11,29
8/11/2024,P013,7,4,15,26
8/11/2024,P014,8,20,9,37
8/11/2024,P015,4,3,11,18
8/11/2024,P016,12,4,22,38
8/11/2024,P017,22,5,10,37
8/11/2024,P018,4,18,1,23
8/11/2024,P019,12,3,3,18
8/11/2024,P020,21,7,5,33
8/11/2024,P021,22,3,13,38
8/11/2024,P022,4,4,6,14
8/11/2024,P023,6,8,18,32
8/11/2024,P024,2,7,6,15
8/11/2024,P025,5,10,12,27
8/11/2024,P026,20,19,22,61
8/11/2024,P027,8,6,15,29
8/11/2024,P028,10,2,9,21
8/11/2024,P029,12,16,7,35
8/11/2024,P030,3,6,13,22
8/11/2024,P031,10,1,20,31
8/11/2024,P032,10,18,10,38
8/11/2024,P033,3,2,3,8
8/11/2024,P034,9,3,7,19
8/11/2024,P035,10,22,2,34
8/11/2024,P036,5,15,10,30
8/11/2024,P037,6,2,17,25
8/11/2024,P038,7,8,21,36
8/11/2024,P039,9,14,12,35
8/11/2024,P040,20,3,6,29
8/11/2024,P041,19,2,18,39
8/11/2024,P042,4,2,11,17
8/11/2024,P043,12,9,6,27
8/11/2024,P044,4,3,15,22
8/11/2024,P045,5,8,5,18
8/11/2024,P046,9,2,15,26
8/11/2024,P047,21,17,10,48
8/11/2024,P048,5,5,17,27
8/11/2024,P049,9,11,6,26
8/11/2024,P050,7,9,8,24
8/11/2024,P051,8,1,17,26
8/11/2024,P052,22,21,11,54
8/11/2024,P053,7,10,10,27
8/11/2024,P054,5,5,9,19
8/11/2024,P055,8,9,13,30
8/11/2024,P056,9,5,8,22
8/11/2024,P057,13,17,4,34
8/11/2024,P058,9,9,6,24
8/11/2024,P059,9,2,12,23
8/11/2024,P060,12,2,5,19
8/11/2024,P061,12,2,15,29
8/11/2024,P062,10,11,7,28
8/11/2024,P063,10,1,11,22
8/11/2024,P064,3,2,16,21
8/11/2024,P065,12,10,2,24
8/11/2024,P066,11,17,18,46
8/11/2024,P067,10,21,4,35
8/11/2024,P068,11,12,17,40
8/11/2024,P069,3,12,9,24
8/11/2024,P070,4,12,1,17
8/12/2024,P001,12,4,3,19
8/12/2024,P002,2,8,5,15
8/12/2024,P003,19,12,3,34
8/12/2024,P004,3,3,7,13
8/12/2024,P005,2,15,2,19
8/12/2024,P006,19,3,3,25
8/12/2024,P007,11,10,20,41
8/12/2024,P008,5,12,11,28
8/12/2024,P009,9,8,2,19
8/12/2024,P010,10,4,4,18
8/12/2024,P011,8,3,2,13
8/12/2024,P012,2,7,6,15
8/12/2024,P013,12,2,21,35
8/12/2024,P014,9,3,15,27
8/12/2024,P015,5,10,9,24
8/12/2024,P016,5,16,6,27
8/12/2024,P017,16,21,20,57
8/12/2024,P018,19,5,7,31
8/12/2024,P019,6,7,20,33
8/12/2024,P020,9,10,4,23
8/12/2024,P021,20,14,3,37
8/12/2024,P022,16,5,2,23
8/12/2024,P023,3,5,11,19
8/12/2024,P024,3,2,4,9
8/12/2024,P025,21,2,10,33
8/12/2024,P026,16,15,12,43
8/12/2024,P027,8,2,9,19
8/12/2024,P028,8,5,9,22
8/12/2024,P029,10,18,6,34
8/12/2024,P030,10,10,1,21
8/12/2024,P031,9,19,2,30
8/12/2024,P032,5,17,17,39
8/12/2024,P033,10,19,5,34
8/12/2024,P034,3,2,9,14
8/12/2024,P035,6,16,3,25
8/12/2024,P036,6,12,3,21
8/12/2024,P037,6,4,14,24
8/12/2024,P038,9,5,1,15
8/12/2024,P039,11,11,7,29
8/12/2024,P040,2,12,10,24
8/12/2024,P041,13,11,2,26
8/12/2024,P042,6,16,19,41
8/12/2024,P043,6,10,20,36
8/12/2024,P044,2,11,7,20
8/12/2024,P045,10,20,12,42
8/12/2024,P046,8,3,6,17
8/12/2024,P047,16,18,6,40
8/12/2024,P048,4,5,4,13
8/12/2024,P049,7,16,4,27
8/12/2024,P050,7,6,8,21
8/12/2024,P051,11,12,5,28
8/12/2024,P052,20,13,8,41
8/12/2024,P053,11,11,11,33
8/12/2024,P054,10,8,3,21
8/12/2024,P055,4,10,5,19
8/12/2024,P056,6,3,9,18
8/12/2024,P057,12,11,7,30
8/12/2024,P058,3,12,5,20
8/12/2024,P059,5,9,7,21
8/12/2024,P060,17,4,8,29
8/12/2024,P061,9,11,17,37
8/12/2024,P062,1,15,8,24
8/12/2024,P063,9,13,2,24
8/12/2024,P064,20,3,19,42
8/12/2024,P065,3,3,7,13
8/12/2024,P066,14,14,5,33
8/12/2024,P067,16,1,8,25
8/12/2024,P068,13,7,11,31
8/12/2024,P069,10,11,12,33
8/12/2024,P070,7,8,3,18
8/13/2024,P001,2,8,8,18
8/13/2024,P002,10,6,10,26
8/13/2024,P003,7,10,10,27
8/13/2024,P004,10,11,9,30
8/13/2024,P005,10,16,2,28
8/13/2024,P006,15,22,12,49
8/13/2024,P007,3,6,4,13
8/13/2024,P008,20,2,20,42
8/13/2024,P009,8,11,10,29
8/13/2024,P010,5,5,11,21
8/13/2024,P011,7,11,6,24
8/13/2024,P012,1,10,6,17
8/13/2024,P013,14,9,2,25
8/13/2024,P014,5,20,4,29
8/13/2024,P015,11,11,7,29
8/13/2024,P016,12,4,6,22
8/13/2024,P017,16,4,14,34
8/13/2024,P018,8,2,11,21
8/13/2024,P019,8,6,5,19
8/13/2024,P020,3,8,4,15
8/13/2024,P021,2,19,9,30
8/13/2024,P022,17,8,11,36
8/13/2024,P023,10,3,9,22
8/13/2024,P024,4,10,9,23
8/13/2024,P025,7,10,17,34
8/13/2024,P026,11,3,4,18
8/13/2024,P027,10,5,8,23
8/13/2024,P028,3,11,8,22
8/13/2024,P029,4,18,7,29
8/13/2024,P030,18,12,16,46
8/13/2024,P031,12,10,15,37
8/13/2024,P032,4,6,17,27
8/13/2024,P033,12,3,9,24
8/13/2024,P034,12,8,10,30
8/13/2024,P035,2,10,17,29
8/13/2024,P036,12,9,2,23
8/13/2024,P037,6,10,20,36
8/13/2024,P038,20,4,18,42
8/13/2024,P039,20,16,3,39
8/13/2024,P040,15,5,7,27
8/13/2024,P041,9,8,2,19
8/13/2024,P042,16,11,13,40
8/13/2024,P043,11,6,18,35
8/13/2024,P044,6,4,9,19
8/13/2024,P045,14,6,10,30
8/13/2024,P046,4,9,20,33
8/13/2024,P047,18,8,2,28
8/13/2024,P048,5,22,19,46
8/13/2024,P049,2,15,11,28
8/13/2024,P050,7,4,5,16
8/13/2024,P051,12,11,1,24
8/13/2024,P052,2,3,9,14
8/13/2024,P053,18,19,11,48
8/13/2024,P054,9,9,22,40
8/13/2024,P055,12,10,10,32
8/13/2024,P056,8,7,5,20
8/13/2024,P057,9,15,6,30
8/13/2024,P058,7,12,15,34
8/13/2024,P059,5,11,9,25
8/13/2024,P060,5,20,10,35
8/13/2024,P061,9,7,2,18
8/13/2024,P062,12,8,8,28
8/13/2024,P063,11,9,3,23
8/13/2024,P064,7,17,13,37
8/13/2024,P065,10,2,2,14
8/13/2024,P066,3,20,1,24
8/13/2024,P067,3,18,9,30
8/13/2024,P068,15,3,15,33
8/13/2024,P069,7,11,12,30
8/13/2024,P070,6,6,12,24
8/14/2024,P001,18,10,5,33
8/14/2024,P002,9,12,16,37
8/14/2024,P003,6,5,6,17
8/14/2024,P004,20,7,9,36
8/14/2024,P005,4,7,9,20
8/14/2024,P006,9,20,3,32
8/14/2024,P007,5,5,1,11
8/14/2024,P008,15,20,5,40
8/14/2024,P009,11,2,4,17
8/14/2024,P010,18,3,10,31
8/14/2024,P011,7,14,12,33
8/14/2024,P012,15,9,7,31
8/14/2024,P013,22,5,7,34
8/14/2024,P014,2,11,8,21
8/14/2024,P015,12,7,3,22
8/14/2024,P016,5,5,5,15
8/14/2024,P017,9,11,14,34
8/14/2024,P018,16,16,7,39
8/14/2024,P019,12,2,6,20
8/14/2024,P020,1,3,8,12
8/14/2024,P021,8,10,8,26
8/14/2024,P022,19,10,10,39
8/14/2024,P023,10,5,6,21
8/14/2024,P024,19,6,12,37
8/14/2024,P025,6,2,10,18
8/14/2024,P026,12,17,18,47
8/14/2024,P027,8,10,5,23
8/14/2024,P028,17,11,10,38
8/14/2024,P029,4,6,16,26
8/14/2024,P030,6,6,13,25
8/14/2024,P031,11,5,22,38
8/14/2024,P032,3,19,18,40
8/14/2024,P033,6,18,5,29
8/14/2024,P034,7,3,2,12
8/14/2024,P035,9,7,2,18
8/14/2024,P036,6,9,10,25
8/14/2024,P037,11,18,21,50
8/14/2024,P038,15,2,10,27
8/14/2024,P039,20,2,11,33
8/14/2024,P040,22,4,12,38
8/14/2024,P041,13,9,1,23
8/14/2024,P042,14,9,10,33
8/14/2024,P043,5,7,10,22
8/14/2024,P044,6,10,20,36
8/14/2024,P045,4,16,11,31
8/14/2024,P046,7,3,19,29
8/14/2024,P047,20,11,9,40
8/14/2024,P048,5,18,3,26
8/14/2024,P049,14,4,10,28
8/14/2024,P050,7,9,8,24
8/14/2024,P051,4,9,13,26
8/14/2024,P052,15,5,5,25
8/14/2024,P053,9,19,12,40
8/14/2024,P054,12,9,20,41
8/14/2024,P055,10,6,18,34
8/14/2024,P056,8,2,9,19
8/14/2024,P057,12,20,3,35
8/14/2024,P058,6,3,1,10
8/14/2024,P059,2,8,2,12
8/14/2024,P060,14,20,10,44
8/14/2024,P061,6,11,2,19
8/14/2024,P062,3,13,5,21
8/14/2024,P063,11,17,12,40
8/14/2024,P064,3,2,7,12
8/14/2024,P065,4,10,10,24
8/14/2024,P066,3,21,10,34
8/14/2024,P067,14,10,4,28
8/14/2024,P068,10,11,20,41
8/14/2024,P069,3,7,3,13
8/14/2024,P070,3,12,4,19
8/15/2024,P001,5,6,2,13
8/15/2024,P002,12,18,18,48
8/15/2024,P003,2,11,10,23
8/15/2024,P004,3,2,20,25
8/15/2024,P005,7,10,11,28
8/15/2024,P006,2,2,10,14
8/15/2024,P007,4,18,2,24
8/15/2024,P008,21,14,18,53
8/15/2024,P009,2,3,7,12
8/15/2024,P010,6,2,11,19
8/15/2024,P011,2,2,11,15
8/15/2024,P012,16,9,8,33
8/15/2024,P013,16,3,6,25
8/15/2024,P014,14,8,5,27
8/15/2024,P015,7,2,4,13
8/15/2024,P016,9,17,19,45
8/15/2024,P017,1,5,1,7
8/15/2024,P018,12,11,7,30
8/15/2024,P019,4,9,8,21
8/15/2024,P020,20,1,3,24
8/15/2024,P021,3,21,9,33
8/15/2024,P022,15,10,6,31
8/15/2024,P023,12,5,16,33
8/15/2024,P024,21,9,3,33
8/15/2024,P025,3,5,18,26
8/15/2024,P026,3,17,22,42
8/15/2024,P027,3,9,7,19
8/15/2024,P028,1,2,7,10
8/15/2024,P029,2,2,2,6
8/15/2024,P030,20,2,11,33
8/15/2024,P031,5,11,18,34
8/15/2024,P032,2,1,3,6
8/15/2024,P033,9,2,10,21
8/15/2024,P034,9,10,4,23
8/15/2024,P035,3,17,15,35
8/15/2024,P036,17,21,5,43
8/15/2024,P037,8,12,14,34
8/15/2024,P038,16,12,10,38
8/15/2024,P039,15,8,7,30
8/15/2024,P040,18,6,11,35
8/15/2024,P041,17,5,15,37
8/15/2024,P042,6,18,2,26
8/15/2024,P043,3,10,9,22
8/15/2024,P044,2,6,4,12
8/15/2024,P045,3,7,5,15
8/15/2024,P046,12,2,22,36
8/15/2024,P047,4,3,3,10
8/15/2024,P048,11,7,12,30
8/15/2024,P049,7,12,12,31
8/15/2024,P050,2,5,11,18
8/15/2024,P051,6,15,17,38
8/15/2024,P052,22,2,9,33
8/15/2024,P053,17,2,7,26
8/15/2024,P054,12,4,2,18
8/15/2024,P055,4,11,14,29
8/15/2024,P056,8,8,9,25
8/15/2024,P057,9,3,6,18
8/15/2024,P058,5,10,17,32
8/15/2024,P059,5,5,10,20
8/15/2024,P060,15,12,11,38
8/15/2024,P061,3,11,18,32
8/15/2024,P062,20,11,8,39
8/15/2024,P063,11,5,5,21
8/15/2024,P064,20,15,3,38
8/15/2024,P065,2,5,5,12
8/15/2024,P066,12,14,21,47
8/15/2024,P067,22,10,2,34
8/15/2024,P068,9,7,3,19
8/15/2024,P069,10,10,10,30
8/15/2024,P070,6,2,16,24
8/16/2024,P001,3,4,11,18
8/16/2024,P002,6,3,18,27
8/16/2024,P003,5,9,12,26
8/16/2024,P004,20,2,18,40
8/16/2024,P005,6,9,8,23
8/16/2024,P006,13,15,12,40
8/16/2024,P007,7,10,13,30
8/16/2024,P008,22,11,16,49
8/16/2024,P009,3,12,6,21
8/16/2024,P010,17,11,11,39
8/16/2024,P011,5,16,10,31
8/16/2024,P012,13,10,9,32
8/16/2024,P013,16,11,10,37
8/16/2024,P014,16,20,10,46
8/16/2024,P015,7,3,8,18
8/16/2024,P016,2,18,5,25
8/16/2024,P017,12,5,12,29
8/16/2024,P018,11,16,12,39
8/16/2024,P019,11,6,2,19
8/16/2024,P020,17,12,7,36
8/16/2024,P021,5,13,6,24
8/16/2024,P022,13,11,6,30
8/16/2024,P023,5,8,15,28
8/16/2024,P024,14,10,4,28
8/16/2024,P025,4,3,15,22
8/16/2024,P026,17,11,20,48
8/16/2024,P027,12,12,20,44
8/16/2024,P028,18,9,9,36
8/16/2024,P029,7,4,16,27
8/16/2024,P030,2,11,3,16
8/16/2024,P031,7,15,8,30
8/16/2024,P032,4,13,17,34
8/16/2024,P033,5,3,8,16
8/16/2024,P034,2,3,9,14
8/16/2024,P035,11,14,17,42
8/16/2024,P036,11,1,7,19
8/16/2024,P037,4,7,20,31
8/16/2024,P038,7,11,21,39
8/16/2024,P039,2,8,7,17
8/16/2024,P040,8,12,11,31
8/16/2024,P041,12,9,17,38
8/16/2024,P042,6,18,13,37
8/16/2024,P043,10,11,3,24
8/16/2024,P044,11,11,7,29
8/16/2024,P045,10,13,3,26
8/16/2024,P046,2,12,17,31
8/16/2024,P047,1,21,11,33
8/16/2024,P048,5,7,19,31
8/16/2024,P049,6,16,6,28
8/16/2024,P050,3,8,5,16
8/16/2024,P051,13,10,12,35
8/16/2024,P052,18,14,9,41
8/16/2024,P053,6,12,8,26
8/16/2024,P054,3,11,8,22
8/16/2024,P055,4,12,17,33
8/16/2024,P056,12,10,5,27
8/16/2024,P057,3,20,9,32
8/16/2024,P058,5,11,20,36
8/16/2024,P059,9,4,4,17
8/16/2024,P060,18,2,19,39
8/16/2024,P061,10,6,6,22
8/16/2024,P062,4,8,11,23
8/16/2024,P063,8,1,4,13
8/16/2024,P064,8,17,6,31
8/16/2024,P065,3,7,6,16
8/16/2024,P066,13,20,17,50
8/16/2024,P067,5,21,9,35
8/16/2024,P068,11,7,20,38
8/16/2024,P069,6,6,11,23
8/16/2024,P070,9,3,4,16
8/17/2024,P001,7,7,12,26
8/17/2024,P002,6,9,6,21
8/17/2024,P003,8,3,6,17
8/17/2024,P004,13,9,15,37
8/17/2024,P005,3,12,4,19
8/17/2024,P006,18,22,3,43
8/17/2024,P007,9,18,9,36
8/17/2024,P008,3,16,13,32
8/17/2024,P009,12,5,3,20
8/17/2024,P010,11,8,12,31
8/17/2024,P011,7,11,13,31
8/17/2024,P012,10,6,6,22
8/17/2024,P013,9,4,6,19
8/17/2024,P014,11,6,11,28
8/17/2024,P015,10,9,12,31
8/17/2024,P016,6,8,3,17
8/17/2024,P017,3,22,10,35
8/17/2024,P018,14,15,3,32
8/17/2024,P019,5,4,7,16
8/17/2024,P020,22,11,4,37
8/17/2024,P021,9,3,15,27
8/17/2024,P022,11,19,6,36
8/17/2024,P023,8,9,15,32
8/17/2024,P024,13,10,10,33
8/17/2024,P025,4,7,5,16
8/17/2024,P026,10,15,16,41
8/17/2024,P027,3,12,16,31
8/17/2024,P028,17,11,9,37
8/17/2024,P029,6,20,15,41
8/17/2024,P030,17,7,5,29
8/17/2024,P031,4,8,9,21
8/17/2024,P032,11,9,13,33
8/17/2024,P033,5,17,3,25
8/17/2024,P034,10,2,11,23
8/17/2024,P035,7,20,4,31
8/17/2024,P036,3,18,10,31
8/17/2024,P037,12,3,19,34
8/17/2024,P038,10,11,6,27
8/17/2024,P039,3,2,11,16
8/17/2024,P040,9,2,5,16
8/17/2024,P041,3,9,10,22
8/17/2024,P042,14,17,14,45
8/17/2024,P043,10,11,22,43
8/17/2024,P044,10,5,19,34
8/17/2024,P045,19,14,3,36
8/17/2024,P046,4,11,16,31
8/17/2024,P047,2,14,7,23
8/17/2024,P048,8,12,2,22
8/17/2024,P049,9,18,8,35
8/17/2024,P050,4,2,11,17
8/17/2024,P051,10,17,3,30
8/17/2024,P052,8,14,5,27
8/17/2024,P053,20,11,5,36
8/17/2024,P054,10,9,3,22
8/17/2024,P055,2,5,5,12
8/17/2024,P056,8,12,4,24
8/17/2024,P057,6,11,8,25
8/17/2024,P058,11,7,1,19
8/17/2024,P059,3,12,7,22
8/17/2024,P060,3,15,19,37
8/17/2024,P061,2,10,3,15
8/17/2024,P062,20,1,5,26
8/17/2024,P063,3,13,6,22
8/17/2024,P064,7,4,5,16
8/17/2024,P065,12,10,2,24
8/17/2024,P066,16,19,16,51
8/17/2024,P067,10,6,5,21
8/17/2024,P068,13,11,11,35
8/17/2024,P069,10,4,7,21
8/17/2024,P070,8,11,5,24
8/18/2024,P001,8,7,9,24
8/18/2024,P002,8,12,2,22
8/18/2024,P003,1,12,2,15
8/18/2024,P004,6,11,17,34
8/18/2024,P005,6,17,2,25
8/18/2024,P006,20,18,10,48
8/18/2024,P007,2,15,18,35
8/18/2024,P008,7,2,15,24
8/18/2024,P009,5,4,6,15
8/18/2024,P010,11,9,7,27
8/18/2024,P011,4,9,20,33
8/18/2024,P012,4,7,8,19
8/18/2024,P013,1,10,11,22
8/18/2024,P014,15,16,16,47
8/18/2024,P015,12,3,3,18
8/18/2024,P016,9,11,19,39
8/18/2024,P017,11,18,19,48
8/18/2024,P018,9,4,19,32
8/18/2024,P019,6,9,5,20
8/18/2024,P020,7,9,11,27
8/18/2024,P021,4,5,10,19
8/18/2024,P022,3,19,6,28
8/18/2024,P023,2,9,5,16
8/18/2024,P024,11,6,7,24
8/18/2024,P025,7,2,20,29
8/18/2024,P026,8,20,16,44
8/18/2024,P027,11,3,11,25
8/18/2024,P028,21,8,4,33
8/18/2024,P029,4,20,8,32
8/18/2024,P030,8,11,10,29
8/18/2024,P031,10,13,22,45
8/18/2024,P032,11,17,20,48
8/18/2024,P033,2,2,2,6
8/18/2024,P034,4,10,11,25
8/18/2024,P035,2,21,18,41
8/18/2024,P036,2,10,6,18
8/18/2024,P037,10,11,12,33
8/18/2024,P038,9,7,22,38
8/18/2024,P039,3,5,15,23
8/18/2024,P040,22,11,9,42
8/18/2024,P041,3,5,7,15
8/18/2024,P042,19,15,13,47
8/18/2024,P043,9,3,20,32
8/18/2024,P044,6,8,10,24
8/18/2024,P045,3,9,8,20
8/18/2024,P046,6,2,7,15
8/18/2024,P047,13,7,2,22
8/18/2024,P048,3,9,7,19
8/18/2024,P049,15,7,12,34
8/18/2024,P050,12,9,7,28
8/18/2024,P051,22,4,11,37
8/18/2024,P052,9,22,4,35
8/18/2024,P053,17,2,6,25
8/18/2024,P054,11,7,5,23
8/18/2024,P055,7,10,13,30
8/18/2024,P056,2,12,11,25
8/18/2024,P057,5,8,9,22
8/18/2024,P058,9,2,19,30
8/18/2024,P059,12,5,6,23
8/18/2024,P060,6,18,2,26
8/18/2024,P061,11,11,17,39
8/18/2024,P062,1,6,11,18
8/18/2024,P063,5,17,12,34
8/18/2024,P064,14,18,20,52
8/18/2024,P065,12,6,8,26
8/18/2024,P066,11,12,13,36
8/18/2024,P067,22,22,3,47
8/18/2024,P068,13,15,8,36
8/18/2024,P069,12,11,2,25
8/18/2024,P070,9,2,17,28
8/19/2024,P001,16,12,6,34
8/19/2024,P002,9,17,4,30
8/19/2024,P003,10,9,11,30
8/19/2024,P004,21,8,10,39
8/19/2024,P005,9,12,6,27
8/19/2024,P006,8,8,4,20
8/19/2024,P007,12,6,10,28
8/19/2024,P008,8,8,7,23
8/19/2024,P009,4,6,9,19
8/19/2024,P010,10,5,8,23
8/19/2024,P011,3,18,7,28
8/19/2024,P012,6,10,10,26
8/19/2024,P013,12,6,21,39
8/19/2024,P014,4,7,18,29
8/19/2024,P015,3,2,4,9
8/19/2024,P016,3,3,5,11
8/19/2024,P017,10,7,19,36
8/19/2024,P018,19,12,8,39
8/19/2024,P019,11,5,8,24
8/19/2024,P020,5,15,3,23
8/19/2024,P021,9,2,20,31
8/19/2024,P022,10,2,11,23
8/19/2024,P023,8,4,7,19
8/19/2024,P024,2,11,12,25
8/19/2024,P025,12,8,18,38
8/19/2024,P026,9,3,19,31
8/19/2024,P027,8,10,9,27
8/19/2024,P028,14,5,11,30
8/19/2024,P029,8,12,22,42
8/19/2024,P030,12,11,10,33
8/19/2024,P031,8,11,1,20
8/19/2024,P032,6,5,3,14
8/19/2024,P033,5,15,2,22
8/19/2024,P034,7,5,6,18
8/19/2024,P035,2,14,11,27
8/19/2024,P036,14,10,4,28
8/19/2024,P037,4,7,10,21
8/19/2024,P038,12,10,12,34
8/19/2024,P039,10,18,9,37
8/19/2024,P040,1,7,9,17
8/19/2024,P041,4,4,6,14
8/19/2024,P042,3,8,1,12
8/19/2024,P043,11,12,2,25
8/19/2024,P044,6,7,17,30
8/19/2024,P045,5,14,5,24
8/19/2024,P046,6,12,19,37
8/19/2024,P047,9,17,2,28
8/19/2024,P048,4,22,11,37
8/19/2024,P049,5,12,4,21
8/19/2024,P050,10,10,7,27
8/19/2024,P051,15,9,10,34
8/19/2024,P052,22,12,11,45
8/19/2024,P053,14,15,5,34
8/19/2024,P054,7,3,9,19
8/19/2024,P055,6,6,7,19
8/19/2024,P056,2,2,10,14
8/19/2024,P057,10,20,7,37
8/19/2024,P058,8,3,19,30
8/19/2024,P059,7,3,3,13
8/19/2024,P060,17,3,12,32
8/19/2024,P061,10,10,20,40
8/19/2024,P062,6,6,7,19
8/19/2024,P063,9,12,2,23
8/19/2024,P064,14,11,12,37
8/19/2024,P065,5,4,9,18
8/19/2024,P066,20,10,2,32
8/19/2024,P067,7,12,11,30
8/19/2024,P068,19,9,20,48
8/19/2024,P069,6,9,3,18
8/19/2024,P070,7,8,18,33
8/20/2024,P001,5,6,12,23
8/20/2024,P002,8,5,20,33
8/20/2024,P003,11,9,7,27
8/20/2024,P004,22,4,6,32
8/20/2024,P005,8,12,6,26
8/20/2024,P006,15,9,2,26
8/20/2024,P007,12,19,20,51
8/20/2024,P008,6,8,19,33
8/20/2024,P009,6,12,8,26
8/20/2024,P010,10,9,5,24
8/20/2024,P011,7,18,17,42
8/20/2024,P012,11,11,3,25
8/20/2024,P013,3,11,12,26
8/20/2024,P014,7,13,15,35
8/20/2024,P015,12,12,12,36
8/20/2024,P016,5,21,18,44
8/20/2024,P017,22,7,12,41
8/20/2024,P018,15,16,18,49
8/20/2024,P019,3,8,2,13
8/20/2024,P020,20,10,4,34
8/20/2024,P021,8,14,2,24
8/20/2024,P022,5,12,8,25
8/20/2024,P023,7,11,3,21
8/20/2024,P024,1,12,9,22
8/20/2024,P025,14,10,3,27
8/20/2024,P026,5,20,8,33
8/20/2024,P027,9,11,15,35
8/20/2024,P028,9,4,9,22
8/20/2024,P029,4,2,6,12
8/20/2024,P030,16,6,20,42
8/20/2024,P031,10,8,7,25
8/20/2024,P032,6,1,20,27
8/20/2024,P033,9,17,8,34
8/20/2024,P034,6,7,4,17
8/20/2024,P035,9,20,9,38
8/20/2024,P036,22,21,9,52
8/20/2024,P037,4,7,17,28
8/20/2024,P038,17,6,4,27
8/20/2024,P039,20,15,8,43
8/20/2024,P040,7,11,8,26
8/20/2024,P041,3,11,7,21
8/20/2024,P042,6,6,16,28
8/20/2024,P043,10,10,15,35
8/20/2024,P044,6,2,17,25
8/20/2024,P045,19,20,2,41
8/20/2024,P046,4,7,9,20
8/20/2024,P047,18,8,9,35
8/20/2024,P048,8,9,14,31
8/20/2024,P049,6,13,11,30
8/20/2024,P050,9,11,2,22
8/20/2024,P051,7,10,18,35
8/20/2024,P052,1,21,10,32
8/20/2024,P053,2,11,3,16
8/20/2024,P054,2,4,4,10
8/20/2024,P055,4,5,9,18
8/20/2024,P056,9,8,6,23
8/20/2024,P057,14,6,9,29
8/20/2024,P058,4,9,22,35
8/20/2024,P059,9,6,6,21
8/20/2024,P060,8,7,11,26
8/20/2024,P061,5,6,6,17
8/20/2024,P062,21,13,7,41
8/20/2024,P063,4,3,11,18
8/20/2024,P064,16,9,18,43
8/20/2024,P065,7,9,8,24
8/20/2024,P066,22,17,15,54
8/20/2024,P067,3,4,4,11
8/20/2024,P068,15,8,6,29
8/20/2024,P069,2,7,9,18
8/20/2024,P070,9,10,8,27
8/21/2024,P001,4,12,5,21
8/21/2024,P002,2,14,20,36
8/21/2024,P003,4,6,11,21
8/21/2024,P004,4,2,20,26
8/21/2024,P005,9,20,2,31
8/21/2024,P006,5,22,3,30
8/21/2024,P007,4,8,18,30
8/21/2024,P008,5,2,10,17
8/21/2024,P009,12,2,9,23
8/21/2024,P010,5,9,6,20
8/21/2024,P011,12,17,10,39
8/21/2024,P012,20,11,10,41
8/21/2024,P013,11,5,7,23
8/21/2024,P014,19,14,17,50
8/21/2024,P015,11,11,10,32
8/21/2024,P016,7,14,4,25
8/21/2024,P017,18,12,14,44
8/21/2024,P018,9,18,16,43
8/21/2024,P019,5,2,4,11
8/21/2024,P020,15,17,11,43
8/21/2024,P021,11,14,11,36
8/21/2024,P022,18,11,4,33
8/21/2024,P023,7,9,9,25
8/21/2024,P024,15,5,5,25
8/21/2024,P025,22,12,12,46
8/21/2024,P026,2,11,18,31
8/21/2024,P027,11,7,4,22
8/21/2024,P028,10,12,7,29
8/21/2024,P029,9,15,6,30
8/21/2024,P030,8,10,14,32
8/21/2024,P031,10,1,11,22
8/21/2024,P032,7,13,5,25
8/21/2024,P033,3,4,7,14
8/21/2024,P034,3,10,9,22
8/21/2024,P035,11,19,6,36
8/21/2024,P036,18,6,12,36
8/21/2024,P037,2,11,10,23
8/21/2024,P038,12,4,18,34
8/21/2024,P039,3,1,5,9
8/21/2024,P040,11,8,10,29
8/21/2024,P041,8,10,16,34
8/21/2024,P042,16,12,13,41
8/21/2024,P043,3,5,22,30
8/21/2024,P044,6,10,18,34
8/21/2024,P045,14,14,11,39
8/21/2024,P046,9,12,18,39
8/21/2024,P047,10,6,11,27
8/21/2024,P048,10,20,4,34
8/21/2024,P049,18,5,5,28
8/21/2024,P050,2,12,5,19
8/21/2024,P051,12,7,16,35
8/21/2024,P052,7,2,11,20
8/21/2024,P053,12,7,10,29
8/21/2024,P054,3,8,9,20
8/21/2024,P055,8,4,15,27
8/21/2024,P056,11,7,2,20
8/21/2024,P057,4,16,9,29
8/21/2024,P058,7,3,18,28
8/21/2024,P059,2,11,9,22
8/21/2024,P060,7,19,2,28
8/21/2024,P061,7,12,14,33
8/21/2024,P062,7,19,2,28
8/21/2024,P063,9,11,7,27
8/21/2024,P064,20,6,12,38
8/21/2024,P065,12,12,9,33
8/21/2024,P066,16,10,19,45
8/21/2024,P067,5,18,10,33
8/21/2024,P068,3,5,16,24
8/21/2024,P069,11,5,3,19
8/21/2024,P070,3,9,11,23
8/22/2024,P001,8,8,4,20
8/22/2024,P002,10,15,12,37
8/22/2024,P003,6,3,11,20
8/22/2024,P004,20,6,18,44
8/22/2024,P005,7,16,11,34
8/22/2024,P006,12,1,12,25
8/22/2024,P007,11,20,13,44
8/22/2024,P008,4,5,1,10
8/22/2024,P009,2,11,7,20
8/22/2024,P010,17,5,5,27
8/22/2024,P011,11,15,8,34
8/22/2024,P012,9,3,7,19
8/22/2024,P013,10,8,21,39
8/22/2024,P014,12,9,7,28
8/22/2024,P015,2,2,2,6
8/22/2024,P016,9,7,6,22
8/22/2024,P017,17,9,20,46
8/22/2024,P018,2,7,3,12
8/22/2024,P019,4,9,4,17
8/22/2024,P020,21,4,2,27
8/22/2024,P021,2,22,13,37
8/22/2024,P022,6,2,12,20
8/22/2024,P023,2,7,18,27
8/22/2024,P024,16,10,3,29
8/22/2024,P025,16,12,4,32
8/22/2024,P026,14,8,8,30
8/22/2024,P027,6,2,8,16
8/22/2024,P028,6,5,3,14
8/22/2024,P029,4,18,5,27
8/22/2024,P030,7,11,14,32
8/22/2024,P031,10,6,7,23
8/22/2024,P032,8,17,6,31
8/22/2024,P033,12,18,3,33
8/22/2024,P034,6,6,8,20
8/22/2024,P035,8,12,16,36
8/22/2024,P036,8,22,3,33
8/22/2024,P037,7,15,18,40
8/22/2024,P038,12,11,22,45
8/22/2024,P039,20,21,7,48
8/22/2024,P040,7,12,7,26
8/22/2024,P041,5,11,2,18
8/22/2024,P042,13,18,11,42
8/22/2024,P043,10,11,18,39
8/22/2024,P044,11,6,3,20
8/22/2024,P045,2,12,12,26
8/22/2024,P046,11,10,4,25
8/22/2024,P047,20,2,8,30
8/22/2024,P048,6,18,13,37
8/22/2024,P049,4,10,6,20
8/22/2024,P050,10,4,4,18
8/22/2024,P051,6,11,7,24
8/22/2024,P052,10,18,11,39
8/22/2024,P053,13,9,4,26
8/22/2024,P054,9,12,8,29
8/22/2024,P055,4,5,2,11
8/22/2024,P056,12,7,9,28
8/22/2024,P057,3,7,20,30
8/22/2024,P058,12,2,22,36
8/22/2024,P059,10,12,8,30
8/22/2024,P060,17,14,15,46
8/22/2024,P061,5,2,18,25
8/22/2024,P062,18,7,5,30
8/22/2024,P063,8,10,11,29
8/22/2024,P064,7,16,19,42
8/22/2024,P065,12,3,10,25
8/22/2024,P066,16,18,20,54
8/22/2024,P067,12,22,6,40
8/22/2024,P068,17,7,7,31
8/22/2024,P069,7,12,2,21
8/22/2024,P070,7,11,3,21
8/23/2024,P001,17,6,4,27
8/23/2024,P002,6,18,2,26
8/23/2024,P003,3,10,6,19
8/23/2024,P004,16,6,10,32
8/23/2024,P005,9,18,10,37
8/23/2024,P006,20,7,12,39
8/23/2024,P007,7,9,7,23
8/23/2024,P008,16,18,11,45
8/23/2024,P009,11,7,9,27
8/23/2024,P010,14,4,3,21
8/23/2024,P011,12,8,5,25
8/23/2024,P012,15,12,3,30
8/23/2024,P013,22,7,2,31
8/23/2024,P014,8,14,6,28
8/23/2024,P015,8,12,6,26
8/23/2024,P016,6,17,4,27
8/23/2024,P017,6,22,6,34
8/23/2024,P018,13,12,17,42
8/23/2024,P019,7,10,8,25
8/23/2024,P020,22,9,8,39
8/23/2024,P021,3,12,12,27
8/23/2024,P022,17,15,10,42
8/23/2024,P023,5,3,6,14
8/23/2024,P024,13,6,6,25
8/23/2024,P025,16,2,10,28
8/23/2024,P026,16,20,19,55
8/23/2024,P027,6,3,5,14
8/23/2024,P028,5,3,4,12
8/23/2024,P029,4,3,19,26
8/23/2024,P030,2,10,1,13
8/23/2024,P031,12,6,7,25
8/23/2024,P032,9,12,8,29
8/23/2024,P033,7,11,5,23
8/23/2024,P034,9,4,10,23
8/23/2024,P035,4,10,15,29
8/23/2024,P036,9,12,4,25
8/23/2024,P037,6,9,15,30
8/23/2024,P038,20,9,20,49
8/23/2024,P039,13,15,20,48
8/23/2024,P040,7,4,9,20
8/23/2024,P041,14,11,16,41
8/23/2024,P042,14,3,3,20
8/23/2024,P043,12,9,8,29
8/23/2024,P044,8,9,17,34
8/23/2024,P045,7,4,9,20
8/23/2024,P046,6,12,3,21
8/23/2024,P047,18,9,4,31
8/23/2024,P048,4,15,17,36
8/23/2024,P049,16,18,11,45
8/23/2024,P050,9,6,10,25
8/23/2024,P051,12,10,10,32
8/23/2024,P052,22,6,12,40
8/23/2024,P053,11,20,10,41
8/23/2024,P054,3,3,11,17
8/23/2024,P055,9,5,7,21
8/23/2024,P056,4,11,3,18
8/23/2024,P057,10,13,18,41
8/23/2024,P058,2,12,18,32
8/23/2024,P059,4,12,9,25
8/23/2024,P060,9,17,11,37
8/23/2024,P061,11,2,8,21
8/23/2024,P062,14,19,4,37
8/23/2024,P063,11,18,8,37
8/23/2024,P064,16,15,4,35
8/23/2024,P065,2,4,11,17
8/23/2024,P066,18,15,3,36
8/23/2024,P067,4,20,11,35
8/23/2024,P068,17,20,13,50
8/23/2024,P069,11,6,12,29
8/23/2024,P070,7,11,21,39
8/24/2024,P001,14,2,8,24
8/24/2024,P002,9,3,15,27
8/24/2024,P003,1,2,10,13
8/24/2024,P004,16,2,9,27
8/24/2024,P005,9,19,6,34
8/24/2024,P006,5,6,5,16
8/24/2024,P007,10,3,14,27
8/24/2024,P008,4,15,1,20
8/24/2024,P009,7,11,9,27
8/24/2024,P010,17,11,10,38
8/24/2024,P011,7,6,10,23
8/24/2024,P012,10,10,10,30
8/24/2024,P013,18,2,8,28
8/24/2024,P014,18,20,3,41
8/24/2024,P015,8,7,6,21
8/24/2024,P016,12,8,22,42
8/24/2024,P017,19,9,13,41
8/24/2024,P018,18,13,6,37
8/24/2024,P019,9,11,6,26
8/24/2024,P020,3,10,4,17
8/24/2024,P021,12,21,12,45
8/24/2024,P022,11,11,4,26
8/24/2024,P023,7,4,6,17
8/24/2024,P024,10,5,7,22
8/24/2024,P025,9,8,5,22
8/24/2024,P026,11,6,15,32
8/24/2024,P027,12,9,10,31
8/24/2024,P028,18,6,8,32
8/24/2024,P029,4,7,5,16
8/24/2024,P030,14,6,12,32
8/24/2024,P031,8,13,12,33
8/24/2024,P032,6,3,2,11
8/24/2024,P033,9,9,12,30
8/24/2024,P034,8,9,4,21
8/24/2024,P035,2,17,15,34
8/24/2024,P036,22,4,10,36
8/24/2024,P037,4,8,5,17
8/24/2024,P038,16,7,16,39
8/24/2024,P039,6,4,16,26
8/24/2024,P040,12,2,9,23
8/24/2024,P041,11,12,15,38
8/24/2024,P042,2,9,5,16
8/24/2024,P043,7,3,9,19
8/24/2024,P044,4,10,13,27
8/24/2024,P045,12,9,6,27
8/24/2024,P046,9,3,19,31
8/24/2024,P047,13,5,2,20
8/24/2024,P048,7,17,5,29
8/24/2024,P049,10,14,3,27
8/24/2024,P050,4,7,5,16
8/24/2024,P051,9,6,22,37
8/24/2024,P052,15,18,7,40
8/24/2024,P053,11,15,3,29
8/24/2024,P054,2,4,2,8
8/24/2024,P055,4,11,11,26
8/24/2024,P056,6,8,11,25
8/24/2024,P057,19,14,12,45
8/24/2024,P058,4,11,14,29
8/24/2024,P059,7,8,7,22
8/24/2024,P060,4,11,7,22
8/24/2024,P061,2,9,20,31
8/24/2024,P062,16,6,10,32
8/24/2024,P063,2,16,12,30
8/24/2024,P064,19,15,9,43
8/24/2024,P065,7,10,7,24
8/24/2024,P066,5,5,1,11
8/24/2024,P067,8,16,5,29
8/24/2024,P068,11,16,14,41
8/24/2024,P069,11,6,11,28
8/24/2024,P070,9,11,14,34
8/25/2024,P001,4,7,3,14
8/25/2024,P002,4,6,18,28
8/25/2024,P003,3,11,11,25
8/25/2024,P004,4,11,3,18
8/25/2024,P005,20,13,6,39
8/25/2024,P006,9,9,7,25
8/25/2024,P007,11,10,22,43
8/25/2024,P008,15,1,7,23
8/25/2024,P009,11,8,20,39
8/25/2024,P010,6,10,4,20
8/25/2024,P011,8,12,16,36
8/25/2024,P012,4,5,6,15
8/25/2024,P013,17,10,1,28
8/25/2024,P014,2,14,17,33
8/25/2024,P015,4,12,12,28
8/25/2024,P016,9,6,3,18
8/25/2024,P017,1,20,8,29
8/25/2024,P018,20,5,3,28
8/25/2024,P019,2,12,9,23
8/25/2024,P020,7,7,6,20
8/25/2024,P021,5,2,20,27
8/25/2024,P022,11,7,4,22
8/25/2024,P023,4,8,11,23
8/25/2024,P024,4,4,3,11
8/25/2024,P025,1,7,12,20
8/25/2024,P026,15,16,4,35
8/25/2024,P027,7,3,11,21
8/25/2024,P028,10,11,12,33
8/25/2024,P029,9,19,3,31
8/25/2024,P030,14,12,10,36
8/25/2024,P031,5,19,3,27
8/25/2024,P032,8,11,7,26
8/25/2024,P033,2,6,4,12
8/25/2024,P034,9,12,4,25
8/25/2024,P035,6,10,5,21
8/25/2024,P036,1,18,7,26
8/25/2024,P037,8,5,20,33
8/25/2024,P038,18,5,16,39
8/25/2024,P039,21,21,11,53
8/25/2024,P040,3,10,4,17
8/25/2024,P041,12,7,8,27
8/25/2024,P042,2,12,10,24
8/25/2024,P043,2,12,22,36
8/25/2024,P044,12,10,20,42
8/25/2024,P045,3,6,12,21
8/25/2024,P046,2,11,12,25
8/25/2024,P047,7,8,6,21
8/25/2024,P048,7,10,19,36
8/25/2024,P049,6,17,5,28
8/25/2024,P050,12,5,2,19
8/25/2024,P051,4,1,12,17
8/25/2024,P052,3,19,8,30
8/25/2024,P053,9,16,5,30
8/25/2024,P054,12,12,3,27
8/25/2024,P055,4,5,18,27
8/25/2024,P056,10,2,7,19
8/25/2024,P057,3,9,4,16
8/25/2024,P058,6,2,11,19
8/25/2024,P059,6,6,9,21
8/25/2024,P060,7,16,9,32
8/25/2024,P061,5,3,17,25
8/25/2024,P062,13,21,5,39
8/25/2024,P063,3,7,4,14
8/25/2024,P064,13,5,19,37
8/25/2024,P065,2,7,10,19
8/25/2024,P066,1,20,2,23
8/25/2024,P067,9,16,8,33
8/25/2024,P068,15,11,9,35
8/25/2024,P069,6,3,2,11
8/25/2024,P070,2,8,7,17
8/26/2024,P001,2,3,7,12
8/26/2024,P002,7,17,3,27
8/26/2024,P003,6,10,10,26
8/26/2024,P004,5,10,22,37
8/26/2024,P005,18,9,6,33
8/26/2024,P006,5,5,12,22
8/26/2024,P007,3,4,4,11
8/26/2024,P008,17,21,10,48
8/26/2024,P009,8,12,18,38
8/26/2024,P010,3,11,10,24
8/26/2024,P011,12,18,18,48
8/26/2024,P012,1,11,10,22
8/26/2024,P013,6,6,19,31
8/26/2024,P014,6,12,13,31
8/26/2024,P015,5,10,5,20
8/26/2024,P016,7,2,18,27
8/26/2024,P017,13,18,6,37
8/26/2024,P018,8,10,10,28
8/26/2024,P019,12,4,2,18
8/26/2024,P020,8,11,10,29
8/26/2024,P021,4,18,20,42
8/26/2024,P022,10,9,2,21
8/26/2024,P023,3,12,13,28
8/26/2024,P024,6,5,11,22
8/26/2024,P025,12,7,20,39
8/26/2024,P026,4,7,4,15
8/26/2024,P027,7,2,16,25
8/26/2024,P028,18,12,3,33
8/26/2024,P029,4,14,19,37
8/26/2024,P030,10,2,19,31
8/26/2024,P031,3,7,19,29
8/26/2024,P032,10,10,5,25
8/26/2024,P033,10,16,8,34
8/26/2024,P034,7,3,2,12
8/26/2024,P035,6,18,7,31
8/26/2024,P036,7,22,12,41
8/26/2024,P037,4,7,18,29
8/26/2024,P038,19,12,19,50
8/26/2024,P039,22,9,9,40
8/26/2024,P040,19,6,11,36
8/26/2024,P041,17,8,22,47
8/26/2024,P042,15,17,10,42
8/26/2024,P043,6,9,1,16
8/26/2024,P044,10,6,3,19
8/26/2024,P045,10,17,5,32
8/26/2024,P046,10,4,13,27
8/26/2024,P047,14,2,6,22
8/26/2024,P048,12,6,13,31
8/26/2024,P049,19,5,4,28
8/26/2024,P050,8,6,12,26
8/26/2024,P051,10,11,1,22
8/26/2024,P052,15,6,5,26
8/26/2024,P053,16,7,9,32
8/26/2024,P054,11,10,12,33
8/26/2024,P055,4,8,9,21
8/26/2024,P056,10,6,2,18
8/26/2024,P057,5,14,5,24
8/26/2024,P058,6,12,4,22
8/26/2024,P059,3,12,9,24
8/26/2024,P060,20,19,20,59
8/26/2024,P061,8,2,10,20
8/26/2024,P062,7,19,2,28
8/26/2024,P063,12,10,2,24
8/26/2024,P064,7,7,13,27
8/26/2024,P065,10,12,11,33
8/26/2024,P066,10,18,16,44
8/26/2024,P067,4,19,7,30
8/26/2024,P068,20,9,14,43
8/26/2024,P069,10,6,12,28
8/26/2024,P070,9,3,17,29
8/27/2024,P001,4,7,4,15
8/27/2024,P002,8,8,7,23
8/27/2024,P003,9,5,6,20
8/27/2024,P004,19,6,20,45
8/27/2024,P005,15,13,6,34
8/27/2024,P006,20,5,12,37
8/27/2024,P007,8,3,2,13
8/27/2024,P008,17,15,11,43
8/27/2024,P009,12,4,15,31
8/27/2024,P010,3,11,3,17
8/27/2024,P011,12,3,18,33
8/27/2024,P012,16,9,12,37
8/27/2024,P013,19,9,10,38
8/27/2024,P014,2,4,8,14
8/27/2024,P015,7,12,10,29
8/27/2024,P016,5,9,1,15
8/27/2024,P017,9,15,3,27
8/27/2024,P018,15,18,18,51
8/27/2024,P019,12,6,12,30
8/27/2024,P020,6,10,7,23
8/27/2024,P021,6,6,7,19
8/27/2024,P022,10,20,7,37
8/27/2024,P023,7,3,15,25
8/27/2024,P024,11,5,12,28
8/27/2024,P025,3,11,3,17
8/27/2024,P026,7,13,1,21
8/27/2024,P027,10,12,18,40
8/27/2024,P028,15,12,4,31
8/27/2024,P029,5,17,5,27
8/27/2024,P030,18,2,19,39
8/27/2024,P031,4,19,8,31
8/27/2024,P032,3,18,8,29
8/27/2024,P033,4,15,9,28
8/27/2024,P034,9,4,6,19
8/27/2024,P035,2,15,3,20
8/27/2024,P036,11,20,9,40
8/27/2024,P037,9,20,3,32
8/27/2024,P038,13,6,8,27
8/27/2024,P039,4,18,15,37
8/27/2024,P040,8,2,9,19
8/27/2024,P041,17,5,6,28
8/27/2024,P042,14,5,20,39
8/27/2024,P043,3,9,7,19
8/27/2024,P044,4,11,20,35
8/27/2024,P045,18,14,4,36
8/27/2024,P046,6,8,3,17
8/27/2024,P047,22,10,2,34
8/27/2024,P048,6,20,20,46
8/27/2024,P049,2,13,7,22
8/27/2024,P050,2,7,12,21
8/27/2024,P051,12,21,10,43
8/27/2024,P052,19,1,6,26
8/27/2024,P053,5,10,7,22
8/27/2024,P054,2,2,5,9
8/27/2024,P055,9,3,17,29
8/27/2024,P056,3,9,2,14
8/27/2024,P057,19,20,8,47
8/27/2024,P058,4,7,12,23
8/27/2024,P059,6,2,20,28
8/27/2024,P060,7,2,15,24
8/27/2024,P061,2,9,15,26
8/27/2024,P062,21,1,12,34
8/27/2024,P063,5,22,10,37
8/27/2024,P064,3,3,9,15
8/27/2024,P065,5,9,11,25
8/27/2024,P066,21,3,9,33
8/27/2024,P067,2,8,2,12
8/27/2024,P068,3,15,20,38
8/27/2024,P069,11,8,7,26
8/27/2024,P070,8,5,8,21
8/28/2024,P001,10,9,11,30
8/28/2024,P002,7,7,19,33
8/28/2024,P003,7,7,12,26
8/28/2024,P004,9,6,2,17
8/28/2024,P005,17,17,11,45
8/28/2024,P006,3,2,2,7
8/28/2024,P007,9,19,4,32
8/28/2024,P008,17,4,14,35
8/28/2024,P009,4,2,17,23
8/28/2024,P010,4,12,5,21
8/28/2024,P011,6,9,6,21
8/28/2024,P012,11,3,6,20
8/28/2024,P013,1,10,5,16
8/28/2024,P014,15,9,10,34
8/28/2024,P015,12,3,4,19
8/28/2024,P016,12,5,9,26
8/28/2024,P017,17,17,9,43
8/28/2024,P018,5,14,14,33
8/28/2024,P019,4,7,11,22
8/28/2024,P020,5,6,6,17
8/28/2024,P021,12,18,14,44
8/28/2024,P022,5,15,6,26
8/28/2024,P023,12,4,10,26
8/28/2024,P024,20,11,12,43
8/28/2024,P025,11,8,1,20
8/28/2024,P026,19,14,18,51
8/28/2024,P027,7,11,15,33
8/28/2024,P028,6,8,12,26
8/28/2024,P029,3,11,18,32
8/28/2024,P030,3,9,12,24
8/28/2024,P031,6,6,18,30
8/28/2024,P032,10,16,2,28
8/28/2024,P033,7,15,4,26
8/28/2024,P034,9,10,11,30
8/28/2024,P035,11,5,9,25
8/28/2024,P036,7,16,5,28
8/28/2024,P037,4,16,12,32
8/28/2024,P038,9,6,18,33
8/28/2024,P039,20,18,4,42
8/28/2024,P040,18,9,7,34
8/28/2024,P041,4,6,6,16
8/28/2024,P042,7,14,14,35
8/28/2024,P043,2,6,11,19
8/28/2024,P044,4,12,5,21
8/28/2024,P045,6,20,4,30
8/28/2024,P046,2,9,9,20
8/28/2024,P047,4,5,11,20
8/28/2024,P048,12,18,14,44
8/28/2024,P049,20,7,9,36
8/28/2024,P050,6,8,9,23
8/28/2024,P051,19,7,17,43
8/28/2024,P052,10,16,5,31
8/28/2024,P053,6,9,12,27
8/28/2024,P054,12,6,4,22
8/28/2024,P055,4,4,6,14
8/28/2024,P056,5,10,9,24
8/28/2024,P057,14,14,10,38
8/28/2024,P058,9,12,20,41
8/28/2024,P059,9,3,18,30
8/28/2024,P060,18,19,16,53
8/28/2024,P061,5,3,18,26
8/28/2024,P062,19,10,12,41
8/28/2024,P063,4,12,6,22
8/28/2024,P064,6,9,9,24
8/28/2024,P065,6,5,10,21
8/28/2024,P066,17,12,13,42
8/28/2024,P067,9,18,10,37
8/28/2024,P068,20,4,14,38
8/28/2024,P069,10,2,12,24
8/28/2024,P070,9,9,6,24
8/29/2024,P001,18,10,3,31
8/29/2024,P002,2,17,14,33
8/29/2024,P003,18,5,2,25
8/29/2024,P004,14,6,15,35
8/29/2024,P005,10,12,8,30
8/29/2024,P006,4,5,7,16
8/29/2024,P007,2,7,17,26
8/29/2024,P008,1,21,16,38
8/29/2024,P009,2,10,10,22
8/29/2024,P010,17,7,9,33
8/29/2024,P011,11,12,2,25
8/29/2024,P012,20,12,2,34
8/29/2024,P013,13,10,11,34
8/29/2024,P014,6,6,12,24
8/29/2024,P015,3,11,3,17
8/29/2024,P016,4,8,1,13
8/29/2024,P017,5,10,10,25
8/29/2024,P018,12,17,2,31
8/29/2024,P019,11,5,9,25
8/29/2024,P020,4,1,3,8
8/29/2024,P021,2,19,21,42
8/29/2024,P022,17,16,4,37
8/29/2024,P023,11,12,9,32
8/29/2024,P024,9,5,6,20
8/29/2024,P025,10,2,11,23
8/29/2024,P026,12,9,17,38
8/29/2024,P027,6,2,17,25
8/29/2024,P028,19,6,10,35
8/29/2024,P029,2,16,4,22
8/29/2024,P030,12,3,14,29
8/29/2024,P031,5,21,16,42
8/29/2024,P032,7,7,4,18
8/29/2024,P033,6,5,2,13
8/29/2024,P034,20,7,11,38
8/29/2024,P035,10,20,18,48
8/29/2024,P036,7,16,3,26
8/29/2024,P037,4,11,4,19
8/29/2024,P038,13,3,8,24
8/29/2024,P039,16,14,8,38
8/29/2024,P040,16,3,3,22
8/29/2024,P041,18,5,5,28
8/29/2024,P042,7,15,14,36
8/29/2024,P043,2,3,7,12
8/29/2024,P044,2,5,6,13
8/29/2024,P045,20,13,8,41
8/29/2024,P046,5,7,8,20
8/29/2024,P047,2,11,10,23
8/29/2024,P048,8,10,11,29
8/29/2024,P049,18,9,2,29
8/29/2024,P050,6,2,8,16
8/29/2024,P051,13,7,10,30
8/29/2024,P052,18,13,3,34
8/29/2024,P053,12,12,9,33
8/29/2024,P054,7,6,6,19
8/29/2024,P055,5,8,20,33
8/29/2024,P056,9,3,11,23
8/29/2024,P057,2,12,10,24
8/29/2024,P058,11,10,9,30
8/29/2024,P059,8,11,15,34
8/29/2024,P060,18,11,7,36
8/29/2024,P061,5,12,6,23
8/29/2024,P062,9,8,9,26
8/29/2024,P063,6,1,2,9
8/29/2024,P064,5,18,10,33
8/29/2024,P065,2,3,2,7
8/29/2024,P066,16,4,22,42
8/29/2024,P067,5,8,6,19
8/29/2024,P068,11,8,12,31
8/29/2024,P069,6,8,10,24
8/29/2024,P070,12,4,2,18
8/30/2024,P001,12,6,4,22
8/30/2024,P002,6,9,17,32
8/30/2024,P003,18,11,2,31
8/30/2024,P004,11,6,22,39
8/30/2024,P005,6,3,4,13
8/30/2024,P006,15,9,2,26
8/30/2024,P007,5,5,20,30
8/30/2024,P008,15,9,20,44
8/30/2024,P009,10,6,6,22
8/30/2024,P010,17,8,7,32
8/30/2024,P011,9,17,4,30
8/30/2024,P012,20,9,11,40
8/30/2024,P013,9,6,15,30
8/30/2024,P014,3,17,15,35
8/30/2024,P015,10,4,6,20
8/30/2024,P016,5,2,1,8
8/30/2024,P017,1,6,1,8
8/30/2024,P018,20,5,13,38
8/30/2024,P019,7,6,4,17
8/30/2024,P020,16,11,6,33
8/30/2024,P021,11,6,3,20
8/30/2024,P022,14,7,8,29
8/30/2024,P023,12,10,11,33
8/30/2024,P024,15,8,11,34
8/30/2024,P025,22,6,6,34
8/30/2024,P026,8,14,18,40
8/30/2024,P027,3,12,7,22
8/30/2024,P028,8,12,2,22
8/30/2024,P029,11,19,6,36
8/30/2024,P030,5,2,20,27
8/30/2024,P031,6,19,3,28
8/30/2024,P032,3,10,4,17
8/30/2024,P033,3,7,9,19
8/30/2024,P034,18,12,3,33
8/30/2024,P035,6,18,6,30
8/30/2024,P036,12,19,6,37
8/30/2024,P037,4,9,10,23
8/30/2024,P038,17,6,19,42
8/30/2024,P039,16,16,5,37
8/30/2024,P040,3,11,4,18
8/30/2024,P041,11,3,19,33
8/30/2024,P042,14,18,1,33
8/30/2024,P043,10,10,7,27
8/30/2024,P044,7,10,8,25
8/30/2024,P045,2,2,3,7
8/30/2024,P046,9,9,9,27
8/30/2024,P047,4,16,6,26
8/30/2024,P048,6,9,20,35
8/30/2024,P049,8,15,12,35
8/30/2024,P050,10,7,4,21
8/30/2024,P051,16,16,16,48
8/30/2024,P052,7,18,10,35
8/30/2024,P053,6,17,3,26
8/30/2024,P054,12,12,12,36
8/30/2024,P055,3,10,17,30
8/30/2024,P056,5,10,8,23
8/30/2024,P057,7,4,11,22
8/30/2024,P058,6,12,8,26
8/30/2024,P059,9,2,17,28
8/30/2024,P060,13,15,10,38
8/30/2024,P061,10,3,8,21
8/30/2024,P062,12,19,8,39
8/30/2024,P063,12,10,9,31
8/30/2024,P064,20,6,15,41
8/30/2024,P065,8,6,3,17
8/30/2024,P066,13,10,18,41
8/30/2024,P067,3,19,9,31
8/30/2024,P068,8,5,4,17
8/30/2024,P069,12,11,12,35
8/30/2024,P070,3,9,9,21
8/31/2024,P001,7,5,11,23
8/31/2024,P002,10,4,11,25
8/31/2024,P003,2,2,9,13
8/31/2024,P004,19,11,18,48
8/31/2024,P005,20,3,12,35
8/31/2024,P006,7,3,10,20
8/31/2024,P007,12,21,13,46
8/31/2024,P008,6,18,8,32
8/31/2024,P009,6,2,20,28
8/31/2024,P010,4,5,12,21
8/31/2024,P011,3,5,20,28
8/31/2024,P012,2,9,7,18
8/31/2024,P013,17,11,8,36
8/31/2024,P014,12,14,15,41
8/31/2024,P015,7,8,2,17
8/31/2024,P016,3,10,17,30
8/31/2024,P017,13,20,14,47
8/31/2024,P018,5,13,12,30
8/31/2024,P019,10,7,8,25
8/31/2024,P020,4,21,9,34
8/31/2024,P021,7,1,9,17
8/31/2024,P022,17,10,4,31
8/31/2024,P023,7,2,13,22
8/31/2024,P024,10,3,11,24
8/31/2024,P025,18,9,4,31
8/31/2024,P026,18,20,7,45
8/31/2024,P027,6,7,6,19
8/31/2024,P028,20,2,6,28
8/31/2024,P029,8,2,4,14
8/31/2024,P030,14,9,6,29
8/31/2024,P031,9,1,17,27
8/31/2024,P032,10,22,8,40
8/31/2024,P033,6,3,5,14
8/31/2024,P034,15,9,2,26
8/31/2024,P035,6,3,6,15
8/31/2024,P036,3,8,7,18
8/31/2024,P037,9,15,5,29
8/31/2024,P038,12,8,15,35
8/31/2024,P039,4,21,10,35
8/31/2024,P040,17,7,8,32
8/31/2024,P041,14,10,5,29
8/31/2024,P042,15,3,12,30
8/31/2024,P043,7,2,12,21
8/31/2024,P044,6,6,2,14
8/31/2024,P045,17,5,7,29
8/31/2024,P046,7,6,6,19
8/31/2024,P047,17,13,6,36
8/31/2024,P048,2,3,12,17
8/31/2024,P049,12,2,12,26
8/31/2024,P050,5,6,5,16
8/31/2024,P051,14,6,3,23
8/31/2024,P052,5,3,4,12
8/31/2024,P053,17,12,10,39
8/31/2024,P054,10,5,2,17
8/31/2024,P055,2,6,14,22
8/31/2024,P056,10,7,4,21
8/31/2024,P057,12,9,19,40
8/31/2024,P058,9,3,10,22
8/31/2024,P059,7,8,10,25
8/31/2024,P060,18,8,9,35
8/31/2024,P061,11,10,14,35
8/31/2024,P062,12,9,4,25
8/31/2024,P063,2,17,3,22
8/31/2024,P064,12,6,11,29
8/31/2024,P065,9,7,8,24
8/31/2024,P066,2,5,12,19
8/31/2024,P067,11,15,10,36
8/31/2024,P068,20,10,9,39
8/31/2024,P069,2,8,3,13
8/31/2024,P070,11,8,5,24
9/1/2024,P001,3,4,2,9
9/1/2024,P002,7,7,16,30
9/1/2024,P003,2,5,3,10
9/1/2024,P004,13,8,8,29
9/1/2024,P005,18,4,10,32
9/1/2024,P006,9,12,5,26
9/1/2024,P007,10,7,15,32
9/1/2024,P008,20,18,4,42
9/1/2024,P009,2,9,18,29
9/1/2024,P010,19,6,9,34
9/1/2024,P011,2,14,20,36
9/1/2024,P012,1,6,11,18
9/1/2024,P013,5,12,13,30
9/1/2024,P014,20,20,18,58
9/1/2024,P015,3,9,3,15
9/1/2024,P016,7,5,7,19
9/1/2024,P017,17,18,3,38
9/1/2024,P018,9,7,4,20
9/1/2024,P019,11,8,8,27
9/1/2024,P020,15,7,12,34
9/1/2024,P021,11,16,4,31
9/1/2024,P022,6,9,9,24
9/1/2024,P023,8,6,13,27
9/1/2024,P024,4,4,7,15
9/1/2024,P025,17,10,13,40
9/1/2024,P026,2,14,7,23
9/1/2024,P027,2,12,3,17
9/1/2024,P028,9,3,6,18
9/1/2024,P029,9,19,22,50
9/1/2024,P030,7,3,13,23
9/1/2024,P031,12,10,6,28
9/1/2024,P032,6,12,6,24
9/1/2024,P033,9,9,3,21
9/1/2024,P034,17,5,4,26
9/1/2024,P035,6,12,11,29
9/1/2024,P036,19,18,3,40
9/1/2024,P037,4,4,12,20
9/1/2024,P038,3,2,4,9
9/1/2024,P039,5,9,11,25
9/1/2024,P040,6,2,12,20
9/1/2024,P041,18,4,3,25
9/1/2024,P042,4,6,10,20
9/1/2024,P043,11,11,3,25
9/1/2024,P044,4,5,7,16
9/1/2024,P045,8,9,4,21
9/1/2024,P046,6,7,15,28
9/1/2024,P047,20,8,6,34
9/1/2024,P048,7,22,18,47
9/1/2024,P049,5,7,4,16
9/1/2024,P050,4,4,12,20
9/1/2024,P051,7,22,14,43
9/1/2024,P052,21,9,10,40
9/1/2024,P053,11,12,12,35
9/1/2024,P054,12,10,11,33
9/1/2024,P055,11,4,2,17
9/1/2024,P056,8,4,2,14
9/1/2024,P057,3,6,19,28
9/1/2024,P058,2,11,15,28
9/1/2024,P059,9,10,6,25
9/1/2024,P060,16,3,12,31
9/1/2024,P061,6,12,7,25
9/1/2024,P062,13,11,5,29
9/1/2024,P063,11,10,11,32
9/1/2024,P064,18,11,13,42
9/1/2024,P065,8,3,9,20
9/1/2024,P066,15,12,11,38
9/1/2024,P067,4,4,10,18
9/1/2024,P068,6,11,6,23
9/1/2024,P069,2,6,11,19
9/1/2024,P070,5,11,8,24
9/2/2024,P001,11,5,8,24
9/2/2024,P002,12,20,19,51
9/2/2024,P003,1,8,2,11
9/2/2024,P004,10,4,9,23
9/2/2024,P005,10,3,4,17
9/2/2024,P006,20,7,6,33
9/2/2024,P007,11,6,15,32
9/2/2024,P008,19,14,12,45
9/2/2024,P009,9,3,10,22
9/2/2024,P010,3,5,3,11
9/2/2024,P011,3,15,12,30
9/2/2024,P012,11,3,11,25
9/2/2024,P013,1,5,11,17
9/2/2024,P014,7,13,5,25
9/2/2024,P015,8,7,7,22
9/2/2024,P016,7,11,10,28
9/2/2024,P017,12,10,14,36
9/2/2024,P018,5,9,5,19
9/2/2024,P019,3,2,5,10
9/2/2024,P020,17,7,5,29
9/2/2024,P021,8,13,3,24
9/2/2024,P022,3,12,4,19
9/2/2024,P023,12,6,19,37
9/2/2024,P024,1,8,6,15
9/2/2024,P025,6,3,17,26
9/2/2024,P026,6,12,4,22
9/2/2024,P027,10,10,17,37
9/2/2024,P028,3,11,12,26
9/2/2024,P029,5,11,3,19
9/2/2024,P030,7,12,8,27
9/2/2024,P031,6,8,3,17
9/2/2024,P032,10,1,9,20
9/2/2024,P033,8,18,11,37
9/2/2024,P034,10,3,2,15
9/2/2024,P035,6,4,13,23
9/2/2024,P036,8,8,11,27
9/2/2024,P037,5,8,20,33
9/2/2024,P038,3,8,4,15
9/2/2024,P039,19,3,16,38
9/2/2024,P040,3,2,3,8
9/2/2024,P041,12,10,19,41
9/2/2024,P042,10,17,19,46
9/2/2024,P043,10,10,19,39
9/2/2024,P044,8,4,5,17
9/2/2024,P045,12,7,11,30
9/2/2024,P046,2,7,10,19
9/2/2024,P047,13,11,6,30
9/2/2024,P048,3,20,8,31
9/2/2024,P049,5,11,11,27
9/2/2024,P050,3,5,6,14
9/2/2024,P051,21,4,22,47
9/2/2024,P052,7,17,3,27
9/2/2024,P053,3,20,6,29
9/2/2024,P054,3,4,7,14
9/2/2024,P055,8,7,12,27
9/2/2024,P056,3,10,6,19
9/2/2024,P057,10,17,2,29
9/2/2024,P058,10,4,17,31
9/2/2024,P059,9,9,20,38
9/2/2024,P060,5,20,17,42
9/2/2024,P061,5,3,20,28
9/2/2024,P062,21,14,12,47
9/2/2024,P063,7,16,7,30
9/2/2024,P064,12,13,12,37
9/2/2024,P065,9,11,3,23
9/2/2024,P066,19,20,1,40
9/2/2024,P067,10,4,6,20
9/2/2024,P068,16,16,17,49
9/2/2024,P069,9,12,4,25
9/2/2024,P070,9,2,2,13
9/3/2024,P001,7,10,4,21
9/3/2024,P002,11,7,2,20
9/3/2024,P003,15,2,9,26
9/3/2024,P004,2,12,22,36
9/3/2024,P005,9,8,4,21
9/3/2024,P006,4,9,2,15
9/3/2024,P007,5,3,6,14
9/3/2024,P008,22,16,7,45
9/3/2024,P009,3,11,9,23
9/3/2024,P010,12,3,10,25
9/3/2024,P011,7,18,2,27
9/3/2024,P012,9,10,6,25
9/3/2024,P013,13,10,8,31
9/3/2024,P014,15,2,2,19
9/3/2024,P015,6,9,6,21
9/3/2024,P016,10,16,8,34
9/3/2024,P017,3,9,19,31
9/3/2024,P018,20,15,8,43
9/3/2024,P019,8,7,3,18
9/3/2024,P020,17,16,11,44
9/3/2024,P021,12,18,17,47
9/3/2024,P022,3,17,4,24
9/3/2024,P023,12,12,15,39
9/3/2024,P024,16,10,2,28
9/3/2024,P025,19,10,23,52
9/3/2024,P026,2,4,13,19
9/3/2024,P027,9,12,13,34
9/3/2024,P028,10,2,5,17
9/3/2024,P029,9,15,18,42
9/3/2024,P030,3,3,6,12
9/3/2024,P031,7,19,10,36
9/3/2024,P032,12,10,2,24
9/3/2024,P033,9,6,4,19
9/3/2024,P034,6,6,6,18
9/3/2024,P035,11,10,15,36
9/3/2024,P036,18,19,12,49
9/3/2024,P037,11,5,3,19
9/3/2024,P038,4,11,1,16
9/3/2024,P039,9,1,18,28
9/3/2024,P040,10,9,4,23
9/3/2024,P041,2,3,5,10
9/3/2024,P042,16,8,19,43
9/3/2024,P043,8,5,8,21
9/3/2024,P044,4,5,8,17
9/3/2024,P045,16,2,3,21
9/3/2024,P046,5,7,20,32
9/3/2024,P047,15,12,11,38
9/3/2024,P048,7,2,3,12
9/3/2024,P049,13,18,7,38
9/3/2024,P050,2,5,6,13
9/3/2024,P051,12,16,5,33
9/3/2024,P052,6,10,5,21
9/3/2024,P053,2,16,9,27
9/3/2024,P054,11,3,11,25
9/3/2024,P055,9,7,13,29
9/3/2024,P056,2,3,6,11
9/3/2024,P057,18,14,12,44
9/3/2024,P058,6,8,5,19
9/3/2024,P059,20,11,18,49
9/3/2024,P060,11,7,12,30
9/3/2024,P061,7,10,2,19
9/3/2024,P062,1,3,6,10
9/3/2024,P063,11,3,2,16
9/3/2024,P064,19,15,9,43
9/3/2024,P065,10,12,7,29
9/3/2024,P066,20,3,17,40
9/3/2024,P067,6,1,11,18
9/3/2024,P068,7,18,14,39
9/3/2024,P069,3,2,8,13
9/3/2024,P070,7,3,10,20
9/4/2024,P001,7,9,6,22
9/4/2024,P002,11,18,19,48
9/4/2024,P003,17,5,3,25
9/4/2024,P004,13,10,1,24
9/4/2024,P005,3,5,2,10
9/4/2024,P006,7,2,8,17
9/4/2024,P007,3,4,6,13
9/4/2024,P008,17,21,15,53
9/4/2024,P009,11,7,3,21
9/4/2024,P010,19,10,12,41
9/4/2024,P011,12,3,15,30
9/4/2024,P012,17,2,10,29
9/4/2024,P013,17,6,1,24
9/4/2024,P014,17,5,16,38
9/4/2024,P015,3,6,2,11
9/4/2024,P016,9,13,3,25
9/4/2024,P017,11,3,10,24
9/4/2024,P018,3,2,10,15
9/4/2024,P019,9,6,5,20
9/4/2024,P020,17,6,10,33
9/4/2024,P021,4,3,11,18
9/4/2024,P022,4,12,4,20
9/4/2024,P023,6,5,3,14
9/4/2024,P024,11,6,5,22
9/4/2024,P025,1,7,6,14
9/4/2024,P026,15,9,3,27
9/4/2024,P027,6,3,8,17
9/4/2024,P028,4,8,10,22
9/4/2024,P029,9,8,1,18
9/4/2024,P030,8,10,3,21
9/4/2024,P031,11,9,18,38
9/4/2024,P032,6,17,12,35
9/4/2024,P033,7,6,10,23
9/4/2024,P034,20,7,6,33
9/4/2024,P035,8,5,10,23
9/4/2024,P036,16,15,12,43
9/4/2024,P037,7,10,1,18
9/4/2024,P038,3,8,18,29
9/4/2024,P039,14,20,15,49
9/4/2024,P040,18,11,12,41
9/4/2024,P041,18,5,18,41
9/4/2024,P042,2,7,12,21
9/4/2024,P043,4,7,18,29
9/4/2024,P044,9,5,2,16
9/4/2024,P045,8,14,4,26
9/4/2024,P046,12,7,2,21
9/4/2024,P047,15,4,8,27
9/4/2024,P048,9,15,7,31
9/4/2024,P049,17,9,10,36
9/4/2024,P050,4,9,9,22
9/4/2024,P051,20,12,10,42
9/4/2024,P052,3,8,9,20
9/4/2024,P053,14,18,5,37
9/4/2024,P054,4,6,8,18
9/4/2024,P055,5,12,11,28
9/4/2024,P056,2,2,2,6
9/4/2024,P057,6,20,11,37
9/4/2024,P058,2,9,20,31
9/4/2024,P059,18,11,10,39
9/4/2024,P060,4,3,12,19
9/4/2024,P061,10,4,12,26
9/4/2024,P062,19,3,6,28
9/4/2024,P063,8,14,2,24
9/4/2024,P064,4,10,12,26
9/4/2024,P065,11,12,6,29
9/4/2024,P066,3,1,12,16
9/4/2024,P067,11,18,12,41
9/4/2024,P068,13,15,20,48
9/4/2024,P069,2,9,9,20
9/4/2024,P070,11,12,5,28
9/5/2024,P001,11,2,10,23
9/5/2024,P002,5,18,11,34
9/5/2024,P003,10,5,12,27
9/5/2024,P004,14,4,7,25
9/5/2024,P005,22,14,7,43
9/5/2024,P006,19,10,9,38
9/5/2024,P007,3,4,11,18
9/5/2024,P008,16,9,11,36
9/5/2024,P009,7,2,22,31
9/5/2024,P010,2,4,6,12
9/5/2024,P011,10,6,18,34
9/5/2024,P012,17,11,11,39
9/5/2024,P013,12,5,6,23
9/5/2024,P014,2,9,11,22
9/5/2024,P015,10,7,9,26
9/5/2024,P016,9,8,1,18
9/5/2024,P017,10,22,21,53
9/5/2024,P018,4,7,10,21
9/5/2024,P019,2,4,5,11
9/5/2024,P020,1,22,9,32
9/5/2024,P021,2,9,22,33
9/5/2024,P022,17,12,9,38
9/5/2024,P023,11,10,17,38
9/5/2024,P024,20,4,10,34
9/5/2024,P025,13,4,7,24
9/5/2024,P026,6,6,20,32
9/5/2024,P027,2,11,10,23
9/5/2024,P028,3,10,4,17
9/5/2024,P029,5,3,9,17
9/5/2024,P030,9,12,9,30
9/5/2024,P031,11,11,14,36
9/5/2024,P032,2,10,11,23
9/5/2024,P033,9,11,6,26
9/5/2024,P034,18,3,6,27
9/5/2024,P035,4,12,9,25
9/5/2024,P036,3,4,6,13
9/5/2024,P037,7,11,11,29
9/5/2024,P038,8,6,17,31
9/5/2024,P039,11,17,17,45
9/5/2024,P040,14,8,10,32
9/5/2024,P041,5,9,4,18
9/5/2024,P042,3,17,14,34
9/5/2024,P043,5,5,16,26
9/5/2024,P044,4,11,4,19
9/5/2024,P045,7,7,11,25
9/5/2024,P046,7,2,11,20
9/5/2024,P047,6,6,4,16
9/5/2024,P048,10,22,20,52
9/5/2024,P049,18,17,11,46
9/5/2024,P050,11,7,9,27
9/5/2024,P051,17,22,22,61
9/5/2024,P052,4,21,7,32
9/5/2024,P053,10,19,5,34
9/5/2024,P054,8,2,12,22
9/5/2024,P055,9,6,11,26
9/5/2024,P056,8,5,11,24
9/5/2024,P057,20,13,2,35
9/5/2024,P058,5,7,1,13
9/5/2024,P059,15,11,9,35
9/5/2024,P060,2,20,20,42
9/5/2024,P061,9,2,7,18
9/5/2024,P062,12,12,9,33
9/5/2024,P063,12,22,9,43
9/5/2024,P064,9,9,9,27
9/5/2024,P065,7,6,5,18
9/5/2024,P066,1,11,18,30
9/5/2024,P067,5,17,5,27
9/5/2024,P068,14,17,13,44
9/5/2024,P069,9,4,7,20
9/5/2024,P070,7,5,11,23
9/6/2024,P001,15,12,7,34
9/6/2024,P002,9,13,15,37
9/6/2024,P003,7,10,3,20
9/6/2024,P004,13,4,6,23
9/6/2024,P005,20,11,6,37
9/6/2024,P006,10,4,8,22
9/6/2024,P007,8,7,17,32
9/6/2024,P008,7,3,18,28
9/6/2024,P009,2,2,20,24
9/6/2024,P010,7,10,9,26
9/6/2024,P011,3,17,3,23
9/6/2024,P012,15,10,10,35
9/6/2024,P013,3,4,6,13
9/6/2024,P014,2,7,16,25
9/6/2024,P015,10,7,6,23
9/6/2024,P016,10,11,12,33
9/6/2024,P017,18,20,13,51
9/6/2024,P018,15,11,11,37
9/6/2024,P019,5,5,8,18
9/6/2024,P020,15,4,11,30
9/6/2024,P021,10,17,22,49
9/6/2024,P022,17,20,4,41
9/6/2024,P023,9,4,17,30
9/6/2024,P024,20,7,9,36
9/6/2024,P025,9,10,1,20
9/6/2024,P026,3,17,5,25
9/6/2024,P027,11,4,12,27
9/6/2024,P028,19,9,3,31
9/6/2024,P029,4,20,1,25
9/6/2024,P030,12,3,10,25
9/6/2024,P031,9,14,2,25
9/6/2024,P032,11,16,9,36
9/6/2024,P033,3,13,11,27
9/6/2024,P034,10,11,7,28
9/6/2024,P035,12,20,11,43
9/6/2024,P036,17,4,11,32
9/6/2024,P037,12,16,6,34
9/6/2024,P038,5,12,18,35
9/6/2024,P039,19,22,7,48
9/6/2024,P040,2,4,2,8
9/6/2024,P041,3,7,6,16
9/6/2024,P042,8,9,20,37
9/6/2024,P043,11,11,3,25
9/6/2024,P044,4,5,4,13
9/6/2024,P045,2,6,2,10
9/6/2024,P046,12,3,13,28
9/6/2024,P047,6,13,12,31
9/6/2024,P048,6,18,9,33
9/6/2024,P049,18,6,3,27
9/6/2024,P050,11,9,9,29
9/6/2024,P051,15,2,7,24
9/6/2024,P052,4,15,12,31
9/6/2024,P053,20,13,2,35
9/6/2024,P054,9,3,4,16
9/6/2024,P055,9,12,9,30
9/6/2024,P056,7,9,10,26
9/6/2024,P057,2,2,15,19
9/6/2024,P058,9,9,15,33
9/6/2024,P059,17,8,3,28
9/6/2024,P060,3,8,16,27
9/6/2024,P061,12,3,9,24
9/6/2024,P062,13,13,9,35
9/6/2024,P063,4,5,11,20
9/6/2024,P064,19,11,3,33
9/6/2024,P065,10,11,5,26
9/6/2024,P066,2,6,22,30
9/6/2024,P067,8,18,10,36
9/6/2024,P068,9,7,2,18
9/6/2024,P069,3,3,9,15
9/6/2024,P070,7,4,16,27
9/7/2024,P001,9,2,6,17
9/7/2024,P002,9,18,8,35
9/7/2024,P003,6,11,10,27
9/7/2024,P004,1,2,9,12
9/7/2024,P005,2,12,4,18
9/7/2024,P006,17,7,9,33
9/7/2024,P007,5,12,20,37
9/7/2024,P008,19,1,8,28
9/7/2024,P009,2,9,2,13
9/7/2024,P010,11,3,5,19
9/7/2024,P011,2,8,7,17
9/7/2024,P012,5,5,6,16
9/7/2024,P013,11,5,13,29
9/7/2024,P014,18,2,15,35
9/7/2024,P015,12,7,4,23
9/7/2024,P016,6,12,11,29
9/7/2024,P017,16,2,3,21
9/7/2024,P018,7,18,19,44
9/7/2024,P019,12,5,10,27
9/7/2024,P020,6,16,11,33
9/7/2024,P021,6,10,14,30
9/7/2024,P022,4,16,5,25
9/7/2024,P023,3,3,11,17
9/7/2024,P024,2,7,12,21
9/7/2024,P025,17,3,3,23
9/7/2024,P026,12,14,2,28
9/7/2024,P027,8,8,15,31
9/7/2024,P028,11,11,6,28
9/7/2024,P029,11,7,1,19
9/7/2024,P030,15,10,1,26
9/7/2024,P031,2,3,13,18
9/7/2024,P032,7,3,4,14
9/7/2024,P033,7,15,5,27
9/7/2024,P034,9,12,6,27
9/7/2024,P035,10,3,13,26
9/7/2024,P036,6,1,11,18
9/7/2024,P037,3,18,4,25
9/7/2024,P038,14,2,7,23
9/7/2024,P039,13,7,6,26
9/7/2024,P040,13,2,6,21
9/7/2024,P041,7,12,4,23
9/7/2024,P042,6,4,6,16
9/7/2024,P043,12,2,17,31
9/7/2024,P044,4,8,8,20
9/7/2024,P045,14,9,8,31
9/7/2024,P046,5,4,12,21
9/7/2024,P047,11,10,10,31
9/7/2024,P048,5,8,19,32
9/7/2024,P049,2,20,8,30
9/7/2024,P050,6,5,12,23
9/7/2024,P051,21,3,3,27
9/7/2024,P052,7,20,9,36
9/7/2024,P053,17,9,5,31
9/7/2024,P054,7,7,2,16
9/7/2024,P055,5,8,16,29
9/7/2024,P056,3,2,6,11
9/7/2024,P057,17,5,11,33
9/7/2024,P058,7,6,3,16
9/7/2024,P059,10,3,22,35
9/7/2024,P060,12,7,18,37
9/7/2024,P061,11,12,4,27
9/7/2024,P062,6,16,9,31
9/7/2024,P063,2,10,8,20
9/7/2024,P064,13,13,6,32
9/7/2024,P065,11,11,11,33
9/7/2024,P066,16,4,17,37
9/7/2024,P067,7,7,6,20
9/7/2024,P068,14,6,5,25
9/7/2024,P069,12,2,6,20
9/7/2024,P070,8,6,13,27
9/8/2024,P001,8,7,3,18
9/8/2024,P002,8,16,3,27
9/8/2024,P003,7,6,12,25
9/8/2024,P004,16,7,5,28
9/8/2024,P005,15,17,8,40
9/8/2024,P006,17,6,10,33
9/8/2024,P007,2,14,11,27
9/8/2024,P008,9,20,6,35
9/8/2024,P009,9,11,15,35
9/8/2024,P010,14,5,5,24
9/8/2024,P011,5,7,19,31
9/8/2024,P012,1,7,12,20
9/8/2024,P013,10,5,19,34
9/8/2024,P014,6,14,4,24
9/8/2024,P015,5,7,9,21
9/8/2024,P016,7,4,9,20
9/8/2024,P017,7,15,5,27
9/8/2024,P018,9,9,19,37
9/8/2024,P019,10,9,3,22
9/8/2024,P020,20,12,12,44
9/8/2024,P021,2,8,15,25
9/8/2024,P022,19,18,3,40
9/8/2024,P023,2,6,15,23
9/8/2024,P024,1,12,12,25
9/8/2024,P025,5,2,12,19
9/8/2024,P026,20,20,3,43
9/8/2024,P027,10,9,15,34
9/8/2024,P028,5,11,2,18
9/8/2024,P029,10,3,17,30
9/8/2024,P030,2,4,14,20
9/8/2024,P031,7,3,12,22
9/8/2024,P032,11,14,8,33
9/8/2024,P033,7,10,8,25
9/8/2024,P034,3,12,9,24
9/8/2024,P035,4,1,13,18
9/8/2024,P036,3,18,7,28
9/8/2024,P037,19,15,13,47
9/8/2024,P038,11,9,7,27
9/8/2024,P039,10,5,3,18
9/8/2024,P040,12,6,6,24
9/8/2024,P041,8,9,22,39
9/8/2024,P042,4,7,13,24
9/8/2024,P043,7,5,6,18
9/8/2024,P044,9,3,6,18
9/8/2024,P045,14,15,4,33
9/8/2024,P046,12,12,12,36
9/8/2024,P047,17,22,4,43
9/8/2024,P048,4,9,15,28
9/8/2024,P049,6,17,9,32
9/8/2024,P050,6,7,6,19
9/8/2024,P051,2,9,5,16
9/8/2024,P052,12,19,3,34
9/8/2024,P053,19,13,9,41
9/8/2024,P054,9,6,10,25
9/8/2024,P055,4,6,5,15
9/8/2024,P056,5,8,6,19
9/8/2024,P057,8,9,7,24
9/8/2024,P058,6,7,9,22
9/8/2024,P059,6,5,20,31
9/8/2024,P060,11,14,19,44
9/8/2024,P061,5,12,4,21
9/8/2024,P062,17,11,12,40
9/8/2024,P063,10,22,4,36
9/8/2024,P064,9,13,5,27
9/8/2024,P065,11,7,9,27
9/8/2024,P066,9,13,21,43
9/8/2024,P067,2,7,5,14
9/8/2024,P068,20,3,9,32
9/8/2024,P069,3,8,7,18
9/8/2024,P070,6,12,8,26
9/9/2024,P001,5,11,6,22
9/9/2024,P002,10,5,20,35
9/9/2024,P003,16,5,3,24
9/9/2024,P004,13,6,5,24
9/9/2024,P005,22,17,4,43
9/9/2024,P006,18,3,11,32
9/9/2024,P007,11,22,8,41
9/9/2024,P008,18,17,4,39
9/9/2024,P009,11,8,22,41
9/9/2024,P010,4,9,2,15
9/9/2024,P011,6,17,14,37
9/9/2024,P012,20,5,2,27
9/9/2024,P013,18,11,7,36
9/9/2024,P014,3,7,12,22
9/9/2024,P015,8,2,5,15
9/9/2024,P016,10,6,15,31
9/9/2024,P017,10,22,2,34
9/9/2024,P018,20,17,2,39
9/9/2024,P019,11,7,5,23
9/9/2024,P020,19,22,5,46
9/9/2024,P021,9,21,5,35
9/9/2024,P022,3,19,2,24
9/9/2024,P023,3,2,20,25
9/9/2024,P024,11,6,3,20
9/9/2024,P025,1,5,4,10
9/9/2024,P026,7,13,5,25
9/9/2024,P027,11,7,18,36
9/9/2024,P028,13,11,3,27
9/9/2024,P029,11,20,7,38
9/9/2024,P030,2,2,3,7
9/9/2024,P031,12,12,4,28
9/9/2024,P032,11,22,8,41
9/9/2024,P033,9,9,7,25
9/9/2024,P034,22,6,10,38
9/9/2024,P035,4,11,19,34
9/9/2024,P036,10,17,6,33
9/9/2024,P037,8,17,17,42
9/9/2024,P038,12,4,4,20
9/9/2024,P039,2,20,17,39
9/9/2024,P040,4,6,12,22
9/9/2024,P041,16,3,3,22
9/9/2024,P042,11,20,8,39
9/9/2024,P043,7,8,3,18
9/9/2024,P044,4,4,9,17
9/9/2024,P045,10,5,6,21
9/9/2024,P046,5,10,20,35
9/9/2024,P047,20,15,4,39
9/9/2024,P048,5,22,18,45
9/9/2024,P049,12,14,2,28
9/9/2024,P050,7,4,11,22
9/9/2024,P051,7,11,12,30
9/9/2024,P052,14,15,10,39
9/9/2024,P053,3,17,3,23
9/9/2024,P054,6,2,6,14
9/9/2024,P055,11,2,6,19
9/9/2024,P056,12,8,6,26
9/9/2024,P057,12,7,9,28
9/9/2024,P058,2,7,11,20
9/9/2024,P059,20,9,2,31
9/9/2024,P060,9,14,13,36
9/9/2024,P061,7,5,6,18
9/9/2024,P062,4,20,6,30
9/9/2024,P063,6,7,2,15
9/9/2024,P064,9,19,10,38
9/9/2024,P065,10,6,8,24
9/9/2024,P066,13,17,16,46
9/9/2024,P067,10,4,4,18
9/9/2024,P068,14,17,7,38
9/9/2024,P069,10,3,7,20
9/9/2024,P070,5,2,11,18
9/10/2024,P001,7,4,9,20
9/10/2024,P002,7,11,7,25
9/10/2024,P003,2,7,10,19
9/10/2024,P004,11,4,2,17
9/10/2024,P005,18,4,9,31
9/10/2024,P006,3,6,7,16
9/10/2024,P007,12,16,12,40
9/10/2024,P008,4,22,8,34
9/10/2024,P009,8,4,18,30
9/10/2024,P010,13,7,5,25
9/10/2024,P011,7,9,17,33
9/10/2024,P012,20,11,2,33
9/10/2024,P013,16,5,19,40
9/10/2024,P014,17,6,16,39
9/10/2024,P015,2,3,8,13
9/10/2024,P016,11,13,10,34
9/10/2024,P017,22,18,14,54
9/10/2024,P018,4,6,12,22
9/10/2024,P019,5,9,11,25
9/10/2024,P020,22,2,7,31
9/10/2024,P021,3,15,20,38
9/10/2024,P022,12,13,11,36
9/10/2024,P023,7,3,3,13
9/10/2024,P024,9,12,10,31
9/10/2024,P025,13,9,16,38
9/10/2024,P026,15,2,21,38
9/10/2024,P027,7,9,5,21
9/10/2024,P028,11,8,7,26
9/10/2024,P029,11,8,10,29
9/10/2024,P030,14,3,14,31
9/10/2024,P031,8,13,5,26
9/10/2024,P032,6,5,5,16
9/10/2024,P033,2,11,2,15
9/10/2024,P034,20,11,2,33
9/10/2024,P035,2,6,15,23
9/10/2024,P036,18,18,2,38
9/10/2024,P037,18,7,23,48
9/10/2024,P038,17,3,13,33
9/10/2024,P039,13,15,13,41
9/10/2024,P040,5,2,5,12
9/10/2024,P041,5,10,18,33
9/10/2024,P042,4,7,6,17
9/10/2024,P043,10,2,10,22
9/10/2024,P044,5,8,2,15
9/10/2024,P045,18,6,10,34
9/10/2024,P046,9,9,20,38
9/10/2024,P047,11,7,2,20
9/10/2024,P048,10,1,15,26
9/10/2024,P049,11,2,5,18
9/10/2024,P050,8,11,5,24
9/10/2024,P051,6,16,4,26
9/10/2024,P052,22,18,12,52
9/10/2024,P053,4,12,12,28
9/10/2024,P054,7,9,2,18
9/10/2024,P055,10,7,12,29
9/10/2024,P056,4,6,6,16
9/10/2024,P057,16,2,20,38
9/10/2024,P058,5,7,20,32
9/10/2024,P059,18,4,15,37
9/10/2024,P060,10,16,9,35
9/10/2024,P061,4,7,16,27
9/10/2024,P062,8,22,11,41
9/10/2024,P063,2,3,6,11
9/10/2024,P064,10,15,14,39
9/10/2024,P065,2,2,4,8
9/10/2024,P066,22,23,18,63
9/10/2024,P067,6,13,5,24
9/10/2024,P068,12,13,2,27
9/10/2024,P069,12,10,7,29
9/10/2024,P070,2,11,12,25
9/11/2024,P001,20,5,12,37
9/11/2024,P002,9,4,3,16
9/11/2024,P003,16,10,4,30
9/11/2024,P004,3,8,5,16
9/11/2024,P005,8,18,4,30
9/11/2024,P006,17,9,10,36
9/11/2024,P007,9,16,14,39
9/11/2024,P008,3,7,3,13
9/11/2024,P009,4,2,8,14
9/11/2024,P010,17,12,9,38
9/11/2024,P011,7,4,11,22
9/11/2024,P012,21,2,9,32
9/11/2024,P013,7,8,6,21
9/11/2024,P014,20,9,18,47
9/11/2024,P015,8,4,2,14
9/11/2024,P016,11,10,17,38
9/11/2024,P017,12,8,14,34
9/11/2024,P018,7,20,11,38
9/11/2024,P019,3,5,8,16
9/11/2024,P020,17,3,10,30
9/11/2024,P021,11,20,2,33
9/11/2024,P022,19,9,8,36
9/11/2024,P023,12,7,20,39
9/11/2024,P024,17,8,11,36
9/11/2024,P025,17,2,4,23
9/11/2024,P026,17,5,4,26
9/11/2024,P027,8,6,2,16
9/11/2024,P028,17,3,6,26
9/11/2024,P029,12,7,8,27
9/11/2024,P030,14,12,19,45
9/11/2024,P031,8,16,8,32
9/11/2024,P032,10,10,3,23
9/11/2024,P033,9,13,10,32
9/11/2024,P034,2,11,10,23
9/11/2024,P035,7,4,3,14
9/11/2024,P036,14,7,5,26
9/11/2024,P037,16,6,6,28
9/11/2024,P038,17,2,3,22
9/11/2024,P039,14,21,8,43
9/11/2024,P040,8,11,10,29
9/11/2024,P041,4,12,1,17
9/11/2024,P042,19,18,3,40
9/11/2024,P043,12,5,18,35
9/11/2024,P044,3,10,12,25
9/11/2024,P045,3,18,7,28
9/11/2024,P046,2,2,7,11
9/11/2024,P047,8,12,7,27
9/11/2024,P048,9,7,8,24
9/11/2024,P049,10,12,12,34
9/11/2024,P050,9,8,3,20
9/11/2024,P051,10,3,8,21
9/11/2024,P052,16,17,6,39
9/11/2024,P053,19,3,7,29
9/11/2024,P054,7,6,9,22
9/11/2024,P055,11,3,6,20
9/11/2024,P056,8,4,11,23
9/11/2024,P057,8,14,15,37
9/11/2024,P058,12,7,20,39
9/11/2024,P059,10,9,22,41
9/11/2024,P060,9,20,13,42
9/11/2024,P061,10,12,14,36
9/11/2024,P062,13,16,5,34
9/11/2024,P063,9,5,6,20
9/11/2024,P064,15,3,4,22
9/11/2024,P065,3,5,7,15
9/11/2024,P066,18,6,20,44
9/11/2024,P067,9,3,5,17
9/11/2024,P068,4,8,14,26
9/11/2024,P069,3,3,7,13
9/11/2024,P070,10,7,4,21
9/12/2024,P001,16,9,5,30
9/12/2024,P002,9,2,20,31
9/12/2024,P003,15,9,2,26
9/12/2024,P004,5,4,9,18
9/12/2024,P005,9,11,4,24
9/12/2024,P006,13,8,11,32
9/12/2024,P007,6,9,12,27
9/12/2024,P008,19,5,1,25
9/12/2024,P009,2,6,9,17
9/12/2024,P010,5,9,3,17
9/12/2024,P011,9,7,16,32
9/12/2024,P012,9,5,3,17
9/12/2024,P013,10,3,21,34
9/12/2024,P014,6,15,7,28
9/12/2024,P015,7,12,9,28
9/12/2024,P016,3,22,4,29
9/12/2024,P017,1,9,22,32
9/12/2024,P018,19,17,2,38
9/12/2024,P019,3,7,5,15
9/12/2024,P020,16,9,5,30
9/12/2024,P021,7,19,20,46
9/12/2024,P022,2,13,9,24
9/12/2024,P023,10,6,11,27
9/12/2024,P024,17,6,7,30
9/12/2024,P025,12,8,5,25
9/12/2024,P026,2,9,11,22
9/12/2024,P027,8,7,16,31
9/12/2024,P028,21,5,2,28
9/12/2024,P029,7,14,3,24
9/12/2024,P030,13,12,10,35
9/12/2024,P031,10,11,10,31
9/12/2024,P032,11,22,5,38
9/12/2024,P033,8,13,6,27
9/12/2024,P034,15,7,2,24
9/12/2024,P035,6,13,17,36
9/12/2024,P036,2,7,10,19
9/12/2024,P037,3,3,7,13
9/12/2024,P038,4,8,20,32
9/12/2024,P039,13,22,10,45
9/12/2024,P040,10,10,4,24
9/12/2024,P041,8,6,9,23
9/12/2024,P042,11,18,9,38
9/12/2024,P043,3,5,14,22
9/12/2024,P044,2,6,11,19
9/12/2024,P045,12,4,6,22
9/12/2024,P046,6,10,14,30
9/12/2024,P047,12,6,6,24
9/12/2024,P048,2,10,18,30
9/12/2024,P049,13,13,10,36
9/12/2024,P050,6,5,10,21
9/12/2024,P051,6,18,9,33
9/12/2024,P052,16,18,9,43
9/12/2024,P053,14,3,9,26
9/12/2024,P054,7,4,3,14
9/12/2024,P055,11,7,17,35
9/12/2024,P056,9,11,8,28
9/12/2024,P057,7,7,16,30
9/12/2024,P058,7,2,15,24
9/12/2024,P059,9,8,18,35
9/12/2024,P060,5,7,17,29
9/12/2024,P061,8,12,6,26
9/12/2024,P062,18,16,3,37
9/12/2024,P063,3,12,2,17
9/12/2024,P064,11,17,3,31
9/12/2024,P065,8,10,12,30
9/12/2024,P066,12,7,4,23
9/12/2024,P067,10,20,11,41
9/12/2024,P068,9,10,7,26
9/12/2024,P069,10,2,2,14
9/12/2024,P070,10,11,6,27
9/13/2024,P001,11,2,11,24
9/13/2024,P002,4,3,8,15
9/13/2024,P003,8,12,3,23
9/13/2024,P004,10,9,3,22
9/13/2024,P005,22,14,4,40
9/13/2024,P006,20,9,11,40
9/13/2024,P007,12,1,16,29
9/13/2024,P008,12,20,21,53
9/13/2024,P009,6,6,22,34
9/13/2024,P010,19,3,12,34
9/13/2024,P011,10,20,19,49
9/13/2024,P012,22,8,2,32
9/13/2024,P013,22,4,19,45
9/13/2024,P014,14,5,12,31
9/13/2024,P015,7,10,10,27
9/13/2024,P016,12,15,9,36
9/13/2024,P017,10,22,12,44
9/13/2024,P018,10,14,15,39
9/13/2024,P019,8,4,12,24
9/13/2024,P020,7,11,6,24
9/13/2024,P021,2,15,2,19
9/13/2024,P022,7,17,5,29
9/13/2024,P023,3,2,8,13
9/13/2024,P024,15,2,2,19
9/13/2024,P025,3,8,17,28
9/13/2024,P026,2,7,5,14
9/13/2024,P027,5,7,11,23
9/13/2024,P028,10,9,9,28
9/13/2024,P029,8,14,1,23
9/13/2024,P030,7,5,21,33
9/13/2024,P031,8,20,10,38
9/13/2024,P032,10,7,5,22
9/13/2024,P033,9,19,9,37
9/13/2024,P034,22,6,5,33
9/13/2024,P035,4,17,17,38
9/13/2024,P036,13,4,9,26
9/13/2024,P037,17,17,1,35
9/13/2024,P038,18,3,5,26
9/13/2024,P039,1,3,12,16
9/13/2024,P040,10,6,3,19
9/13/2024,P041,17,9,1,27
9/13/2024,P042,13,13,10,36
9/13/2024,P043,12,10,2,24
9/13/2024,P044,11,4,9,24
9/13/2024,P045,5,16,3,24
9/13/2024,P046,9,9,21,39
9/13/2024,P047,14,12,4,30
9/13/2024,P048,12,22,20,54
9/13/2024,P049,20,11,11,42
9/13/2024,P050,8,4,10,22
9/13/2024,P051,11,10,4,25
9/13/2024,P052,9,15,5,29
9/13/2024,P053,9,4,2,15
9/13/2024,P054,7,9,11,27
9/13/2024,P055,12,9,11,32
9/13/2024,P056,4,10,4,18
9/13/2024,P057,2,6,7,15
9/13/2024,P058,12,3,2,17
9/13/2024,P059,3,11,8,22
9/13/2024,P060,17,16,12,45
9/13/2024,P061,10,2,6,18
9/13/2024,P062,11,18,10,39
9/13/2024,P063,11,4,11,26
9/13/2024,P064,13,17,10,40
9/13/2024,P065,9,9,2,20
9/13/2024,P066,11,1,1,13
9/13/2024,P067,10,5,5,20
9/13/2024,P068,6,12,6,24
9/13/2024,P069,4,10,3,17
9/13/2024,P070,4,8,13,25
9/14/2024,P001,9,5,10,24
9/14/2024,P002,11,12,7,30
9/14/2024,P003,22,11,12,45
9/14/2024,P004,10,4,12,26
9/14/2024,P005,1,18,9,28
9/14/2024,P006,3,7,10,20
9/14/2024,P007,5,12,6,23
9/14/2024,P008,13,15,21,49
9/14/2024,P009,6,2,1,9
9/14/2024,P010,13,10,7,30
9/14/2024,P011,2,7,2,11
9/14/2024,P012,14,2,9,25
9/14/2024,P013,9,8,1,18
9/14/2024,P014,18,6,13,37
9/14/2024,P015,2,9,11,22
9/14/2024,P016,10,7,10,27
9/14/2024,P017,17,1,21,39
9/14/2024,P018,17,2,11,30
9/14/2024,P019,5,11,4,20
9/14/2024,P020,19,16,6,41
9/14/2024,P021,2,18,21,41
9/14/2024,P022,11,12,9,32
9/14/2024,P023,2,9,20,31
9/14/2024,P024,5,7,3,15
9/14/2024,P025,11,6,18,35
9/14/2024,P026,18,2,5,25
9/14/2024,P027,8,7,16,31
9/14/2024,P028,12,4,6,22
9/14/2024,P029,5,16,12,33
9/14/2024,P030,3,7,13,23
9/14/2024,P031,3,22,11,36
9/14/2024,P032,6,3,8,17
9/14/2024,P033,12,15,10,37
9/14/2024,P034,18,2,3,23
9/14/2024,P035,8,23,11,42
9/14/2024,P036,12,13,12,37
9/14/2024,P037,6,13,3,22
9/14/2024,P038,11,10,2,23
9/14/2024,P039,16,7,15,38
9/14/2024,P040,11,6,6,23
9/14/2024,P041,14,5,1,20
9/14/2024,P042,10,18,1,29
9/14/2024,P043,11,11,13,35
9/14/2024,P044,8,7,4,19
9/14/2024,P045,14,10,6,30
9/14/2024,P046,3,4,3,10
9/14/2024,P047,12,9,8,29
9/14/2024,P048,2,15,16,33
9/14/2024,P049,7,11,5,23
9/14/2024,P050,10,2,9,21
9/14/2024,P051,21,8,2,31
9/14/2024,P052,1,4,5,10
9/14/2024,P053,14,3,10,27
9/14/2024,P054,2,5,7,14
9/14/2024,P055,7,10,3,20
9/14/2024,P056,2,12,12,26
9/14/2024,P057,14,9,10,33
9/14/2024,P058,5,4,3,12
9/14/2024,P059,22,2,9,33
9/14/2024,P060,5,19,3,27
9/14/2024,P061,10,7,14,31
9/14/2024,P062,20,5,10,35
9/14/2024,P063,7,8,10,25
9/14/2024,P064,12,11,19,42
9/14/2024,P065,3,12,4,19
9/14/2024,P066,1,3,2,6
9/14/2024,P067,6,2,8,16
9/14/2024,P068,17,15,9,41
9/14/2024,P069,2,5,4,11
9/14/2024,P070,4,12,10,26
9/15/2024,P001,15,11,9,35
9/15/2024,P002,9,11,14,34
9/15/2024,P003,6,5,12,23
9/15/2024,P004,20,4,7,31
9/15/2024,P005,7,12,4,23
9/15/2024,P006,20,6,2,28
9/15/2024,P007,4,3,10,17
9/15/2024,P008,3,21,13,37
9/15/2024,P009,2,11,7,20
9/15/2024,P010,20,12,9,41
9/15/2024,P011,4,18,19,41
9/15/2024,P012,9,5,3,17
9/15/2024,P013,5,10,10,25
9/15/2024,P014,8,18,5,31
9/15/2024,P015,5,2,12,19
9/15/2024,P016,5,12,7,24
9/15/2024,P017,10,7,2,19
9/15/2024,P018,17,12,7,36
9/15/2024,P019,2,8,5,15
9/15/2024,P020,9,3,2,14
9/15/2024,P021,9,17,11,37
9/15/2024,P022,14,3,9,26
9/15/2024,P023,5,6,6,17
9/15/2024,P024,1,3,9,13
9/15/2024,P025,10,4,8,22
9/15/2024,P026,6,14,22,42
9/15/2024,P027,11,7,15,33
9/15/2024,P028,19,9,4,32
9/15/2024,P029,6,20,11,37
9/15/2024,P030,11,12,3,26
9/15/2024,P031,12,16,19,47
9/15/2024,P032,12,5,9,26
9/15/2024,P033,3,3,10,16
9/15/2024,P034,8,5,7,20
9/15/2024,P035,4,6,15,25
9/15/2024,P036,4,3,12,19
9/15/2024,P037,3,8,12,23
9/15/2024,P038,14,3,3,20
9/15/2024,P039,13,8,15,36
9/15/2024,P040,19,6,2,27
9/15/2024,P041,4,5,17,26
9/15/2024,P042,4,16,14,34
9/15/2024,P043,2,6,12,20
9/15/2024,P044,9,7,8,24
9/15/2024,P045,7,6,9,22
9/15/2024,P046,5,12,9,26
9/15/2024,P047,16,4,4,24
9/15/2024,P048,7,3,20,30
9/15/2024,P049,17,9,3,29
9/15/2024,P050,3,12,11,26
9/15/2024,P051,12,2,9,23
9/15/2024,P052,12,16,2,30
9/15/2024,P053,2,8,4,14
9/15/2024,P054,3,8,2,13
9/15/2024,P055,8,6,2,16
9/15/2024,P056,9,6,10,25
9/15/2024,P057,14,15,9,38
9/15/2024,P058,12,12,3,27
9/15/2024,P059,20,3,22,45
9/15/2024,P060,2,13,3,18
9/15/2024,P061,10,2,19,31
9/15/2024,P062,9,1,9,19
9/15/2024,P063,2,9,6,17
9/15/2024,P064,9,15,3,27
9/15/2024,P065,7,12,6,25
9/15/2024,P066,17,12,13,42
9/15/2024,P067,11,3,3,17
9/15/2024,P068,14,15,15,44
9/15/2024,P069,3,7,12,22
9/15/2024,P070,2,4,22,28
9/16/2024,P001,4,11,11,26
9/16/2024,P002,7,9,14,30
9/16/2024,P003,6,7,5,18
9/16/2024,P004,14,4,9,27
9/16/2024,P005,11,2,5,18
9/16/2024,P006,5,9,3,17
9/16/2024,P007,4,11,1,16
9/16/2024,P008,9,22,10,41
9/16/2024,P009,11,10,10,31
9/16/2024,P010,14,6,2,22
9/16/2024,P011,9,18,11,38
9/16/2024,P012,6,5,12,23
9/16/2024,P013,9,6,8,23
9/16/2024,P014,20,4,10,34
9/16/2024,P015,7,10,4,21
9/16/2024,P016,11,6,11,28
9/16/2024,P017,16,10,18,44
9/16/2024,P018,18,13,9,40
9/16/2024,P019,11,5,9,25
9/16/2024,P020,18,18,3,39
9/16/2024,P021,11,18,18,47
9/16/2024,P022,4,3,5,12
9/16/2024,P023,6,4,16,26
9/16/2024,P024,20,7,3,30
9/16/2024,P025,18,11,11,40
9/16/2024,P026,3,7,18,28
9/16/2024,P027,5,2,4,11
9/16/2024,P028,17,8,9,34
9/16/2024,P029,5,7,9,21
9/16/2024,P030,14,12,5,31
9/16/2024,P031,3,16,19,38
9/16/2024,P032,2,12,9,23
9/16/2024,P033,11,17,6,34
9/16/2024,P034,9,10,2,21
9/16/2024,P035,9,7,20,36
9/16/2024,P036,5,20,3,28
9/16/2024,P037,10,10,4,24
9/16/2024,P038,18,2,5,25
9/16/2024,P039,11,6,18,35
9/16/2024,P040,19,6,3,28
9/16/2024,P041,2,2,7,11
9/16/2024,P042,10,5,3,18
9/16/2024,P043,8,5,4,17
9/16/2024,P044,5,12,8,25
9/16/2024,P045,7,19,12,38
9/16/2024,P046,7,8,4,19
9/16/2024,P047,6,10,9,25
9/16/2024,P048,11,15,5,31
9/16/2024,P049,10,16,3,29
9/16/2024,P050,10,11,10,31
9/16/2024,P051,7,11,5,23
9/16/2024,P052,3,15,5,23
9/16/2024,P053,19,5,7,31
9/16/2024,P054,4,2,2,8
9/16/2024,P055,5,5,14,24
9/16/2024,P056,5,8,4,17
9/16/2024,P057,10,5,12,27
9/16/2024,P058,5,10,10,25
9/16/2024,P059,2,12,1,15
9/16/2024,P060,18,7,4,29
9/16/2024,P061,12,10,3,25
9/16/2024,P062,13,10,11,34
9/16/2024,P063,2,4,6,12
9/16/2024,P064,12,20,5,37
9/16/2024,P065,6,3,6,15
9/16/2024,P066,12,4,9,25
9/16/2024,P067,12,5,4,21
9/16/2024,P068,20,18,5,43
9/16/2024,P069,12,10,10,32
9/16/2024,P070,5,2,15,22
9/17/2024,P001,8,2,11,21
9/17/2024,P002,3,10,16,29
9/17/2024,P003,5,4,7,16
9/17/2024,P004,14,9,2,25
9/17/2024,P005,7,18,3,28
9/17/2024,P006,6,5,8,19
9/17/2024,P007,8,10,9,27
9/17/2024,P008,8,3,18,29
9/17/2024,P009,10,6,22,38
9/17/2024,P010,11,9,10,30
9/17/2024,P011,11,13,15,39
9/17/2024,P012,12,10,3,25
9/17/2024,P013,9,4,19,32
9/17/2024,P014,17,16,18,51
9/17/2024,P015,4,9,6,19
9/17/2024,P016,9,12,10,31
9/17/2024,P017,3,22,6,31
9/17/2024,P018,3,11,20,34
9/17/2024,P019,12,4,6,22
9/17/2024,P020,4,10,3,17
9/17/2024,P021,8,15,6,29
9/17/2024,P022,13,4,4,21
9/17/2024,P023,7,9,7,23
9/17/2024,P024,20,9,2,31
9/17/2024,P025,16,10,3,29
9/17/2024,P026,17,6,7,30
9/17/2024,P027,11,3,12,26
9/17/2024,P028,15,11,5,31
9/17/2024,P029,3,16,15,34
9/17/2024,P030,2,2,2,6
9/17/2024,P031,11,18,2,31
9/17/2024,P032,2,4,4,10
9/17/2024,P033,5,17,11,33
9/17/2024,P034,22,9,8,39
9/17/2024,P035,4,1,3,8
9/17/2024,P036,8,5,10,23
9/17/2024,P037,18,12,16,46
9/17/2024,P038,12,10,21,43
9/17/2024,P039,3,5,5,13
9/17/2024,P040,2,11,7,20
9/17/2024,P041,4,5,10,19
9/17/2024,P042,2,11,14,27
9/17/2024,P043,8,7,5,20
9/17/2024,P044,9,6,5,20
9/17/2024,P045,3,2,5,10
9/17/2024,P046,9,2,3,14
9/17/2024,P047,10,12,4,26
9/17/2024,P048,4,19,20,43
9/17/2024,P049,8,5,8,21
9/17/2024,P050,7,11,3,21
9/17/2024,P051,21,4,3,28
9/17/2024,P052,11,18,9,38
9/17/2024,P053,11,14,6,31
9/17/2024,P054,12,9,9,30
9/17/2024,P055,6,4,22,32
9/17/2024,P056,3,12,4,19
9/17/2024,P057,18,6,17,41
9/17/2024,P058,9,9,20,38
9/17/2024,P059,15,5,7,27
9/17/2024,P060,6,3,3,12
9/17/2024,P061,8,5,6,19
9/17/2024,P062,16,21,10,47
9/17/2024,P063,9,2,6,17
9/17/2024,P064,9,3,19,31
9/17/2024,P065,5,10,4,19
9/17/2024,P066,18,16,18,52
9/17/2024,P067,5,21,8,34
9/17/2024,P068,13,5,6,24
9/17/2024,P069,12,6,9,27
9/17/2024,P070,9,10,7,26
9/18/2024,P001,5,9,12,26
9/18/2024,P002,4,9,20,33
9/18/2024,P003,19,10,12,41
9/18/2024,P004,1,4,10,15
9/18/2024,P005,7,5,2,14
9/18/2024,P006,8,5,9,22
9/18/2024,P007,3,22,10,35
9/18/2024,P008,9,7,10,26
9/18/2024,P009,6,6,15,27
9/18/2024,P010,20,5,4,29
9/18/2024,P011,11,18,8,37
9/18/2024,P012,1,11,10,22
9/18/2024,P013,5,7,9,21
9/18/2024,P014,10,10,14,34
9/18/2024,P015,3,4,7,14
9/18/2024,P016,3,9,6,18
9/18/2024,P017,14,15,18,47
9/18/2024,P018,17,11,15,43
9/18/2024,P019,9,2,5,16
9/18/2024,P020,3,8,8,19
9/18/2024,P021,4,4,5,13
9/18/2024,P022,17,3,11,31
9/18/2024,P023,7,5,13,25
9/18/2024,P024,21,10,12,43
9/18/2024,P025,7,12,21,40
9/18/2024,P026,20,9,7,36
9/18/2024,P027,7,4,16,27
9/18/2024,P028,6,2,8,16
9/18/2024,P029,10,19,10,39
9/18/2024,P030,16,7,14,37
9/18/2024,P031,8,5,12,25
9/18/2024,P032,9,8,11,28
9/18/2024,P033,9,11,12,32
9/18/2024,P034,1,12,10,23
9/18/2024,P035,4,3,20,27
9/18/2024,P036,10,2,11,23
9/18/2024,P037,14,15,4,33
9/18/2024,P038,2,5,4,11
9/18/2024,P039,5,4,2,11
9/18/2024,P040,12,8,6,26
9/18/2024,P041,10,9,8,27
9/18/2024,P042,6,4,19,29
9/18/2024,P043,4,10,8,22
9/18/2024,P044,9,12,3,24
9/18/2024,P045,8,20,11,39
9/18/2024,P046,6,6,17,29
9/18/2024,P047,1,19,4,24
9/18/2024,P048,5,10,14,29
9/18/2024,P049,5,6,5,16
9/18/2024,P050,3,7,10,20
9/18/2024,P051,2,18,11,31
9/18/2024,P052,10,3,3,16
9/18/2024,P053,14,11,3,28
9/18/2024,P054,10,10,11,31
9/18/2024,P055,5,5,18,28
9/18/2024,P056,11,4,2,17
9/18/2024,P057,3,18,12,33
9/18/2024,P058,2,2,3,7
9/18/2024,P059,22,4,11,37
9/18/2024,P060,18,6,8,32
9/18/2024,P061,5,6,16,27
9/18/2024,P062,16,17,3,36
9/18/2024,P063,11,9,6,26
9/18/2024,P064,3,20,14,37
9/18/2024,P065,5,11,9,25
9/18/2024,P066,22,4,10,36
9/18/2024,P067,10,4,10,24
9/18/2024,P068,2,2,18,22
9/18/2024,P069,5,4,2,11
9/18/2024,P070,9,6,12,27
9/19/2024,P001,10,11,5,26
9/19/2024,P002,8,5,7,20
9/19/2024,P003,5,8,12,25
9/19/2024,P004,12,5,4,21
9/19/2024,P005,12,3,11,26
9/19/2024,P006,2,2,3,7
9/19/2024,P007,7,18,21,46
9/19/2024,P008,6,8,3,17
9/19/2024,P009,6,6,3,15
9/19/2024,P010,12,5,7,24
9/19/2024,P011,6,16,3,25
9/19/2024,P012,19,6,12,37
9/19/2024,P013,4,7,11,22
9/19/2024,P014,15,6,17,38
9/19/2024,P015,7,12,5,24
9/19/2024,P016,12,4,1,17
9/19/2024,P017,22,3,19,44
9/19/2024,P018,13,9,16,38
9/19/2024,P019,6,12,9,27
9/19/2024,P020,19,2,12,33
9/19/2024,P021,2,16,15,33
9/19/2024,P022,5,8,10,23
9/19/2024,P023,9,8,14,31
9/19/2024,P024,9,6,11,26
9/19/2024,P025,10,6,14,30
9/19/2024,P026,6,15,12,33
9/19/2024,P027,7,12,18,37
9/19/2024,P028,20,3,2,25
9/19/2024,P029,4,13,17,34
9/19/2024,P030,11,2,14,27
9/19/2024,P031,9,1,11,21
9/19/2024,P032,3,9,9,21
9/19/2024,P033,7,15,5,27
9/19/2024,P034,7,12,12,31
9/19/2024,P035,4,12,11,27
9/19/2024,P036,10,3,7,20
9/19/2024,P037,2,15,5,22
9/19/2024,P038,18,7,11,36
9/19/2024,P039,10,16,16,42
9/19/2024,P040,11,4,2,17
9/19/2024,P041,18,3,3,24
9/19/2024,P042,2,2,10,14
9/19/2024,P043,5,9,10,24
9/19/2024,P044,5,8,5,18
9/19/2024,P045,9,18,10,37
9/19/2024,P046,12,6,11,29
9/19/2024,P047,9,13,4,26
9/19/2024,P048,9,18,13,40
9/19/2024,P049,10,12,2,24
9/19/2024,P050,10,10,12,32
9/19/2024,P051,8,3,4,15
9/19/2024,P052,22,10,12,44
9/19/2024,P053,7,12,6,25
9/19/2024,P054,9,11,8,28
9/19/2024,P055,3,10,8,21
9/19/2024,P056,4,11,7,22
9/19/2024,P057,12,4,12,28
9/19/2024,P058,6,10,20,36
9/19/2024,P059,18,6,7,31
9/19/2024,P060,20,5,5,30
9/19/2024,P061,3,2,13,18
9/19/2024,P062,19,16,10,45
9/19/2024,P063,8,5,11,24
9/19/2024,P064,6,11,2,19
9/19/2024,P065,11,7,11,29
9/19/2024,P066,17,5,20,42
9/19/2024,P067,6,11,6,23
9/19/2024,P068,5,16,4,25
9/19/2024,P069,7,9,10,26
9/19/2024,P070,8,2,6,16
9/20/2024,P001,11,8,7,26
9/20/2024,P002,12,17,16,45
9/20/2024,P003,3,10,2,15
9/20/2024,P004,10,3,7,20
9/20/2024,P005,3,7,8,18
9/20/2024,P006,7,5,7,19
9/20/2024,P007,4,17,6,27
9/20/2024,P008,15,6,1,22
9/20/2024,P009,6,6,15,27
9/20/2024,P010,18,2,6,26
9/20/2024,P011,4,5,20,29
9/20/2024,P012,5,5,3,13
9/20/2024,P013,11,12,14,37
9/20/2024,P014,18,19,5,42
9/20/2024,P015,12,8,6,26
9/20/2024,P016,9,10,11,30
9/20/2024,P017,5,15,6,26
9/20/2024,P018,20,16,7,43
9/20/2024,P019,12,11,7,30
9/20/2024,P020,12,11,5,28
9/20/2024,P021,6,15,1,22
9/20/2024,P022,19,5,11,35
9/20/2024,P023,10,2,9,21
9/20/2024,P024,22,5,2,29
9/20/2024,P025,22,8,7,37
9/20/2024,P026,14,5,9,28
9/20/2024,P027,2,10,7,19
9/20/2024,P028,20,12,9,41
9/20/2024,P029,10,7,4,21
9/20/2024,P030,9,10,22,41
9/20/2024,P031,11,10,2,23
9/20/2024,P032,2,4,7,13
9/20/2024,P033,11,20,10,41
9/20/2024,P034,15,3,12,30
9/20/2024,P035,9,4,8,21
9/20/2024,P036,11,5,2,18
9/20/2024,P037,13,18,17,48
9/20/2024,P038,5,10,5,20
9/20/2024,P039,10,4,11,25
9/20/2024,P040,2,12,9,23
9/20/2024,P041,12,12,1,25
9/20/2024,P042,2,3,21,26
9/20/2024,P043,7,12,10,29
9/20/2024,P044,4,6,5,15
9/20/2024,P045,12,8,9,29
9/20/2024,P046,9,10,22,41
9/20/2024,P047,10,16,9,35
9/20/2024,P048,2,7,9,18
9/20/2024,P049,16,6,11,33
9/20/2024,P050,6,6,7,19
9/20/2024,P051,1,12,10,23
9/20/2024,P052,18,12,7,37
9/20/2024,P053,2,17,9,28
9/20/2024,P054,2,12,4,18
9/20/2024,P055,10,9,9,28
9/20/2024,P056,10,5,6,21
9/20/2024,P057,5,16,20,41
9/20/2024,P058,9,9,13,31
9/20/2024,P059,8,12,7,27
9/20/2024,P060,9,20,14,43
9/20/2024,P061,4,8,14,26
9/20/2024,P062,8,13,12,33
9/20/2024,P063,4,3,8,15
9/20/2024,P064,5,8,7,20
9/20/2024,P065,9,2,6,17
9/20/2024,P066,21,17,18,56
9/20/2024,P067,5,5,4,14
9/20/2024,P068,9,11,16,36
9/20/2024,P069,12,12,9,33
9/20/2024,P070,5,9,12,26
9/21/2024,P001,16,5,10,31
9/21/2024,P002,3,5,19,27
9/21/2024,P003,19,10,7,36
9/21/2024,P004,19,2,6,27
9/21/2024,P005,19,8,9,36
9/21/2024,P006,5,9,6,20
9/21/2024,P007,11,6,2,19
9/21/2024,P008,10,5,2,17
9/21/2024,P009,6,11,19,36
9/21/2024,P010,8,5,3,16
9/21/2024,P011,9,11,7,27
9/21/2024,P012,7,7,10,24
9/21/2024,P013,10,6,20,36
9/21/2024,P014,6,2,13,21
9/21/2024,P015,11,2,7,20
9/21/2024,P016,9,12,21,42
9/21/2024,P017,10,19,1,30
9/21/2024,P018,3,5,10,18
9/21/2024,P019,5,11,6,22
9/21/2024,P020,13,4,10,27
9/21/2024,P021,6,18,17,41
9/21/2024,P022,13,14,11,38
9/21/2024,P023,2,9,14,25
9/21/2024,P024,14,4,12,30
9/21/2024,P025,9,12,17,38
9/21/2024,P026,18,6,22,46
9/21/2024,P027,5,9,12,26
9/21/2024,P028,14,5,10,29
9/21/2024,P029,3,3,9,15
9/21/2024,P030,18,5,12,35
9/21/2024,P031,6,21,15,42
9/21/2024,P032,9,2,3,14
9/21/2024,P033,7,3,6,16
9/21/2024,P034,17,10,2,29
9/21/2024,P035,4,16,20,40
9/21/2024,P036,19,21,3,43
9/21/2024,P037,12,5,18,35
9/21/2024,P038,3,6,5,14
9/21/2024,P039,20,15,16,51
9/21/2024,P040,15,10,6,31
9/21/2024,P041,7,7,12,26
9/21/2024,P042,8,12,13,33
9/21/2024,P043,12,11,11,34
9/21/2024,P044,11,2,8,21
9/21/2024,P045,15,12,11,38
9/21/2024,P046,7,5,22,34
9/21/2024,P047,21,14,4,39
9/21/2024,P048,5,5,19,29
9/21/2024,P049,18,17,12,47
9/21/2024,P050,10,4,2,16
9/21/2024,P051,19,3,6,28
9/21/2024,P052,17,2,9,28
9/21/2024,P053,19,17,8,44
9/21/2024,P054,10,4,2,16
9/21/2024,P055,4,2,22,28
9/21/2024,P056,6,6,4,16
9/21/2024,P057,14,10,16,40
9/21/2024,P058,3,4,6,13
9/21/2024,P059,9,2,12,23
9/21/2024,P060,15,12,11,38
9/21/2024,P061,6,9,2,17
9/21/2024,P062,9,2,7,18
9/21/2024,P063,2,11,4,17
9/21/2024,P064,10,20,12,42
9/21/2024,P065,8,3,9,20
9/21/2024,P066,16,18,13,47
9/21/2024,P067,4,5,7,16
9/21/2024,P068,7,16,10,33
9/21/2024,P069,12,3,4,19
9/21/2024,P070,2,3,9,14
9/22/2024,P001,18,4,5,27
9/22/2024,P002,4,2,13,19
9/22/2024,P003,5,10,2,17
9/22/2024,P004,19,11,3,33
9/22/2024,P005,8,16,5,29
9/22/2024,P006,8,3,5,16
9/22/2024,P007,3,19,9,31
9/22/2024,P008,20,4,3,27
9/22/2024,P009,11,8,10,29
9/22/2024,P010,3,9,6,18
9/22/2024,P011,8,4,3,15
9/22/2024,P012,10,10,4,24
9/22/2024,P013,11,12,18,41
9/22/2024,P014,8,20,7,35
9/22/2024,P015,12,6,8,26
9/22/2024,P016,6,19,7,32
9/22/2024,P017,22,10,16,48
9/22/2024,P018,20,6,9,35
9/22/2024,P019,4,7,9,20
9/22/2024,P020,3,18,9,30
9/22/2024,P021,2,3,20,25
9/22/2024,P022,20,11,12,43
9/22/2024,P023,4,10,20,34
9/22/2024,P024,9,5,7,21
9/22/2024,P025,5,4,8,17
9/22/2024,P026,8,18,9,35
9/22/2024,P027,4,2,13,19
9/22/2024,P028,12,4,11,27
9/22/2024,P029,5,6,10,21
9/22/2024,P030,18,6,21,45
9/22/2024,P031,6,17,11,34
9/22/2024,P032,3,9,4,16
9/22/2024,P033,7,20,5,32
9/22/2024,P034,10,11,8,29
9/22/2024,P035,5,4,6,15
9/22/2024,P036,19,4,9,32
9/22/2024,P037,4,2,8,14
9/22/2024,P038,7,4,22,33
9/22/2024,P039,14,17,15,46
9/22/2024,P040,11,4,4,19
9/22/2024,P041,3,9,11,23
9/22/2024,P042,6,11,3,20
9/22/2024,P043,3,5,19,27
9/22/2024,P044,10,7,10,27
9/22/2024,P045,2,5,11,18
9/22/2024,P046,5,4,14,23
9/22/2024,P047,6,7,5,18
9/22/2024,P048,11,21,15,47
9/22/2024,P049,18,11,9,38
9/22/2024,P050,12,11,6,29
9/22/2024,P051,10,9,11,30
9/22/2024,P052,6,21,2,29
9/22/2024,P053,3,4,9,16
9/22/2024,P054,9,6,6,21
9/22/2024,P055,10,12,1,23
9/22/2024,P056,11,11,8,30
9/22/2024,P057,7,6,18,31
9/22/2024,P058,5,12,21,38
9/22/2024,P059,22,11,3,36
9/22/2024,P060,14,18,12,44
9/22/2024,P061,5,8,2,15
9/22/2024,P062,21,15,2,38
9/22/2024,P063,6,4,12,22
9/22/2024,P064,14,6,3,23
9/22/2024,P065,4,9,2,15
9/22/2024,P066,18,8,7,33
9/22/2024,P067,5,22,7,34
9/22/2024,P068,2,15,6,23
9/22/2024,P069,2,4,12,18
9/22/2024,P070,12,11,4,27
9/23/2024,P001,15,12,6,33
9/23/2024,P002,12,18,7,37
9/23/2024,P003,18,12,10,40
9/23/2024,P004,12,8,6,26
9/23/2024,P005,18,5,9,32
9/23/2024,P006,2,12,5,19
9/23/2024,P007,4,1,16,21
9/23/2024,P008,2,16,10,28
9/23/2024,P009,8,4,18,30
9/23/2024,P010,7,3,9,19
9/23/2024,P011,10,2,20,32
9/23/2024,P012,2,9,2,13
9/23/2024,P013,11,8,10,29
9/23/2024,P014,14,18,9,41
9/23/2024,P015,7,6,2,15
9/23/2024,P016,3,13,7,23
9/23/2024,P017,11,18,13,42
9/23/2024,P018,5,12,12,29
9/23/2024,P019,4,10,8,22
9/23/2024,P020,9,3,6,18
9/23/2024,P021,11,10,1,22
9/23/2024,P022,14,12,7,33
9/23/2024,P023,9,11,14,34
9/23/2024,P024,6,10,12,28
9/23/2024,P025,9,11,6,26
9/23/2024,P026,20,4,20,44
9/23/2024,P027,10,10,5,25
9/23/2024,P028,13,6,12,31
9/23/2024,P029,9,5,7,21
9/23/2024,P030,17,2,2,21
9/23/2024,P031,12,16,7,35
9/23/2024,P032,12,5,8,25
9/23/2024,P033,8,11,4,23
9/23/2024,P034,6,7,7,20
9/23/2024,P035,3,5,16,24
9/23/2024,P036,2,11,3,16
9/23/2024,P037,5,16,11,32
9/23/2024,P038,8,9,18,35
9/23/2024,P039,14,17,4,35
9/23/2024,P040,7,4,9,20
9/23/2024,P041,11,2,9,22
9/23/2024,P042,5,9,5,19
9/23/2024,P043,10,7,19,36
9/23/2024,P044,11,3,3,17
9/23/2024,P045,2,5,12,19
9/23/2024,P046,12,3,15,30
9/23/2024,P047,2,21,3,26
9/23/2024,P048,11,7,9,27
9/23/2024,P049,6,3,6,15
9/23/2024,P050,6,9,3,18
9/23/2024,P051,5,5,5,15
9/23/2024,P052,19,1,10,30
9/23/2024,P053,18,18,7,43
9/23/2024,P054,4,7,6,17
9/23/2024,P055,3,2,7,12
9/23/2024,P056,5,3,4,12
9/23/2024,P057,7,19,19,45
9/23/2024,P058,7,8,22,37
9/23/2024,P059,1,7,19,27
9/23/2024,P060,13,12,17,42
9/23/2024,P061,6,9,15,30
9/23/2024,P062,21,19,6,46
9/23/2024,P063,6,10,10,26
9/23/2024,P064,4,16,10,30
9/23/2024,P065,7,3,10,20
9/23/2024,P066,20,11,14,45
9/23/2024,P067,5,18,12,35
9/23/2024,P068,14,4,19,37
9/23/2024,P069,7,10,8,25
9/23/2024,P070,3,7,10,20
9/24/2024,P001,17,5,6,28
9/24/2024,P002,10,6,3,19
9/24/2024,P003,4,8,5,17
9/24/2024,P004,14,9,9,32
9/24/2024,P005,16,4,9,29
9/24/2024,P006,4,7,11,22
9/24/2024,P007,11,13,7,31
9/24/2024,P008,11,4,18,33
9/24/2024,P009,4,12,7,23
9/24/2024,P010,20,12,8,40
9/24/2024,P011,4,3,8,15
9/24/2024,P012,17,12,3,32
9/24/2024,P013,12,6,9,27
9/24/2024,P014,7,8,15,30
9/24/2024,P015,8,10,7,25
9/24/2024,P016,10,16,16,42
9/24/2024,P017,7,7,18,32
9/24/2024,P018,6,6,17,29
9/24/2024,P019,8,6,5,19
9/24/2024,P020,8,12,2,22
9/24/2024,P021,10,12,19,41
9/24/2024,P022,11,17,8,36
9/24/2024,P023,11,12,12,35
9/24/2024,P024,12,9,10,31
9/24/2024,P025,9,5,2,16
9/24/2024,P026,17,16,18,51
9/24/2024,P027,5,9,10,24
9/24/2024,P028,13,12,4,29
9/24/2024,P029,7,20,11,38
9/24/2024,P030,15,8,18,41
9/24/2024,P031,7,13,9,29
9/24/2024,P032,3,3,12,18
9/24/2024,P033,6,8,5,19
9/24/2024,P034,20,2,7,29
9/24/2024,P035,2,17,7,26
9/24/2024,P036,12,5,2,19
9/24/2024,P037,8,11,3,22
9/24/2024,P038,16,12,7,35
9/24/2024,P039,1,17,12,30
9/24/2024,P040,9,2,5,16
9/24/2024,P041,7,10,15,32
9/24/2024,P042,18,10,2,30
9/24/2024,P043,7,4,2,13
9/24/2024,P044,11,7,5,23
9/24/2024,P045,14,13,5,32
9/24/2024,P046,4,2,5,11
9/24/2024,P047,9,12,2,23
9/24/2024,P048,2,6,2,10
9/24/2024,P049,2,2,12,16
9/24/2024,P050,2,7,2,11
9/24/2024,P051,11,20,8,39
9/24/2024,P052,1,19,4,24
9/24/2024,P053,2,11,9,22
9/24/2024,P054,12,5,2,19
9/24/2024,P055,5,7,11,23
9/24/2024,P056,8,5,9,22
9/24/2024,P057,3,2,13,18
9/24/2024,P058,9,2,4,15
9/24/2024,P059,7,11,8,26
9/24/2024,P060,6,19,17,42
9/24/2024,P061,9,10,14,33
9/24/2024,P062,17,20,3,40
9/24/2024,P063,2,6,4,12
9/24/2024,P064,3,7,18,28
9/24/2024,P065,12,2,6,20
9/24/2024,P066,4,3,22,29
9/24/2024,P067,11,7,6,24
9/24/2024,P068,7,12,2,21
9/24/2024,P069,2,7,2,11
9/24/2024,P070,7,2,12,21
9/25/2024,P001,7,3,2,12
9/25/2024,P002,2,18,6,26
9/25/2024,P003,6,5,6,17
9/25/2024,P004,20,5,8,33
9/25/2024,P005,3,8,5,16
9/25/2024,P006,4,9,9,22
9/25/2024,P007,2,9,3,14
9/25/2024,P008,13,15,2,30
9/25/2024,P009,12,10,5,27
9/25/2024,P010,9,7,9,25
9/25/2024,P011,4,12,7,23
9/25/2024,P012,17,11,12,40
9/25/2024,P013,7,2,3,12
9/25/2024,P014,20,12,2,34
9/25/2024,P015,12,5,6,23
9/25/2024,P016,2,14,6,22
9/25/2024,P017,7,5,3,15
9/25/2024,P018,8,17,12,37
9/25/2024,P019,3,4,7,14
9/25/2024,P020,9,3,11,23
9/25/2024,P021,6,2,19,27
9/25/2024,P022,20,17,5,42
9/25/2024,P023,11,4,4,19
9/25/2024,P024,1,2,12,15
9/25/2024,P025,5,6,9,20
9/25/2024,P026,10,10,15,35
9/25/2024,P027,2,4,18,24
9/25/2024,P028,15,2,6,23
9/25/2024,P029,12,12,10,34
9/25/2024,P030,8,9,6,23
9/25/2024,P031,7,2,20,29
9/25/2024,P032,10,11,3,24
9/25/2024,P033,5,20,5,30
9/25/2024,P034,18,3,11,32
9/25/2024,P035,11,18,13,42
9/25/2024,P036,11,5,12,28
9/25/2024,P037,10,16,21,47
9/25/2024,P038,5,3,7,15
9/25/2024,P039,12,1,16,29
9/25/2024,P040,20,7,8,35
9/25/2024,P041,7,4,10,21
9/25/2024,P042,9,9,14,32
9/25/2024,P043,3,10,12,25
9/25/2024,P044,12,9,11,32
9/25/2024,P045,14,17,7,38
9/25/2024,P046,5,4,20,29
9/25/2024,P047,16,20,11,47
9/25/2024,P048,9,3,13,25
9/25/2024,P049,4,14,5,23
9/25/2024,P050,11,5,2,18
9/25/2024,P051,15,9,7,31
9/25/2024,P052,13,1,7,21
9/25/2024,P053,3,14,9,26
9/25/2024,P054,8,6,11,25
9/25/2024,P055,9,11,7,27
9/25/2024,P056,7,4,4,15
9/25/2024,P057,8,20,9,37
9/25/2024,P058,6,6,20,32
9/25/2024,P059,10,8,18,36
9/25/2024,P060,19,4,4,27
9/25/2024,P061,12,11,7,30
9/25/2024,P062,11,3,2,16
9/25/2024,P063,11,11,4,26
9/25/2024,P064,10,13,6,29
9/25/2024,P065,2,12,2,16
9/25/2024,P066,1,21,4,26
9/25/2024,P067,5,7,12,24
9/25/2024,P068,6,16,20,42
9/25/2024,P069,10,12,6,28
9/25/2024,P070,3,2,19,24
9/26/2024,P001,6,6,3,15
9/26/2024,P002,6,20,5,31
9/26/2024,P003,4,3,2,9
9/26/2024,P004,6,9,9,24
9/26/2024,P005,17,17,4,38
9/26/2024,P006,8,2,8,18
9/26/2024,P007,8,17,2,27
9/26/2024,P008,12,17,3,32
9/26/2024,P009,10,4,21,35
9/26/2024,P010,19,9,7,35
9/26/2024,P011,2,11,14,27
9/26/2024,P012,12,5,12,29
9/26/2024,P013,8,7,22,37
9/26/2024,P014,2,5,7,14
9/26/2024,P015,12,4,4,20
9/26/2024,P016,11,7,22,40
9/26/2024,P017,12,21,9,42
9/26/2024,P018,2,11,12,25
9/26/2024,P019,7,11,3,21
9/26/2024,P020,6,9,7,22
9/26/2024,P021,6,21,22,49
9/26/2024,P022,12,4,6,22
9/26/2024,P023,6,6,9,21
9/26/2024,P024,19,12,3,34
9/26/2024,P025,4,11,5,20
9/26/2024,P026,15,6,17,38
9/26/2024,P027,12,12,14,38
9/26/2024,P028,14,11,7,32
9/26/2024,P029,9,18,6,33
9/26/2024,P030,6,8,18,32
9/26/2024,P031,10,15,15,40
9/26/2024,P032,12,4,4,20
9/26/2024,P033,2,6,11,19
9/26/2024,P034,10,9,8,27
9/26/2024,P035,8,8,14,30
9/26/2024,P036,2,22,11,35
9/26/2024,P037,10,15,14,39
9/26/2024,P038,4,4,12,20
9/26/2024,P039,10,15,18,43
9/26/2024,P040,15,6,2,23
9/26/2024,P041,11,7,17,35
9/26/2024,P042,12,5,14,31
9/26/2024,P043,8,8,11,27
9/26/2024,P044,7,10,8,25
9/26/2024,P045,13,18,10,41
9/26/2024,P046,3,11,2,16
9/26/2024,P047,7,17,8,32
9/26/2024,P048,11,4,18,33
9/26/2024,P049,20,10,4,34
9/26/2024,P050,7,12,10,29
9/26/2024,P051,8,8,2,18
9/26/2024,P052,9,7,6,22
9/26/2024,P053,17,18,20,55
9/26/2024,P054,2,7,10,19
9/26/2024,P055,7,4,7,18
9/26/2024,P056,2,7,4,13
9/26/2024,P057,9,18,13,40
9/26/2024,P058,12,6,16,34
9/26/2024,P059,22,12,16,50
9/26/2024,P060,20,9,18,47
9/26/2024,P061,6,7,7,20
9/26/2024,P062,18,1,2,21
9/26/2024,P063,10,5,2,17
9/26/2024,P064,19,14,20,53
9/26/2024,P065,4,11,5,20
9/26/2024,P066,2,14,2,18
9/26/2024,P067,8,12,8,28
9/26/2024,P068,9,18,18,45
9/26/2024,P069,5,9,6,20
9/26/2024,P070,11,9,13,33
9/27/2024,P001,3,11,3,17
9/27/2024,P002,6,9,20,35
9/27/2024,P003,22,4,8,34
9/27/2024,P004,13,9,7,29
9/27/2024,P005,6,14,11,31
9/27/2024,P006,6,10,4,20
9/27/2024,P007,4,5,10,19
9/27/2024,P008,12,17,4,33
9/27/2024,P009,4,4,7,15
9/27/2024,P010,15,2,9,26
9/27/2024,P011,6,9,14,29
9/27/2024,P012,20,7,5,32
9/27/2024,P013,5,3,20,28
9/27/2024,P014,12,5,11,28
9/27/2024,P015,6,3,5,14
9/27/2024,P016,10,21,4,35
9/27/2024,P017,3,7,17,27
9/27/2024,P018,7,3,20,30
9/27/2024,P019,4,9,7,20
9/27/2024,P020,15,5,6,26
9/27/2024,P021,6,1,18,25
9/27/2024,P022,18,18,5,41
9/27/2024,P023,4,7,6,17
9/27/2024,P024,5,2,11,18
9/27/2024,P025,11,3,8,22
9/27/2024,P026,18,19,10,47
9/27/2024,P027,12,8,17,37
9/27/2024,P028,5,7,5,17
9/27/2024,P029,3,12,1,16
9/27/2024,P030,12,9,19,40
9/27/2024,P031,7,19,16,42
9/27/2024,P032,3,10,12,25
9/27/2024,P033,10,16,5,31
9/27/2024,P034,9,3,2,14
9/27/2024,P035,9,11,9,29
9/27/2024,P036,15,18,2,35
9/27/2024,P037,11,4,7,22
9/27/2024,P038,8,10,9,27
9/27/2024,P039,19,6,7,32
9/27/2024,P040,16,4,9,29
9/27/2024,P041,15,6,4,25
9/27/2024,P042,4,17,22,43
9/27/2024,P043,6,10,2,18
9/27/2024,P044,8,6,5,19
9/27/2024,P045,7,18,5,30
9/27/2024,P046,7,11,20,38
9/27/2024,P047,3,15,9,27
9/27/2024,P048,8,4,20,32
9/27/2024,P049,20,20,4,44
9/27/2024,P050,11,6,7,24
9/27/2024,P051,13,8,10,31
9/27/2024,P052,17,8,3,28
9/27/2024,P053,2,12,18,32
9/27/2024,P054,6,8,6,20
9/27/2024,P055,12,5,12,29
9/27/2024,P056,10,9,4,23
9/27/2024,P057,12,8,17,37
9/27/2024,P058,9,10,16,35
9/27/2024,P059,15,4,3,22
9/27/2024,P060,17,19,11,47
9/27/2024,P061,7,10,14,31
9/27/2024,P062,5,2,10,17
9/27/2024,P063,6,8,7,21
9/27/2024,P064,3,9,2,14
9/27/2024,P065,6,2,9,17
9/27/2024,P066,13,7,4,24
9/27/2024,P067,3,9,6,18
9/27/2024,P068,15,7,8,30
9/27/2024,P069,6,5,10,21
9/27/2024,P070,3,11,16,30
9/28/2024,P001,17,12,8,37
9/28/2024,P002,12,15,12,39
9/28/2024,P003,3,6,9,18
9/28/2024,P004,8,5,6,19
9/28/2024,P005,3,4,10,17
9/28/2024,P006,9,4,7,20
9/28/2024,P007,6,1,10,17
9/28/2024,P008,20,17,19,56
9/28/2024,P009,4,2,6,12
9/28/2024,P010,18,10,9,37
9/28/2024,P011,11,10,16,37
9/28/2024,P012,6,4,7,17
9/28/2024,P013,6,7,2,15
9/28/2024,P014,7,13,18,38
9/28/2024,P015,11,2,5,18
9/28/2024,P016,5,12,16,33
9/28/2024,P017,19,6,10,35
9/28/2024,P018,5,2,16,23
9/28/2024,P019,11,7,5,23
9/28/2024,P020,10,20,8,38
9/28/2024,P021,6,19,22,47
9/28/2024,P022,8,11,3,22
9/28/2024,P023,9,5,17,31
9/28/2024,P024,7,7,4,18
9/28/2024,P025,10,5,2,17
9/28/2024,P026,6,2,6,14
9/28/2024,P027,9,2,5,16
9/28/2024,P028,4,11,6,21
9/28/2024,P029,10,19,11,40
9/28/2024,P030,18,10,6,34
9/28/2024,P031,6,20,7,33
9/28/2024,P032,10,6,10,26
9/28/2024,P033,10,7,8,25
9/28/2024,P034,3,2,6,11
9/28/2024,P035,5,3,14,22
9/28/2024,P036,11,7,12,30
9/28/2024,P037,19,12,17,48
9/28/2024,P038,17,7,22,46
9/28/2024,P039,19,20,12,51
9/28/2024,P040,7,8,10,25
9/28/2024,P041,9,3,9,21
9/28/2024,P042,16,5,12,33
9/28/2024,P043,3,10,15,28
9/28/2024,P044,5,5,12,22
9/28/2024,P045,3,2,6,11
9/28/2024,P046,7,6,2,15
9/28/2024,P047,2,21,5,28
9/28/2024,P048,5,7,8,20
9/28/2024,P049,12,17,8,37
9/28/2024,P050,11,6,11,28
9/28/2024,P051,11,14,6,31
9/28/2024,P052,5,14,6,25
9/28/2024,P053,15,2,15,32
9/28/2024,P054,6,2,6,14
9/28/2024,P055,9,9,3,21
9/28/2024,P056,6,2,9,17
9/28/2024,P057,15,12,12,39
9/28/2024,P058,7,5,4,16
9/28/2024,P059,3,2,17,22
9/28/2024,P060,16,13,14,43
9/28/2024,P061,11,11,15,37
9/28/2024,P062,14,16,7,37
9/28/2024,P063,6,7,6,19
9/28/2024,P064,5,14,17,36
9/28/2024,P065,6,12,7,25
9/28/2024,P066,9,17,17,43
9/28/2024,P067,4,22,2,28
9/28/2024,P068,5,12,12,29
9/28/2024,P069,2,3,5,10
9/28/2024,P070,5,8,14,27
9/29/2024,P001,13,12,12,37
9/29/2024,P002,5,14,18,37
9/29/2024,P003,18,5,8,31
9/29/2024,P004,6,4,9,19
9/29/2024,P005,10,2,6,18
9/29/2024,P006,2,7,12,21
9/29/2024,P007,10,13,15,38
9/29/2024,P008,20,1,21,42
9/29/2024,P009,2,7,3,12
9/29/2024,P010,15,4,20,39
9/29/2024,P011,11,9,20,40
9/29/2024,P012,5,10,12,27
9/29/2024,P013,5,9,15,29
9/29/2024,P014,9,17,9,35
9/29/2024,P015,9,4,9,22
9/29/2024,P016,7,20,12,39
9/29/2024,P017,8,3,8,19
9/29/2024,P018,8,14,18,40
9/29/2024,P019,3,5,4,12
9/29/2024,P020,20,9,10,39
9/29/2024,P021,11,1,18,30
9/29/2024,P022,3,14,10,27
9/29/2024,P023,8,6,14,28
9/29/2024,P024,10,11,8,29
9/29/2024,P025,11,4,10,25
9/29/2024,P026,8,20,20,48
9/29/2024,P027,8,6,13,27
9/29/2024,P028,7,8,7,22
9/29/2024,P029,12,4,21,37
9/29/2024,P030,3,11,1,15
9/29/2024,P031,3,3,10,16
9/29/2024,P032,4,11,2,17
9/29/2024,P033,4,13,3,20
9/29/2024,P034,22,12,9,43
9/29/2024,P035,9,21,20,50
9/29/2024,P036,7,7,7,21
9/29/2024,P037,19,16,8,43
9/29/2024,P038,14,12,9,35
9/29/2024,P039,12,19,13,44
9/29/2024,P040,10,4,11,25
9/29/2024,P041,8,6,10,24
9/29/2024,P042,17,2,21,40
9/29/2024,P043,10,10,11,31
9/29/2024,P044,6,4,4,14
9/29/2024,P045,11,6,6,23
9/29/2024,P046,10,6,21,37
9/29/2024,P047,10,2,9,21
9/29/2024,P048,4,12,15,31
9/29/2024,P049,2,19,3,24
9/29/2024,P050,6,3,10,19
9/29/2024,P051,8,7,9,24
9/29/2024,P052,1,11,9,21
9/29/2024,P053,17,18,17,52
9/29/2024,P054,10,7,6,23
9/29/2024,P055,3,2,19,24
9/29/2024,P056,9,12,4,25
9/29/2024,P057,2,5,3,10
9/29/2024,P058,5,4,5,14
9/29/2024,P059,15,10,6,31
9/29/2024,P060,20,9,18,47
9/29/2024,P061,11,11,4,26
9/29/2024,P062,1,9,11,21
9/29/2024,P063,6,2,4,12
9/29/2024,P064,19,20,8,47
9/29/2024,P065,4,7,6,17
9/29/2024,P066,18,8,20,46
9/29/2024,P067,8,9,7,24
9/29/2024,P068,6,13,5,24
9/29/2024,P069,8,6,4,18
9/29/2024,P070,2,4,7,13
9/30/2024,P001,8,8,5,21
9/30/2024,P002,10,13,12,35
9/30/2024,P003,1,6,9,16
9/30/2024,P004,3,11,5,19
9/30/2024,P005,18,4,2,24
9/30/2024,P006,12,6,2,20
9/30/2024,P007,7,17,9,33
9/30/2024,P008,7,15,14,36
9/30/2024,P009,7,6,4,17
9/30/2024,P010,8,7,18,33
9/30/2024,P011,3,5,7,15
9/30/2024,P012,18,8,12,38
9/30/2024,P013,3,10,22,35
9/30/2024,P014,4,18,17,39
9/30/2024,P015,3,11,7,21
9/30/2024,P016,5,17,22,44
9/30/2024,P017,18,4,21,43
9/30/2024,P018,2,10,19,31
9/30/2024,P019,4,12,4,20
9/30/2024,P020,2,8,8,18
9/30/2024,P021,8,7,14,29
9/30/2024,P022,7,18,4,29
9/30/2024,P023,10,7,20,37
9/30/2024,P024,2,4,9,15
9/30/2024,P025,11,7,5,23
9/30/2024,P026,14,18,18,50
9/30/2024,P027,4,6,7,17
9/30/2024,P028,12,12,8,32
9/30/2024,P029,6,9,7,22
9/30/2024,P030,9,7,16,32
9/30/2024,P031,6,1,9,16
9/30/2024,P032,2,5,6,13
9/30/2024,P033,4,14,4,22
9/30/2024,P034,20,11,10,41
9/30/2024,P035,9,14,14,37
9/30/2024,P036,9,12,12,33
9/30/2024,P037,2,18,6,26
9/30/2024,P038,4,9,20,33
9/30/2024,P039,14,22,5,41
9/30/2024,P040,9,9,12,30
9/30/2024,P041,5,9,7,21
9/30/2024,P042,19,18,2,39
9/30/2024,P043,10,12,7,29
9/30/2024,P044,5,5,5,15
9/30/2024,P045,14,12,2,28
9/30/2024,P046,9,7,11,27
9/30/2024,P047,10,7,9,26
9/30/2024,P048,12,14,5,31
9/30/2024,P049,15,3,7,25
9/30/2024,P050,10,6,8,24
9/30/2024,P051,1,22,10,33
9/30/2024,P052,13,20,8,41
9/30/2024,P053,4,5,10,19
9/30/2024,P054,5,6,6,17
9/30/2024,P055,10,5,8,23
9/30/2024,P056,10,12,5,27
9/30/2024,P057,2,5,3,10
9/30/2024,P058,12,3,19,34
9/30/2024,P059,19,6,3,28
9/30/2024,P060,19,9,12,40
9/30/2024,P061,9,10,10,29
9/30/2024,P062,19,13,10,42
9/30/2024,P063,6,10,8,24
9/30/2024,P064,14,14,12,40
9/30/2024,P065,9,12,2,23
9/30/2024,P066,10,6,13,29
9/30/2024,P067,10,20,3,33
9/30/2024,P068,18,5,5,28
9/30/2024,P069,9,7,3,19
9/30/2024,P070,6,2,21,29
10/1/2024,P001,10,6,10,26
10/1/2024,P002,4,6,19,29
10/1/2024,P003,9,9,10,28
10/1/2024,P004,9,10,5,24
10/1/2024,P005,14,10,9,33
10/1/2024,P006,11,3,4,18
10/1/2024,P007,6,12,14,32
10/1/2024,P008,14,6,13,33
10/1/2024,P009,6,4,4,14
10/1/2024,P010,18,6,15,39
10/1/2024,P011,2,17,16,35
10/1/2024,P012,2,10,2,14
10/1/2024,P013,10,6,18,34
10/1/2024,P014,4,18,6,28
10/1/2024,P015,2,11,9,22
10/1/2024,P016,11,15,2,28
10/1/2024,P017,16,4,15,35
10/1/2024,P018,4,20,13,37
10/1/2024,P019,11,6,3,20
10/1/2024,P020,11,8,9,28
10/1/2024,P021,4,8,11,23
10/1/2024,P022,20,12,10,42
10/1/2024,P023,4,8,13,25
10/1/2024,P024,17,5,7,29
10/1/2024,P025,12,9,11,32
10/1/2024,P026,7,8,10,25
10/1/2024,P027,5,10,9,24
10/1/2024,P028,18,4,2,24
10/1/2024,P029,9,19,7,35
10/1/2024,P030,12,10,13,35
10/1/2024,P031,2,2,12,16
10/1/2024,P032,3,8,6,17
10/1/2024,P033,2,9,8,19
10/1/2024,P034,2,2,3,7
10/1/2024,P035,5,7,12,24
10/1/2024,P036,20,9,10,39
10/1/2024,P037,12,7,2,21
10/1/2024,P038,2,5,18,25
10/1/2024,P039,20,17,10,47
10/1/2024,P040,12,4,4,20
10/1/2024,P041,7,8,11,26
10/1/2024,P042,15,6,18,39
10/1/2024,P043,12,8,9,29
10/1/2024,P044,3,10,9,22
10/1/2024,P045,2,11,3,16
10/1/2024,P046,9,8,18,35
10/1/2024,P047,15,6,5,26
10/1/2024,P048,5,22,12,39
10/1/2024,P049,18,4,4,26
10/1/2024,P050,11,8,4,23
10/1/2024,P051,6,5,10,21
10/1/2024,P052,17,1,9,27
10/1/2024,P053,18,3,6,27
10/1/2024,P054,4,4,11,19
10/1/2024,P055,12,11,18,41
10/1/2024,P056,10,4,11,25
10/1/2024,P057,14,13,4,31
10/1/2024,P058,4,2,9,15
10/1/2024,P059,10,2,10,22
10/1/2024,P060,14,10,2,26
10/1/2024,P061,2,2,16,20
10/1/2024,P062,9,22,8,39
10/1/2024,P063,11,6,4,21
10/1/2024,P064,2,12,16,30
10/1/2024,P065,11,10,5,26
10/1/2024,P066,20,2,15,37
10/1/2024,P067,6,18,7,31
10/1/2024,P068,4,10,13,27
10/1/2024,P069,8,3,2,13
10/1/2024,P070,10,6,12,28
10/2/2024,P001,12,12,9,33
10/2/2024,P002,3,19,4,26
10/2/2024,P003,1,12,11,24
10/2/2024,P004,10,5,2,17
10/2/2024,P005,2,18,3,23
10/2/2024,P006,9,6,6,21
10/2/2024,P007,3,3,8,14
10/2/2024,P008,21,20,11,52
10/2/2024,P009,4,8,7,19
10/2/2024,P010,20,3,17,40
10/2/2024,P011,4,5,19,28
10/2/2024,P012,2,10,7,19
10/2/2024,P013,4,5,8,17
10/2/2024,P014,6,2,20,28
10/2/2024,P015,3,6,5,14
10/2/2024,P016,2,21,3,26
10/2/2024,P017,3,7,20,30
10/2/2024,P018,4,17,9,30
10/2/2024,P019,2,6,3,11
10/2/2024,P020,13,14,6,33
10/2/2024,P021,12,14,4,30
10/2/2024,P022,9,2,3,14
10/2/2024,P023,4,2,2,8
10/2/2024,P024,17,9,9,35
10/2/2024,P025,7,2,16,25
10/2/2024,P026,20,12,9,41
10/2/2024,P027,12,5,15,32
10/2/2024,P028,22,2,7,31
10/2/2024,P029,5,13,16,34
10/2/2024,P030,17,11,18,46
10/2/2024,P031,10,16,17,43
10/2/2024,P032,12,7,12,31
10/2/2024,P033,5,14,10,29
10/2/2024,P034,8,12,10,30
10/2/2024,P035,4,17,4,25
10/2/2024,P036,15,22,12,49
10/2/2024,P037,11,12,9,32
10/2/2024,P038,4,3,15,22
10/2/2024,P039,6,16,18,40
10/2/2024,P040,17,4,6,27
10/2/2024,P041,20,9,10,39
10/2/2024,P042,13,18,6,37
10/2/2024,P043,5,5,20,30
10/2/2024,P044,10,9,6,25
10/2/2024,P045,16,10,3,29
10/2/2024,P046,10,9,6,25
10/2/2024,P047,9,10,4,23
10/2/2024,P048,3,16,20,39
10/2/2024,P049,3,19,11,33
10/2/2024,P050,10,2,5,17
10/2/2024,P051,6,20,6,32
10/2/2024,P052,12,17,7,36
10/2/2024,P053,11,7,20,38
10/2/2024,P054,3,5,8,16
10/2/2024,P055,6,11,16,33
10/2/2024,P056,6,11,7,24
10/2/2024,P057,14,17,3,34
10/2/2024,P058,5,4,14,23
10/2/2024,P059,18,9,18,45
10/2/2024,P060,4,15,18,37
10/2/2024,P061,7,3,2,12
10/2/2024,P062,18,18,4,40
10/2/2024,P063,8,9,9,26
10/2/2024,P064,7,4,8,19
10/2/2024,P065,6,12,12,30
10/2/2024,P066,18,9,15,42
10/2/2024,P067,4,15,9,28
10/2/2024,P068,16,18,17,51
10/2/2024,P069,9,11,4,24
10/2/2024,P070,9,6,20,35
10/3/2024,P001,15,2,6,23
10/3/2024,P002,6,20,9,35
10/3/2024,P003,1,6,7,14
10/3/2024,P004,1,2,5,8
10/3/2024,P005,13,12,11,36
10/3/2024,P006,4,9,6,19
10/3/2024,P007,6,11,18,35
10/3/2024,P008,3,19,2,24
10/3/2024,P009,8,4,12,24
10/3/2024,P010,16,6,10,32
10/3/2024,P011,2,2,13,17
10/3/2024,P012,6,10,2,18
10/3/2024,P013,10,4,9,23
10/3/2024,P014,16,6,17,39
10/3/2024,P015,7,6,7,20
10/3/2024,P016,5,2,9,16
10/3/2024,P017,17,12,19,48
10/3/2024,P018,8,19,13,40
10/3/2024,P019,8,3,6,17
10/3/2024,P020,12,7,8,27
10/3/2024,P021,10,11,12,33
10/3/2024,P022,19,18,5,42
10/3/2024,P023,2,7,5,14
10/3/2024,P024,12,2,6,20
10/3/2024,P025,8,12,13,33
10/3/2024,P026,2,5,3,10
10/3/2024,P027,6,4,2,12
10/3/2024,P028,22,10,6,38
10/3/2024,P029,5,9,6,20
10/3/2024,P030,5,11,3,19
10/3/2024,P031,9,9,12,30
10/3/2024,P032,12,2,5,19
10/3/2024,P033,9,20,6,35
10/3/2024,P034,3,7,7,17
10/3/2024,P035,11,8,9,28
10/3/2024,P036,16,9,3,28
10/3/2024,P037,2,13,5,20
10/3/2024,P038,10,6,17,33
10/3/2024,P039,13,7,14,34
10/3/2024,P040,12,4,7,23
10/3/2024,P041,16,7,6,29
10/3/2024,P042,11,20,18,49
10/3/2024,P043,8,3,15,26
10/3/2024,P044,4,2,5,11
10/3/2024,P045,11,13,8,32
10/3/2024,P046,6,6,5,17
10/3/2024,P047,14,6,11,31
10/3/2024,P048,6,16,5,27
10/3/2024,P049,7,14,3,24
10/3/2024,P050,6,8,11,25
10/3/2024,P051,13,7,11,31
10/3/2024,P052,3,18,9,30
10/3/2024,P053,9,8,18,35
10/3/2024,P054,2,5,4,11
10/3/2024,P055,9,2,3,14
10/3/2024,P056,11,7,7,25
10/3/2024,P057,13,18,8,39
10/3/2024,P058,3,11,11,25
10/3/2024,P059,7,3,14,24
10/3/2024,P060,6,11,5,22
10/3/2024,P061,12,8,3,23
10/3/2024,P062,11,12,5,28
10/3/2024,P063,4,10,4,18
10/3/2024,P064,12,9,7,28
10/3/2024,P065,9,3,7,19
10/3/2024,P066,13,5,6,24
10/3/2024,P067,7,17,10,34
10/3/2024,P068,10,14,18,42
10/3/2024,P069,10,12,11,33
10/3/2024,P070,12,2,17,31
10/4/2024,P001,15,3,2,20
10/4/2024,P002,2,17,19,38
10/4/2024,P003,17,7,10,34
10/4/2024,P004,14,5,9,28
10/4/2024,P005,12,7,7,26
10/4/2024,P006,8,8,4,20
10/4/2024,P007,9,10,19,38
10/4/2024,P008,9,22,1,32
10/4/2024,P009,4,9,9,22
10/4/2024,P010,20,9,6,35
10/4/2024,P011,6,18,7,31
10/4/2024,P012,6,12,10,28
10/4/2024,P013,3,5,22,30
10/4/2024,P014,14,12,14,40
10/4/2024,P015,12,7,4,23
10/4/2024,P016,8,7,11,26
10/4/2024,P017,6,14,15,35
10/4/2024,P018,6,3,17,26
10/4/2024,P019,4,6,6,16
10/4/2024,P020,12,22,8,42
10/4/2024,P021,4,20,20,44
10/4/2024,P022,15,5,9,29
10/4/2024,P023,6,6,9,21
10/4/2024,P024,20,5,7,32
10/4/2024,P025,5,12,8,25
10/4/2024,P026,12,5,22,39
10/4/2024,P027,6,3,7,16
10/4/2024,P028,18,6,4,28
10/4/2024,P029,2,9,22,33
10/4/2024,P030,14,10,9,33
10/4/2024,P031,6,13,12,31
10/4/2024,P032,5,10,10,25
10/4/2024,P033,9,14,4,27
10/4/2024,P034,5,12,4,21
10/4/2024,P035,10,6,6,22
10/4/2024,P036,7,20,11,38
10/4/2024,P037,15,5,8,28
10/4/2024,P038,18,7,10,35
10/4/2024,P039,8,19,17,44
10/4/2024,P040,12,9,5,26
10/4/2024,P041,11,9,1,21
10/4/2024,P042,3,9,19,31
10/4/2024,P043,2,4,16,22
10/4/2024,P044,10,12,9,31
10/4/2024,P045,9,20,12,41
10/4/2024,P046,7,8,15,30
10/4/2024,P047,8,11,10,29
10/4/2024,P048,11,9,9,29
10/4/2024,P049,19,9,4,32
10/4/2024,P050,12,11,12,35
10/4/2024,P051,19,21,12,52
10/4/2024,P052,11,10,3,24
10/4/2024,P053,6,16,10,32
10/4/2024,P054,4,9,12,25
10/4/2024,P055,5,9,17,31
10/4/2024,P056,12,10,12,34
10/4/2024,P057,7,18,5,30
10/4/2024,P058,7,11,19,37
10/4/2024,P059,5,11,2,18
10/4/2024,P060,20,13,3,36
10/4/2024,P061,8,9,8,25
10/4/2024,P062,10,11,11,32
10/4/2024,P063,12,10,4,26
10/4/2024,P064,3,6,2,11
10/4/2024,P065,2,11,12,25
10/4/2024,P066,7,8,6,21
10/4/2024,P067,7,10,6,23
10/4/2024,P068,6,17,18,41
10/4/2024,P069,11,12,11,34
10/4/2024,P070,2,11,15,28
10/5/2024,P001,18,11,11,40
10/5/2024,P002,3,16,13,32
10/5/2024,P003,7,11,11,29
10/5/2024,P004,3,9,3,15
10/5/2024,P005,4,3,2,9
10/5/2024,P006,8,9,9,26
10/5/2024,P007,12,18,14,44
10/5/2024,P008,4,17,15,36
10/5/2024,P009,9,4,5,18
10/5/2024,P010,5,8,20,33
10/5/2024,P011,6,6,3,15
10/5/2024,P012,9,8,5,22
10/5/2024,P013,5,10,1,16
10/5/2024,P014,6,11,2,19
10/5/2024,P015,10,8,11,29
10/5/2024,P016,2,6,16,24
10/5/2024,P017,3,22,18,43
10/5/2024,P018,9,4,12,25
10/5/2024,P019,6,8,2,16
10/5/2024,P020,20,5,8,33
10/5/2024,P021,4,1,9,14
10/5/2024,P022,18,3,7,28
10/5/2024,P023,11,4,7,22
10/5/2024,P024,6,11,7,24
10/5/2024,P025,6,4,11,21
10/5/2024,P026,7,13,20,40
10/5/2024,P027,9,2,11,22
10/5/2024,P028,11,2,5,18
10/5/2024,P029,5,10,4,19
10/5/2024,P030,15,2,17,34
10/5/2024,P031,2,22,20,44
10/5/2024,P032,7,6,4,17
10/5/2024,P033,8,12,7,27
10/5/2024,P034,9,10,10,29
10/5/2024,P035,11,2,17,30
10/5/2024,P036,10,18,4,32
10/5/2024,P037,11,10,2,23
10/5/2024,P038,12,3,6,21
10/5/2024,P039,6,9,5,20
10/5/2024,P040,20,4,6,30
10/5/2024,P041,9,9,11,29
10/5/2024,P042,10,15,6,31
10/5/2024,P043,8,6,7,21
10/5/2024,P044,3,2,7,12
10/5/2024,P045,18,7,5,30
10/5/2024,P046,10,10,1,21
10/5/2024,P047,18,21,11,50
10/5/2024,P048,12,1,5,18
10/5/2024,P049,14,14,11,39
10/5/2024,P050,2,8,7,17
10/5/2024,P051,7,21,5,33
10/5/2024,P052,10,5,7,22
10/5/2024,P053,16,5,9,30
10/5/2024,P054,11,7,10,28
10/5/2024,P055,5,11,6,22
10/5/2024,P056,5,11,3,19
10/5/2024,P057,3,2,14,19
10/5/2024,P058,7,6,13,26
10/5/2024,P059,21,7,13,41
10/5/2024,P060,16,12,7,35
10/5/2024,P061,8,3,6,17
10/5/2024,P062,8,1,12,21
10/5/2024,P063,10,6,4,20
10/5/2024,P064,10,17,14,41
10/5/2024,P065,10,4,5,19
10/5/2024,P066,14,2,11,27
10/5/2024,P067,12,6,5,23
10/5/2024,P068,19,5,2,26
10/5/2024,P069,7,6,6,19
10/5/2024,P070,6,10,21,37
10/6/2024,P001,5,2,7,14
10/6/2024,P002,7,20,9,36
10/6/2024,P003,10,11,11,32
10/6/2024,P004,14,3,12,29
10/6/2024,P005,5,11,2,18
10/6/2024,P006,5,7,11,23
10/6/2024,P007,5,16,10,31
10/6/2024,P008,3,16,16,35
10/6/2024,P009,4,4,9,17
10/6/2024,P010,20,9,18,47
10/6/2024,P011,6,18,6,30
10/6/2024,P012,20,5,6,31
10/6/2024,P013,9,9,7,25
10/6/2024,P014,6,10,12,28
10/6/2024,P015,3,9,8,20
10/6/2024,P016,5,10,3,18
10/6/2024,P017,10,16,17,43
10/6/2024,P018,2,19,3,24
10/6/2024,P019,10,2,7,19
10/6/2024,P020,20,20,12,52
10/6/2024,P021,2,17,8,27
10/6/2024,P022,15,7,12,34
10/6/2024,P023,11,5,2,18
10/6/2024,P024,5,11,7,23
10/6/2024,P025,5,11,12,28
10/6/2024,P026,9,17,2,28
10/6/2024,P027,9,4,18,31
10/6/2024,P028,9,9,5,23
10/6/2024,P029,9,15,16,40
10/6/2024,P030,18,3,10,31
10/6/2024,P031,11,18,16,45
10/6/2024,P032,12,9,3,24
10/6/2024,P033,5,4,7,16
10/6/2024,P034,4,12,3,19
10/6/2024,P035,11,9,14,34
10/6/2024,P036,9,15,8,32
10/6/2024,P037,7,18,10,35
10/6/2024,P038,7,11,20,38
10/6/2024,P039,3,18,13,34
10/6/2024,P040,16,5,7,28
10/6/2024,P041,15,20,21,56
10/6/2024,P042,5,14,1,20
10/6/2024,P043,7,5,10,22
10/6/2024,P044,5,7,6,18
10/6/2024,P045,18,17,10,45
10/6/2024,P046,11,3,17,31
10/6/2024,P047,19,12,11,42
10/6/2024,P048,12,12,20,44
10/6/2024,P049,17,2,2,21
10/6/2024,P050,2,6,7,15
10/6/2024,P051,19,4,10,33
10/6/2024,P052,18,12,7,37
10/6/2024,P053,15,4,3,22
10/6/2024,P054,11,9,4,24
10/6/2024,P055,2,8,3,13
10/6/2024,P056,10,3,19,32
10/6/2024,P057,11,6,11,28
10/6/2024,P058,10,6,10,26
10/6/2024,P059,7,2,12,21
10/6/2024,P060,11,9,8,28
10/6/2024,P061,10,7,4,21
10/6/2024,P062,3,17,7,27
10/6/2024,P063,4,11,9,24
10/6/2024,P064,18,14,14,46
10/6/2024,P065,6,8,12,26
10/6/2024,P066,22,10,17,49
10/6/2024,P067,6,20,4,30
10/6/2024,P068,2,13,6,21
10/6/2024,P069,10,11,6,27
10/6/2024,P070,7,6,2,15
10/7/2024,P001,2,8,6,16
10/7/2024,P002,6,19,9,34
10/7/2024,P003,8,9,10,27
10/7/2024,P004,19,12,7,38
10/7/2024,P005,8,7,9,24
10/7/2024,P006,3,6,9,18
10/7/2024,P007,11,7,1,19
10/7/2024,P008,17,7,13,37
10/7/2024,P009,4,4,9,17
10/7/2024,P010,14,7,10,31
10/7/2024,P011,7,20,5,32
10/7/2024,P012,1,3,2,6
10/7/2024,P013,7,2,10,19
10/7/2024,P014,14,13,13,40
10/7/2024,P015,2,6,5,13
10/7/2024,P016,5,6,18,29
10/7/2024,P017,18,16,18,52
10/7/2024,P018,12,14,3,29
10/7/2024,P019,7,8,3,18
10/7/2024,P020,7,7,8,22
10/7/2024,P021,7,18,10,35
10/7/2024,P022,8,8,9,25
10/7/2024,P023,3,5,14,22
10/7/2024,P024,18,2,7,27
10/7/2024,P025,3,7,4,14
10/7/2024,P026,4,18,15,37
10/7/2024,P027,9,11,9,29
10/7/2024,P028,10,3,9,22
10/7/2024,P029,3,11,12,26
10/7/2024,P030,3,8,8,19
10/7/2024,P031,8,12,18,38
10/7/2024,P032,12,10,6,28
10/7/2024,P033,2,9,12,23
10/7/2024,P034,9,3,2,14
10/7/2024,P035,12,5,20,37
10/7/2024,P036,12,17,9,38
10/7/2024,P037,9,14,5,28
10/7/2024,P038,3,12,18,33
10/7/2024,P039,9,4,7,20
10/7/2024,P040,18,3,8,29
10/7/2024,P041,4,18,7,29
10/7/2024,P042,18,13,16,47
10/7/2024,P043,7,6,9,22
10/7/2024,P044,9,11,9,29
10/7/2024,P045,17,10,9,36
10/7/2024,P046,11,10,20,41
10/7/2024,P047,14,7,12,33
10/7/2024,P048,8,3,3,14
10/7/2024,P049,11,19,8,38
10/7/2024,P050,9,12,10,31
10/7/2024,P051,6,8,6,20
10/7/2024,P052,16,8,9,33
10/7/2024,P053,15,8,22,45
10/7/2024,P054,6,5,4,15
10/7/2024,P055,5,5,10,20
10/7/2024,P056,6,8,8,22
10/7/2024,P057,14,12,12,38
10/7/2024,P058,9,7,2,18
10/7/2024,P059,6,2,4,12
10/7/2024,P060,12,12,16,40
10/7/2024,P061,8,6,11,25
10/7/2024,P062,17,12,7,36
10/7/2024,P063,4,12,4,20
10/7/2024,P064,6,20,10,36
10/7/2024,P065,2,9,5,16
10/7/2024,P066,4,5,20,29
10/7/2024,P067,12,18,5,35
10/7/2024,P068,20,7,12,39
10/7/2024,P069,11,11,7,29
10/7/2024,P070,3,6,7,16
10/8/2024,P001,16,10,8,34
10/8/2024,P002,2,14,10,26
10/8/2024,P003,3,2,2,7
10/8/2024,P004,10,7,9,26
10/8/2024,P005,10,7,11,28
10/8/2024,P006,5,2,4,11
10/8/2024,P007,10,10,16,36
10/8/2024,P008,11,19,10,40
10/8/2024,P009,4,9,5,18
10/8/2024,P010,13,9,9,31
10/8/2024,P011,6,9,20,35
10/8/2024,P012,2,4,8,14
10/8/2024,P013,12,12,22,46
10/8/2024,P014,19,20,11,50
10/8/2024,P015,5,8,4,17
10/8/2024,P016,10,11,10,31
10/8/2024,P017,14,9,15,38
10/8/2024,P018,11,9,4,24
10/8/2024,P019,6,11,12,29
10/8/2024,P020,14,21,2,37
10/8/2024,P021,6,10,15,31
10/8/2024,P022,18,16,3,37
10/8/2024,P023,2,9,7,18
10/8/2024,P024,2,9,2,13
10/8/2024,P025,10,10,6,26
10/8/2024,P026,4,18,22,44
10/8/2024,P027,12,11,17,40
10/8/2024,P028,7,11,7,25
10/8/2024,P029,12,13,22,47
10/8/2024,P030,6,9,21,36
10/8/2024,P031,10,11,19,40
10/8/2024,P032,2,10,2,14
10/8/2024,P033,12,6,6,24
10/8/2024,P034,8,11,5,24
10/8/2024,P035,7,8,13,28
10/8/2024,P036,17,10,7,34
10/8/2024,P037,20,17,11,48
10/8/2024,P038,11,12,10,33
10/8/2024,P039,10,3,9,22
10/8/2024,P040,19,2,2,23
10/8/2024,P041,8,15,7,30
10/8/2024,P042,6,6,13,25
10/8/2024,P043,2,9,12,23
10/8/2024,P044,7,4,8,19
10/8/2024,P045,15,8,6,29
10/8/2024,P046,3,7,1,11
10/8/2024,P047,10,21,7,38
10/8/2024,P048,6,11,4,21
10/8/2024,P049,16,11,4,31
10/8/2024,P050,3,2,12,17
10/8/2024,P051,21,14,5,40
10/8/2024,P052,7,22,2,31
10/8/2024,P053,5,17,20,42
10/8/2024,P054,6,7,2,15
10/8/2024,P055,9,4,18,31
10/8/2024,P056,5,9,18,32
10/8/2024,P057,2,11,17,30
10/8/2024,P058,9,8,13,30
10/8/2024,P059,3,9,5,17
10/8/2024,P060,3,9,5,17
10/8/2024,P061,3,5,4,12
10/8/2024,P062,1,18,10,29
10/8/2024,P063,2,5,5,12
10/8/2024,P064,20,13,18,51
10/8/2024,P065,5,7,9,21
10/8/2024,P066,2,11,11,24
10/8/2024,P067,8,10,10,28
10/8/2024,P068,18,9,11,38
10/8/2024,P069,11,7,8,26
10/8/2024,P070,3,6,6,15
10/9/2024,P001,11,9,10,30
10/9/2024,P002,9,4,15,28
10/9/2024,P003,1,7,3,11
10/9/2024,P004,21,9,2,32
10/9/2024,P005,10,11,8,29
10/9/2024,P006,5,9,5,19
10/9/2024,P007,9,22,12,43
10/9/2024,P008,22,9,4,35
10/9/2024,P009,9,4,4,17
10/9/2024,P010,9,9,3,21
10/9/2024,P011,9,15,12,36
10/9/2024,P012,6,6,9,21
10/9/2024,P013,9,2,15,26
10/9/2024,P014,3,7,11,21
10/9/2024,P015,6,10,2,18
10/9/2024,P016,11,21,8,40
10/9/2024,P017,2,1,4,7
10/9/2024,P018,9,14,3,26
10/9/2024,P019,3,8,10,21
10/9/2024,P020,21,21,2,44
10/9/2024,P021,4,5,17,26
10/9/2024,P022,20,5,10,35
10/9/2024,P023,4,7,6,17
10/9/2024,P024,2,11,3,16
10/9/2024,P025,4,11,13,28
10/9/2024,P026,6,2,18,26
10/9/2024,P027,6,6,6,18
10/9/2024,P028,6,7,9,22
10/9/2024,P029,7,12,2,21
10/9/2024,P030,17,3,15,35
10/9/2024,P031,11,1,13,25
10/9/2024,P032,7,6,3,16
10/9/2024,P033,3,17,12,32
10/9/2024,P034,11,4,9,24
10/9/2024,P035,8,2,2,12
10/9/2024,P036,12,6,9,27
10/9/2024,P037,15,5,16,36
10/9/2024,P038,7,6,9,22
10/9/2024,P039,1,19,15,35
10/9/2024,P040,13,11,7,31
10/9/2024,P041,5,17,16,38
10/9/2024,P042,17,19,18,54
10/9/2024,P043,5,12,17,34
10/9/2024,P044,12,5,5,22
10/9/2024,P045,8,5,2,15
10/9/2024,P046,12,3,19,34
10/9/2024,P047,1,2,8,11
10/9/2024,P048,12,10,15,37
10/9/2024,P049,19,14,6,39
10/9/2024,P050,2,9,3,14
10/9/2024,P051,19,18,4,41
10/9/2024,P052,10,11,9,30
10/9/2024,P053,7,14,2,23
10/9/2024,P054,7,4,7,18
10/9/2024,P055,3,12,14,29
10/9/2024,P056,4,2,16,22
10/9/2024,P057,16,10,17,43
10/9/2024,P058,10,9,14,33
10/9/2024,P059,4,11,8,23
10/9/2024,P060,17,3,4,24
10/9/2024,P061,12,5,19,36
10/9/2024,P062,18,22,12,52
10/9/2024,P063,7,10,3,20
10/9/2024,P064,2,2,3,7
10/9/2024,P065,9,9,2,20
10/9/2024,P066,4,16,8,28
10/9/2024,P067,6,9,9,24
10/9/2024,P068,8,15,10,33
10/9/2024,P069,10,6,9,25
10/9/2024,P070,5,6,10,21
10/10/2024,P001,16,11,8,35
10/10/2024,P002,6,6,11,23
10/10/2024,P003,12,12,8,32
10/10/2024,P004,13,2,10,25
10/10/2024,P005,11,15,4,30
10/10/2024,P006,8,3,3,14
10/10/2024,P007,11,9,3,23
10/10/2024,P008,22,18,6,46
10/10/2024,P009,4,5,11,20
10/10/2024,P010,19,20,22,61
10/10/2024,P011,10,14,18,42
10/10/2024,P012,7,5,8,20
10/10/2024,P013,3,7,3,13
10/10/2024,P014,6,17,9,32
10/10/2024,P015,7,3,12,22
10/10/2024,P016,6,12,2,20
10/10/2024,P017,13,12,16,41
10/10/2024,P018,4,2,8,14
10/10/2024,P019,6,6,6,18
10/10/2024,P020,3,4,22,29
10/10/2024,P021,8,12,5,25
10/10/2024,P022,16,4,12,32
10/10/2024,P023,2,9,9,20
10/10/2024,P024,6,8,4,18
10/10/2024,P025,10,3,10,23
10/10/2024,P026,16,6,8,30
10/10/2024,P027,11,6,20,37
10/10/2024,P028,20,2,5,27
10/10/2024,P029,9,9,3,21
10/10/2024,P030,8,7,20,35
10/10/2024,P031,7,17,9,33
10/10/2024,P032,2,11,7,20
10/10/2024,P033,7,14,8,29
10/10/2024,P034,2,8,2,12
10/10/2024,P035,5,10,5,20
10/10/2024,P036,12,20,6,38
10/10/2024,P037,16,13,13,42
10/10/2024,P038,7,11,3,21
10/10/2024,P039,14,12,2,28
10/10/2024,P040,9,8,6,23
10/10/2024,P041,10,10,6,26
10/10/2024,P042,11,20,3,34
10/10/2024,P043,7,6,12,25
10/10/2024,P044,9,9,7,25
10/10/2024,P045,6,10,11,27
10/10/2024,P046,10,10,19,39
10/10/2024,P047,16,8,5,29
10/10/2024,P048,2,22,7,31
10/10/2024,P049,2,7,10,19
10/10/2024,P050,9,4,12,25
10/10/2024,P051,1,14,5,20
10/10/2024,P052,22,4,8,34
10/10/2024,P053,3,4,15,22
10/10/2024,P054,8,11,6,25
10/10/2024,P055,12,5,2,19
10/10/2024,P056,5,5,3,13
10/10/2024,P057,11,13,4,28
10/10/2024,P058,6,6,13,25
10/10/2024,P059,4,8,10,22
10/10/2024,P060,10,6,8,24
10/10/2024,P061,3,11,11,25
10/10/2024,P062,17,17,3,37
10/10/2024,P063,6,6,2,14
10/10/2024,P064,17,5,12,34
10/10/2024,P065,7,6,6,19
10/10/2024,P066,17,13,12,42
10/10/2024,P067,2,3,2,7
10/10/2024,P068,12,2,13,27
10/10/2024,P069,2,2,6,10
10/10/2024,P070,8,11,6,25
10/11/2024,P001,15,11,9,35
10/11/2024,P002,4,20,13,37
10/11/2024,P003,11,8,9,28
10/11/2024,P004,3,10,4,17
10/11/2024,P005,19,9,2,30
10/11/2024,P006,10,11,2,23
10/11/2024,P007,11,5,17,33
10/11/2024,P008,14,4,11,29
10/11/2024,P009,5,3,10,18
10/11/2024,P010,15,18,20,53
10/11/2024,P011,2,13,12,27
10/11/2024,P012,22,6,9,37
10/11/2024,P013,10,11,15,36
10/11/2024,P014,16,10,16,42
10/11/2024,P015,7,10,11,28
10/11/2024,P016,5,7,11,23
10/11/2024,P017,12,3,15,30
10/11/2024,P018,8,19,5,32
10/11/2024,P019,9,12,2,23
10/11/2024,P020,9,8,15,32
10/11/2024,P021,4,8,20,32
10/11/2024,P022,20,8,6,34
10/11/2024,P023,6,5,15,26
10/11/2024,P024,6,5,12,23
10/11/2024,P025,3,8,22,33
10/11/2024,P026,14,12,9,35
10/11/2024,P027,5,7,17,29
10/11/2024,P028,11,2,7,20
10/11/2024,P029,2,12,9,23
10/11/2024,P030,7,6,19,32
10/11/2024,P031,8,12,13,33
10/11/2024,P032,10,12,6,28
10/11/2024,P033,3,20,6,29
10/11/2024,P034,3,9,8,20
10/11/2024,P035,6,5,9,20
10/11/2024,P036,20,18,7,45
10/11/2024,P037,7,7,8,22
10/11/2024,P038,11,11,22,44
10/11/2024,P039,3,13,7,23
10/11/2024,P040,13,9,4,26
10/11/2024,P041,11,6,22,39
10/11/2024,P042,11,17,9,37
10/11/2024,P043,4,7,12,23
10/11/2024,P044,3,2,3,8
10/11/2024,P045,12,16,7,35
10/11/2024,P046,5,6,22,33
10/11/2024,P047,12,1,6,19
10/11/2024,P048,3,18,9,30
10/11/2024,P049,19,2,7,28
10/11/2024,P050,3,3,11,17
10/11/2024,P051,10,22,5,37
10/11/2024,P052,12,15,9,36
10/11/2024,P053,9,2,22,33
10/11/2024,P054,9,8,4,21
10/11/2024,P055,7,3,13,23
10/11/2024,P056,5,12,17,34
10/11/2024,P057,9,20,18,47
10/11/2024,P058,7,8,1,16
10/11/2024,P059,7,4,10,21
10/11/2024,P060,8,5,17,30
10/11/2024,P061,11,9,13,33
10/11/2024,P062,21,21,12,54
10/11/2024,P063,4,5,11,20
10/11/2024,P064,8,9,5,22
10/11/2024,P065,6,7,9,22
10/11/2024,P066,20,8,14,42
10/11/2024,P067,7,22,12,41
10/11/2024,P068,5,7,20,32
10/11/2024,P069,3,5,8,16
10/11/2024,P070,10,8,11,29
10/12/2024,P001,4,11,6,21
10/12/2024,P002,9,16,12,37
10/12/2024,P003,9,8,3,20
10/12/2024,P004,5,4,7,16
10/12/2024,P005,19,8,6,33
10/12/2024,P006,3,7,11,21
10/12/2024,P007,12,9,6,27
10/12/2024,P008,15,3,20,38
10/12/2024,P009,3,2,11,16
10/12/2024,P010,9,15,2,26
10/12/2024,P011,10,6,19,35
10/12/2024,P012,13,9,10,32
10/12/2024,P013,12,4,19,35
10/12/2024,P014,13,8,5,26
10/12/2024,P015,9,7,11,27
10/12/2024,P016,7,21,4,32
10/12/2024,P017,4,11,18,33
10/12/2024,P018,8,11,14,33
10/12/2024,P019,12,2,10,24
10/12/2024,P020,4,14,19,37
10/12/2024,P021,9,22,1,32
10/12/2024,P022,5,17,9,31
10/12/2024,P023,6,7,5,18
10/12/2024,P024,9,4,10,23
10/12/2024,P025,5,9,15,29
10/12/2024,P026,6,11,22,39
10/12/2024,P027,3,8,14,25
10/12/2024,P028,20,9,4,33
10/12/2024,P029,10,9,11,30
10/12/2024,P030,17,5,15,37
10/12/2024,P031,8,18,17,43
10/12/2024,P032,5,5,2,12
10/12/2024,P033,11,13,2,26
10/12/2024,P034,12,7,8,27
10/12/2024,P035,5,11,7,23
10/12/2024,P036,16,10,7,33
10/12/2024,P037,10,9,11,30
10/12/2024,P038,15,7,20,42
10/12/2024,P039,14,3,11,28
10/12/2024,P040,17,5,5,27
10/12/2024,P041,16,20,4,40
10/12/2024,P042,10,16,17,43
10/12/2024,P043,3,11,20,34
10/12/2024,P044,10,5,7,22
10/12/2024,P045,18,18,6,42
10/12/2024,P046,11,10,18,39
10/12/2024,P047,3,19,5,27
10/12/2024,P048,11,17,20,48
10/12/2024,P049,11,19,6,36
10/12/2024,P050,12,2,2,16
10/12/2024,P051,8,16,11,35
10/12/2024,P052,1,12,12,25
10/12/2024,P053,18,4,18,40
10/12/2024,P054,6,5,8,19
10/12/2024,P055,9,6,12,27
10/12/2024,P056,11,10,6,27
10/12/2024,P057,18,7,11,36
10/12/2024,P058,10,10,16,36
10/12/2024,P059,12,2,11,25
10/12/2024,P060,9,10,14,33
10/12/2024,P061,8,8,10,26
10/12/2024,P062,14,16,11,41
10/12/2024,P063,8,4,8,20
10/12/2024,P064,12,7,14,33
10/12/2024,P065,2,7,3,12
10/12/2024,P066,13,11,12,36
10/12/2024,P067,3,20,2,25
10/12/2024,P068,5,11,7,23
10/12/2024,P069,8,10,10,28
10/12/2024,P070,8,4,21,33
10/13/2024,P001,12,8,8,28
10/13/2024,P002,5,11,9,25
10/13/2024,P003,15,10,7,32
10/13/2024,P004,2,7,6,15
10/13/2024,P005,2,5,6,13
10/13/2024,P006,5,2,8,15
10/13/2024,P007,5,9,10,24
10/13/2024,P008,5,19,9,33
10/13/2024,P009,2,11,11,24
10/13/2024,P010,2,17,8,27
10/13/2024,P011,2,19,4,25
10/13/2024,P012,5,12,11,28
10/13/2024,P013,6,5,10,21
10/13/2024,P014,14,5,6,25
10/13/2024,P015,10,3,7,20
10/13/2024,P016,10,2,18,30
10/13/2024,P017,5,10,3,18
10/13/2024,P018,5,14,11,30
10/13/2024,P019,5,9,10,24
10/13/2024,P020,3,18,15,36
10/13/2024,P021,4,11,15,30
10/13/2024,P022,20,14,5,39
10/13/2024,P023,6,4,6,16
10/13/2024,P024,20,12,9,41
10/13/2024,P025,9,2,7,18
10/13/2024,P026,6,10,1,17
10/13/2024,P027,10,9,2,21
10/13/2024,P028,5,11,11,27
10/13/2024,P029,4,3,16,23
10/13/2024,P030,9,5,18,32
10/13/2024,P031,5,22,12,39
10/13/2024,P032,6,10,9,25
10/13/2024,P033,3,2,7,12
10/13/2024,P034,5,9,6,20
10/13/2024,P035,3,16,2,21
10/13/2024,P036,18,9,7,34
10/13/2024,P037,9,15,12,36
10/13/2024,P038,9,6,2,17
10/13/2024,P039,19,9,18,46
10/13/2024,P040,12,9,5,26
10/13/2024,P041,18,18,16,52
10/13/2024,P042,10,20,10,40
10/13/2024,P043,7,11,16,34
10/13/2024,P044,12,11,5,28
10/13/2024,P045,3,18,8,29
10/13/2024,P046,9,12,22,43
10/13/2024,P047,17,10,3,30
10/13/2024,P048,2,6,4,12
10/13/2024,P049,15,3,3,21
10/13/2024,P050,3,8,8,19
10/13/2024,P051,19,10,5,34
10/13/2024,P052,10,9,3,22
10/13/2024,P053,6,10,8,24
10/13/2024,P054,8,4,4,16
10/13/2024,P055,2,11,4,17
10/13/2024,P056,5,11,3,19
10/13/2024,P057,18,17,14,49
10/13/2024,P058,11,3,13,27
10/13/2024,P059,14,6,19,39
10/13/2024,P060,5,14,4,23
10/13/2024,P061,9,4,4,17
10/13/2024,P062,9,18,2,29
10/13/2024,P063,4,5,9,18
10/13/2024,P064,16,2,7,25
10/13/2024,P065,5,7,5,17
10/13/2024,P066,15,12,16,43
10/13/2024,P067,7,2,7,16
10/13/2024,P068,13,18,17,48
10/13/2024,P069,9,9,3,21
10/13/2024,P070,12,12,12,36
10/14/2024,P001,16,3,8,27
10/14/2024,P002,8,12,12,32
10/14/2024,P003,10,8,6,24
10/14/2024,P004,14,6,3,23
10/14/2024,P005,12,7,2,21
10/14/2024,P006,11,2,9,22
10/14/2024,P007,7,5,1,13
10/14/2024,P008,20,12,15,47
10/14/2024,P009,11,8,12,31
10/14/2024,P010,13,10,3,26
10/14/2024,P011,5,20,9,34
10/14/2024,P012,1,6,7,14
10/14/2024,P013,9,9,18,36
10/14/2024,P014,2,10,12,24
10/14/2024,P015,2,10,10,22
10/14/2024,P016,9,8,3,20
10/14/2024,P017,8,22,10,40
10/14/2024,P018,3,7,12,22
10/14/2024,P019,11,4,2,17
10/14/2024,P020,17,14,9,40
10/14/2024,P021,4,4,3,11
10/14/2024,P022,14,4,5,23
10/14/2024,P023,7,11,18,36
10/14/2024,P024,1,5,2,8
10/14/2024,P025,7,5,12,24
10/14/2024,P026,14,13,7,34
10/14/2024,P027,10,6,12,28
10/14/2024,P028,18,8,8,34
10/14/2024,P029,7,6,3,16
10/14/2024,P030,4,11,17,32
10/14/2024,P031,8,17,3,28
10/14/2024,P032,2,6,6,14
10/14/2024,P033,5,5,3,13
10/14/2024,P034,4,6,4,14
10/14/2024,P035,10,13,14,37
10/14/2024,P036,19,3,7,29
10/14/2024,P037,12,2,4,18
10/14/2024,P038,8,2,15,25
10/14/2024,P039,10,8,9,27
10/14/2024,P040,3,9,9,21
10/14/2024,P041,15,10,12,37
10/14/2024,P042,5,19,8,32
10/14/2024,P043,12,9,18,39
10/14/2024,P044,6,11,4,21
10/14/2024,P045,9,6,10,25
10/14/2024,P046,3,6,18,27
10/14/2024,P047,6,5,10,21
10/14/2024,P048,8,19,7,34
10/14/2024,P049,8,18,6,32
10/14/2024,P050,10,3,8,21
10/14/2024,P051,9,7,8,24
10/14/2024,P052,17,9,11,37
10/14/2024,P053,6,18,9,33
10/14/2024,P054,10,2,9,21
10/14/2024,P055,10,12,5,27
10/14/2024,P056,8,5,10,23
10/14/2024,P057,17,10,18,45
10/14/2024,P058,11,10,11,32
10/14/2024,P059,22,6,19,47
10/14/2024,P060,2,4,2,8
10/14/2024,P061,11,7,10,28
10/14/2024,P062,10,20,8,38
10/14/2024,P063,9,5,5,19
10/14/2024,P064,8,14,7,29
10/14/2024,P065,12,7,7,26
10/14/2024,P066,15,4,6,25
10/14/2024,P067,9,15,11,35
10/14/2024,P068,17,9,10,36
10/14/2024,P069,3,12,10,25
10/14/2024,P070,2,10,7,19
10/15/2024,P001,18,5,8,31
10/15/2024,P002,2,3,9,14
10/15/2024,P003,17,3,5,25
10/15/2024,P004,14,3,6,23
10/15/2024,P005,11,20,11,42
10/15/2024,P006,8,9,5,22
10/15/2024,P007,10,4,12,26
10/15/2024,P008,2,13,10,25
10/15/2024,P009,8,9,7,24
10/15/2024,P010,18,6,5,29
10/15/2024,P011,3,17,19,39
10/15/2024,P012,2,7,10,19
10/15/2024,P013,5,2,7,14
10/15/2024,P014,2,16,6,24
10/15/2024,P015,4,6,6,16
10/15/2024,P016,12,1,12,25
10/15/2024,P017,10,18,12,40
10/15/2024,P018,5,2,17,24
10/15/2024,P019,10,3,5,18
10/15/2024,P020,11,22,21,54
10/15/2024,P021,4,15,9,28
10/15/2024,P022,13,2,2,17
10/15/2024,P023,6,8,4,18
10/15/2024,P024,2,3,10,15
10/15/2024,P025,12,12,6,30
10/15/2024,P026,19,20,10,49
10/15/2024,P027,9,8,13,30
10/15/2024,P028,16,4,5,25
10/15/2024,P029,6,5,18,29
10/15/2024,P030,7,9,18,34
10/15/2024,P031,11,21,3,35
10/15/2024,P032,8,5,4,17
10/15/2024,P033,2,9,7,18
10/15/2024,P034,6,7,11,24
10/15/2024,P035,4,8,7,19
10/15/2024,P036,13,22,2,37
10/15/2024,P037,17,7,6,30
10/15/2024,P038,5,5,22,32
10/15/2024,P039,21,9,17,47
10/15/2024,P040,3,5,7,15
10/15/2024,P041,17,9,22,48
10/15/2024,P042,17,14,21,52
10/15/2024,P043,11,2,19,32
10/15/2024,P044,9,2,4,15
10/15/2024,P045,12,2,8,22
10/15/2024,P046,12,2,14,28
10/15/2024,P047,10,11,4,25
10/15/2024,P048,10,1,19,30
10/15/2024,P049,3,2,9,14
10/15/2024,P050,12,10,4,26
10/15/2024,P051,11,17,3,31
10/15/2024,P052,10,21,5,36
10/15/2024,P053,11,12,22,45
10/15/2024,P054,3,12,4,19
10/15/2024,P055,4,12,8,24
10/15/2024,P056,3,3,18,24
10/15/2024,P057,15,8,12,35
10/15/2024,P058,3,7,3,13
10/15/2024,P059,16,2,2,20
10/15/2024,P060,14,3,4,21
10/15/2024,P061,6,12,2,20
10/15/2024,P062,6,4,8,18
10/15/2024,P063,4,11,9,24
10/15/2024,P064,7,7,3,17
10/15/2024,P065,7,2,9,18
10/15/2024,P066,6,6,10,22
10/15/2024,P067,10,22,4,36
10/15/2024,P068,18,17,8,43
10/15/2024,P069,7,12,7,26
10/15/2024,P070,5,4,21,30
10/16/2024,P001,7,9,12,28
10/16/2024,P002,9,17,3,29
10/16/2024,P003,4,12,5,21
10/16/2024,P004,22,6,9,37
10/16/2024,P005,2,16,10,28
10/16/2024,P006,5,11,9,25
10/16/2024,P007,5,11,3,19
10/16/2024,P008,20,3,4,27
10/16/2024,P009,9,5,8,22
10/16/2024,P010,20,20,9,49
10/16/2024,P011,7,16,13,36
10/16/2024,P012,21,11,11,43
10/16/2024,P013,5,5,5,15
10/16/2024,P014,15,18,17,50
10/16/2024,P015,9,10,4,23
10/16/2024,P016,11,19,3,33
10/16/2024,P017,10,17,2,29
10/16/2024,P018,5,19,17,41
10/16/2024,P019,9,2,12,23
10/16/2024,P020,22,16,11,49
10/16/2024,P021,9,12,11,32
10/16/2024,P022,9,4,5,18
10/16/2024,P023,9,5,16,30
10/16/2024,P024,6,6,9,21
10/16/2024,P025,9,10,12,31
10/16/2024,P026,3,7,22,32
10/16/2024,P027,11,10,11,32
10/16/2024,P028,13,2,4,19
10/16/2024,P029,3,10,10,23
10/16/2024,P030,20,8,15,43
10/16/2024,P031,5,16,4,25
10/16/2024,P032,9,4,9,22
10/16/2024,P033,6,7,9,22
10/16/2024,P034,12,7,10,29
10/16/2024,P035,10,11,6,27
10/16/2024,P036,9,20,3,32
10/16/2024,P037,12,11,13,36
10/16/2024,P038,7,10,18,35
10/16/2024,P039,13,6,6,25
10/16/2024,P040,4,4,9,17
10/16/2024,P041,7,3,2,12
10/16/2024,P042,14,4,15,33
10/16/2024,P043,12,7,13,32
10/16/2024,P044,5,9,3,17
10/16/2024,P045,17,4,9,30
10/16/2024,P046,9,11,11,31
10/16/2024,P047,1,15,10,26
10/16/2024,P048,9,13,10,32
10/16/2024,P049,20,3,12,35
10/16/2024,P050,3,3,5,11
10/16/2024,P051,14,14,4,32
10/16/2024,P052,16,1,9,26
10/16/2024,P053,13,7,1,21
10/16/2024,P054,10,11,4,25
10/16/2024,P055,7,8,10,25
10/16/2024,P056,4,3,14,21
10/16/2024,P057,8,5,2,15
10/16/2024,P058,12,3,5,20
10/16/2024,P059,16,11,12,39
10/16/2024,P060,16,10,10,36
10/16/2024,P061,6,2,6,14
10/16/2024,P062,5,1,4,10
10/16/2024,P063,4,5,9,18
10/16/2024,P064,2,6,8,16
10/16/2024,P065,12,3,6,21
10/16/2024,P066,6,13,1,20
10/16/2024,P067,6,18,5,29
10/16/2024,P068,18,6,5,29
10/16/2024,P069,6,3,3,12
10/16/2024,P070,7,4,2,13
10/17/2024,P001,12,4,8,24
10/17/2024,P002,10,10,6,26
10/17/2024,P003,9,3,11,23
10/17/2024,P004,12,9,8,29
10/17/2024,P005,15,11,6,32
10/17/2024,P006,12,8,9,29
10/17/2024,P007,6,10,20,36
10/17/2024,P008,2,9,1,12
10/17/2024,P009,5,9,5,19
10/17/2024,P010,8,18,4,30
10/17/2024,P011,2,20,9,31
10/17/2024,P012,14,11,11,36
10/17/2024,P013,2,11,21,34
10/17/2024,P014,14,18,11,43
10/17/2024,P015,11,12,11,34
10/17/2024,P016,5,10,9,24
10/17/2024,P017,11,6,21,38
10/17/2024,P018,8,3,4,15
10/17/2024,P019,11,8,2,21
10/17/2024,P020,22,10,17,49
10/17/2024,P021,4,9,20,33
10/17/2024,P022,19,10,9,38
10/17/2024,P023,10,4,10,24
10/17/2024,P024,7,11,4,22
10/17/2024,P025,3,11,9,23
10/17/2024,P026,6,17,15,38
10/17/2024,P027,10,3,11,24
10/17/2024,P028,15,6,2,23
10/17/2024,P029,6,14,8,28
10/17/2024,P030,7,4,4,15
10/17/2024,P031,11,18,3,32
10/17/2024,P032,8,5,5,18
10/17/2024,P033,10,2,10,22
10/17/2024,P034,2,7,12,21
10/17/2024,P035,3,12,9,24
10/17/2024,P036,13,2,4,19
10/17/2024,P037,12,18,10,40
10/17/2024,P038,20,9,8,37
10/17/2024,P039,3,15,20,38
10/17/2024,P040,3,11,5,19
10/17/2024,P041,6,22,3,31
10/17/2024,P042,17,6,20,43
10/17/2024,P043,7,12,9,28
10/17/2024,P044,5,11,3,19
10/17/2024,P045,5,20,6,31
10/17/2024,P046,9,7,4,20
10/17/2024,P047,12,8,3,23
10/17/2024,P048,11,9,17,37
10/17/2024,P049,7,17,5,29
10/17/2024,P050,10,2,7,19
10/17/2024,P051,3,20,8,31
10/17/2024,P052,3,18,7,28
10/17/2024,P053,15,3,7,25
10/17/2024,P054,7,11,4,22
10/17/2024,P055,6,6,10,22
10/17/2024,P056,8,8,2,18
10/17/2024,P057,6,10,18,34
10/17/2024,P058,10,10,10,30
10/17/2024,P059,9,10,11,30
10/17/2024,P060,11,19,18,48
10/17/2024,P061,12,4,2,18
10/17/2024,P062,18,2,5,25
10/17/2024,P063,4,8,5,17
10/17/2024,P064,14,9,9,32
10/17/2024,P065,5,4,12,21
10/17/2024,P066,11,10,9,30
10/17/2024,P067,5,8,9,22
10/17/2024,P068,2,20,10,32
10/17/2024,P069,5,10,10,25
10/17/2024,P070,9,2,8,19
10/18/2024,P001,13,9,2,24
10/18/2024,P002,11,8,5,24
10/18/2024,P003,10,11,9,30
10/18/2024,P004,21,8,9,38
10/18/2024,P005,11,9,6,26
10/18/2024,P006,4,4,5,13
10/18/2024,P007,6,11,4,21
10/18/2024,P008,21,8,16,45
10/18/2024,P009,9,9,6,24
10/18/2024,P010,15,10,9,34
10/18/2024,P011,8,19,9,36
10/18/2024,P012,1,9,10,20
10/18/2024,P013,5,11,7,23
10/18/2024,P014,7,6,3,16
10/18/2024,P015,11,6,9,26
10/18/2024,P016,7,5,5,17
10/18/2024,P017,19,19,1,39
10/18/2024,P018,10,18,18,46
10/18/2024,P019,11,3,6,20
10/18/2024,P020,14,7,2,23
10/18/2024,P021,5,9,20,34
10/18/2024,P022,15,18,3,36
10/18/2024,P023,2,2,6,10
10/18/2024,P024,22,12,12,46
10/18/2024,P025,10,5,4,19
10/18/2024,P026,16,10,3,29
10/18/2024,P027,3,10,9,22
10/18/2024,P028,7,6,12,25
10/18/2024,P029,9,4,2,15
10/18/2024,P030,18,7,16,41
10/18/2024,P031,7,20,8,35
10/18/2024,P032,9,5,8,22
10/18/2024,P033,9,14,6,29
10/18/2024,P034,11,7,6,24
10/18/2024,P035,5,4,15,24
10/18/2024,P036,17,15,12,44
10/18/2024,P037,20,9,22,51
10/18/2024,P038,16,12,9,37
10/18/2024,P039,5,10,17,32
10/18/2024,P040,8,10,7,25
10/18/2024,P041,3,20,9,32
10/18/2024,P042,6,20,19,45
10/18/2024,P043,8,8,13,29
10/18/2024,P044,2,8,6,16
10/18/2024,P045,14,20,8,42
10/18/2024,P046,6,11,12,29
10/18/2024,P047,3,13,5,21
10/18/2024,P048,11,17,17,45
10/18/2024,P049,3,2,11,16
10/18/2024,P050,4,10,12,26
10/18/2024,P051,3,21,10,34
10/18/2024,P052,14,10,11,35
10/18/2024,P053,10,11,15,36
10/18/2024,P054,3,7,9,19
10/18/2024,P055,3,12,11,26
10/18/2024,P056,10,5,13,28
10/18/2024,P057,12,16,5,33
10/18/2024,P058,5,6,10,21
10/18/2024,P059,1,6,2,9
10/18/2024,P060,15,3,12,30
10/18/2024,P061,7,6,2,15
10/18/2024,P062,10,13,7,30
10/18/2024,P063,9,3,4,16
10/18/2024,P064,14,15,12,41
10/18/2024,P065,12,12,9,33
10/18/2024,P066,17,22,10,49
10/18/2024,P067,4,9,2,15
10/18/2024,P068,6,17,16,39
10/18/2024,P069,5,11,6,22
10/18/2024,P070,8,7,1,16
10/19/2024,P001,5,8,2,15
10/19/2024,P002,12,9,10,31
10/19/2024,P003,7,8,8,23
10/19/2024,P004,2,9,7,18
10/19/2024,P005,7,15,6,28
10/19/2024,P006,5,2,4,11
10/19/2024,P007,2,11,20,33
10/19/2024,P008,11,9,11,31
10/19/2024,P009,9,5,5,19
10/19/2024,P010,5,9,8,22
10/19/2024,P011,10,14,10,34
10/19/2024,P012,20,2,2,24
10/19/2024,P013,9,2,6,17
10/19/2024,P014,7,2,2,11
10/19/2024,P015,6,2,7,15
10/19/2024,P016,4,11,20,35
10/19/2024,P017,19,1,19,39
10/19/2024,P018,3,2,11,16
10/19/2024,P019,12,10,11,33
10/19/2024,P020,15,17,17,49
10/19/2024,P021,3,21,15,39
10/19/2024,P022,9,12,12,33
10/19/2024,P023,10,12,19,41
10/19/2024,P024,13,12,8,33
10/19/2024,P025,12,3,10,25
10/19/2024,P026,13,8,15,36
10/19/2024,P027,10,7,16,33
10/19/2024,P028,19,2,11,32
10/19/2024,P029,8,3,11,22
10/19/2024,P030,18,12,15,45
10/19/2024,P031,7,4,5,16
10/19/2024,P032,10,11,2,23
10/19/2024,P033,12,7,5,24
10/19/2024,P034,7,2,8,17
10/19/2024,P035,9,6,5,20
10/19/2024,P036,12,22,10,44
10/19/2024,P037,16,17,15,48
10/19/2024,P038,11,12,22,45
10/19/2024,P039,2,20,14,36
10/19/2024,P040,5,11,4,20
10/19/2024,P041,17,2,11,30
10/19/2024,P042,3,16,15,34
10/19/2024,P043,12,8,17,37
10/19/2024,P044,5,5,6,16
10/19/2024,P045,15,12,8,35
10/19/2024,P046,3,11,20,34
10/19/2024,P047,20,11,9,40
10/19/2024,P048,11,5,18,34
10/19/2024,P049,20,15,10,45
10/19/2024,P050,2,5,3,10
10/19/2024,P051,12,14,6,32
10/19/2024,P052,22,10,7,39
10/19/2024,P053,9,7,17,33
10/19/2024,P054,10,10,4,24
10/19/2024,P055,6,2,19,27
10/19/2024,P056,6,2,12,20
10/19/2024,P057,18,18,3,39
10/19/2024,P058,11,10,20,41
10/19/2024,P059,12,6,15,33
10/19/2024,P060,4,5,7,16
10/19/2024,P061,7,6,8,21
10/19/2024,P062,18,9,12,39
10/19/2024,P063,4,4,11,19
10/19/2024,P064,10,5,15,30
10/19/2024,P065,5,10,7,22
10/19/2024,P066,20,15,21,56
10/19/2024,P067,5,22,5,32
10/19/2024,P068,12,14,18,44
10/19/2024,P069,11,7,10,28
10/19/2024,P070,10,6,19,35
10/20/2024,P001,10,11,9,30
10/20/2024,P002,4,5,14,23
10/20/2024,P003,11,9,4,24
10/20/2024,P004,18,7,6,31
10/20/2024,P005,9,4,6,19
10/20/2024,P006,9,6,11,26
10/20/2024,P007,3,12,1,16
10/20/2024,P008,18,6,20,44
10/20/2024,P009,5,4,3,12
10/20/2024,P010,12,3,11,26
10/20/2024,P011,12,4,15,31
10/20/2024,P012,15,7,3,25
10/20/2024,P013,3,9,3,15
10/20/2024,P014,14,4,14,32
10/20/2024,P015,4,11,5,20
10/20/2024,P016,10,15,9,34
10/20/2024,P017,2,13,1,16
10/20/2024,P018,5,3,14,22
10/20/2024,P019,5,3,5,13
10/20/2024,P020,5,14,6,25
10/20/2024,P021,2,1,2,5
10/20/2024,P022,2,7,7,16
10/20/2024,P023,2,11,2,15
10/20/2024,P024,5,8,2,15
10/20/2024,P025,6,3,12,21
10/20/2024,P026,14,5,19,38
10/20/2024,P027,12,3,5,20
10/20/2024,P028,10,11,11,32
10/20/2024,P029,9,10,4,23
10/20/2024,P030,13,2,18,33
10/20/2024,P031,2,1,14,17
10/20/2024,P032,11,5,9,25
10/20/2024,P033,2,6,4,12
10/20/2024,P034,11,3,12,26
10/20/2024,P035,7,13,6,26
10/20/2024,P036,3,18,9,30
10/20/2024,P037,18,6,7,31
10/20/2024,P038,9,3,1,13
10/20/2024,P039,14,2,2,18
10/20/2024,P040,14,11,11,36
10/20/2024,P041,13,15,16,44
10/20/2024,P042,3,11,18,32
10/20/2024,P043,12,10,12,34
10/20/2024,P044,9,4,2,15
10/20/2024,P045,18,2,8,28
10/20/2024,P046,10,6,9,25
10/20/2024,P047,4,8,7,19
10/20/2024,P048,8,1,3,12
10/20/2024,P049,8,17,9,34
10/20/2024,P050,3,7,10,20
10/20/2024,P051,13,20,4,37
10/20/2024,P052,5,21,7,33
10/20/2024,P053,11,7,10,28
10/20/2024,P054,6,6,5,17
10/20/2024,P055,9,3,19,31
10/20/2024,P056,4,11,4,19
10/20/2024,P057,3,18,7,28
10/20/2024,P058,9,12,14,35
10/20/2024,P059,3,6,11,20
10/20/2024,P060,7,19,3,29
10/20/2024,P061,10,4,6,20
10/20/2024,P062,15,18,3,36
10/20/2024,P063,5,8,10,23
10/20/2024,P064,18,6,2,26
10/20/2024,P065,9,9,5,23
10/20/2024,P066,11,7,6,24
10/20/2024,P067,10,1,11,22
10/20/2024,P068,11,2,18,31
10/20/2024,P069,9,2,12,23
10/20/2024,P070,4,4,10,18
10/21/2024,P001,18,2,11,31
10/21/2024,P002,6,2,4,12
10/21/2024,P003,10,11,7,28
10/21/2024,P004,6,9,2,17
10/21/2024,P005,20,8,11,39
10/21/2024,P006,6,6,10,22
10/21/2024,P007,3,7,6,16
10/21/2024,P008,6,15,20,41
10/21/2024,P009,4,11,10,25
10/21/2024,P010,20,22,2,44
10/21/2024,P011,12,6,11,29
10/21/2024,P012,7,12,8,27
10/21/2024,P013,12,11,4,27
10/21/2024,P014,15,20,10,45
10/21/2024,P015,9,7,12,28
10/21/2024,P016,8,8,8,24
10/21/2024,P017,12,9,7,28
10/21/2024,P018,11,17,18,46
10/21/2024,P019,7,2,11,20
10/21/2024,P020,20,20,3,43
10/21/2024,P021,11,18,3,32
10/21/2024,P022,13,3,9,25
10/21/2024,P023,5,11,20,36
10/21/2024,P024,1,6,6,13
10/21/2024,P025,9,8,19,36
10/21/2024,P026,2,10,10,22
10/21/2024,P027,7,10,6,23
10/21/2024,P028,1,10,7,18
10/21/2024,P029,7,19,18,44
10/21/2024,P030,18,4,3,25
10/21/2024,P031,5,2,11,18
10/21/2024,P032,7,8,10,25
10/21/2024,P033,6,9,5,20
10/21/2024,P034,8,4,4,16
10/21/2024,P035,12,10,18,40
10/21/2024,P036,3,8,2,13
10/21/2024,P037,19,20,12,51
10/21/2024,P038,15,10,7,32
10/21/2024,P039,14,11,12,37
10/21/2024,P040,11,12,8,31
10/21/2024,P041,8,22,3,33
10/21/2024,P042,4,12,17,33
10/21/2024,P043,6,8,3,17
10/21/2024,P044,3,12,7,22
10/21/2024,P045,3,15,12,30
10/21/2024,P046,2,10,8,20
10/21/2024,P047,20,1,12,33
10/21/2024,P048,3,13,17,33
10/21/2024,P049,7,4,11,22
10/21/2024,P050,12,10,7,29
10/21/2024,P051,16,19,7,42
10/21/2024,P052,10,6,8,24
10/21/2024,P053,13,11,6,30
10/21/2024,P054,10,4,3,17
10/21/2024,P055,8,11,2,21
10/21/2024,P056,7,12,5,24
10/21/2024,P057,9,6,8,23
10/21/2024,P058,3,6,14,23
10/21/2024,P059,11,6,7,24
10/21/2024,P060,19,14,11,44
10/21/2024,P061,7,9,5,21
10/21/2024,P062,6,10,10,26
10/21/2024,P063,3,10,11,24
10/21/2024,P064,3,18,2,23
10/21/2024,P065,2,2,12,16
10/21/2024,P066,8,12,2,22
10/21/2024,P067,9,7,11,27
10/21/2024,P068,10,12,6,28
10/21/2024,P069,8,3,6,17
10/21/2024,P070,7,8,5,20
10/22/2024,P001,14,3,12,29
10/22/2024,P002,7,14,3,24
10/22/2024,P003,6,6,12,24
10/22/2024,P004,18,9,9,36
10/22/2024,P005,15,5,8,28
10/22/2024,P006,5,2,11,18
10/22/2024,P007,8,8,21,37
10/22/2024,P008,5,10,2,17
10/22/2024,P009,11,10,4,25
10/22/2024,P010,5,20,3,28
10/22/2024,P011,2,20,13,35
10/22/2024,P012,16,8,9,33
10/22/2024,P013,7,8,4,19
10/22/2024,P014,4,20,20,44
10/22/2024,P015,8,11,6,25
10/22/2024,P016,10,13,8,31
10/22/2024,P017,11,17,8,36
10/22/2024,P018,8,2,12,22
10/22/2024,P019,10,10,2,22
10/22/2024,P020,2,21,19,42
10/22/2024,P021,8,10,3,21
10/22/2024,P022,18,11,2,31
10/22/2024,P023,3,7,18,28
10/22/2024,P024,2,12,6,20
10/22/2024,P025,5,5,13,23
10/22/2024,P026,2,16,18,36
10/22/2024,P027,2,6,12,20
10/22/2024,P028,11,6,10,27
10/22/2024,P029,9,3,3,15
10/22/2024,P030,16,6,10,32
10/22/2024,P031,4,13,12,29
10/22/2024,P032,10,3,11,24
10/22/2024,P033,7,15,10,32
10/22/2024,P034,12,12,11,35
10/22/2024,P035,9,22,4,35
10/22/2024,P036,4,9,10,23
10/22/2024,P037,13,17,6,36
10/22/2024,P038,4,11,10,25
10/22/2024,P039,22,13,13,48
10/22/2024,P040,12,7,5,24
10/22/2024,P041,10,18,18,46
10/22/2024,P042,17,3,18,38
10/22/2024,P043,11,3,3,17
10/22/2024,P044,12,5,3,20
10/22/2024,P045,6,18,8,32
10/22/2024,P046,11,11,10,32
10/22/2024,P047,1,6,9,16
10/22/2024,P048,5,17,13,35
10/22/2024,P049,14,18,11,43
10/22/2024,P050,12,6,3,21
10/22/2024,P051,11,12,7,30
10/22/2024,P052,22,22,6,50
10/22/2024,P053,13,15,20,48
10/22/2024,P054,12,11,2,25
10/22/2024,P055,9,2,12,23
10/22/2024,P056,7,9,8,24
10/22/2024,P057,12,2,16,30
10/22/2024,P058,12,2,1,15
10/22/2024,P059,10,11,9,30
10/22/2024,P060,12,2,7,21
10/22/2024,P061,6,11,18,35
10/22/2024,P062,19,20,7,46
10/22/2024,P063,2,6,11,19
10/22/2024,P064,12,4,14,30
10/22/2024,P065,6,10,4,20
10/22/2024,P066,12,6,9,27
10/22/2024,P067,2,10,2,14
10/22/2024,P068,13,13,2,28
10/22/2024,P069,4,9,2,15
10/22/2024,P070,9,4,11,24
10/23/2024,P001,17,12,4,33
10/23/2024,P002,5,16,10,31
10/23/2024,P003,1,6,2,9
10/23/2024,P004,19,20,3,42
10/23/2024,P005,16,10,4,30
10/23/2024,P006,9,11,11,31
10/23/2024,P007,12,5,7,24
10/23/2024,P008,15,20,1,36
10/23/2024,P009,10,11,10,31
10/23/2024,P010,9,2,12,23
10/23/2024,P011,8,16,12,36
10/23/2024,P012,20,8,3,31
10/23/2024,P013,9,5,7,21
10/23/2024,P014,10,12,17,39
10/23/2024,P015,10,11,6,27
10/23/2024,P016,10,11,14,35
10/23/2024,P017,2,5,14,21
10/23/2024,P018,5,15,2,22
10/23/2024,P019,5,5,10,20
10/23/2024,P020,20,14,7,41
10/23/2024,P021,9,10,10,29
10/23/2024,P022,20,7,10,37
10/23/2024,P023,7,10,8,25
10/23/2024,P024,21,2,10,33
10/23/2024,P025,5,2,16,23
10/23/2024,P026,15,18,7,40
10/23/2024,P027,6,10,6,22
10/23/2024,P028,1,6,6,13
10/23/2024,P029,9,5,12,26
10/23/2024,P030,5,6,12,23
10/23/2024,P031,10,9,17,36
10/23/2024,P032,11,4,12,27
10/23/2024,P033,3,5,9,17
10/23/2024,P034,4,10,5,19
10/23/2024,P035,3,15,16,34
10/23/2024,P036,3,22,9,34
10/23/2024,P037,9,14,12,35
10/23/2024,P038,8,7,22,37
10/23/2024,P039,12,12,11,35
10/23/2024,P040,17,8,4,29
10/23/2024,P041,12,8,10,30
10/23/2024,P042,17,17,15,49
10/23/2024,P043,9,12,4,25
10/23/2024,P044,7,3,12,22
10/23/2024,P045,17,3,2,22
10/23/2024,P046,10,10,15,35
10/23/2024,P047,6,6,3,15
10/23/2024,P048,9,12,20,41
10/23/2024,P049,14,11,12,37
10/23/2024,P050,5,4,8,17
10/23/2024,P051,20,10,12,42
10/23/2024,P052,7,12,5,24
10/23/2024,P053,19,9,18,46
10/23/2024,P054,6,9,11,26
10/23/2024,P055,7,8,11,26
10/23/2024,P056,12,6,10,28
10/23/2024,P057,17,4,5,26
10/23/2024,P058,9,11,12,32
10/23/2024,P059,22,8,20,50
10/23/2024,P060,8,7,7,22
10/23/2024,P061,3,6,9,18
10/23/2024,P062,8,18,3,29
10/23/2024,P063,11,4,12,27
10/23/2024,P064,5,16,14,35
10/23/2024,P065,9,9,5,23
10/23/2024,P066,14,12,16,42
10/23/2024,P067,12,22,9,43
10/23/2024,P068,20,11,4,35
10/23/2024,P069,7,3,11,21
10/23/2024,P070,6,9,15,30
10/24/2024,P001,5,5,6,16
10/24/2024,P002,6,11,19,36
10/24/2024,P003,11,12,4,27
10/24/2024,P004,6,18,11,35
10/24/2024,P005,7,11,12,30
10/24/2024,P006,7,10,12,29
10/24/2024,P007,5,6,18,29
10/24/2024,P008,1,2,11,14
10/24/2024,P009,11,11,3,25
10/24/2024,P010,5,15,5,25
10/24/2024,P011,7,11,9,27
10/24/2024,P012,2,10,7,19
10/24/2024,P013,2,4,12,18
10/24/2024,P014,16,2,19,37
10/24/2024,P015,4,6,3,13
10/24/2024,P016,10,8,7,25
10/24/2024,P017,15,1,11,27
10/24/2024,P018,12,17,18,47
10/24/2024,P019,6,7,9,22
10/24/2024,P020,2,20,6,28
10/24/2024,P021,5,21,20,46
10/24/2024,P022,8,7,4,19
10/24/2024,P023,2,6,12,20
10/24/2024,P024,14,3,5,22
10/24/2024,P025,2,11,14,27
10/24/2024,P026,14,18,5,37
10/24/2024,P027,3,12,17,32
10/24/2024,P028,7,6,4,17
10/24/2024,P029,20,19,3,42
10/24/2024,P030,11,4,2,17
10/24/2024,P031,5,18,17,40
10/24/2024,P032,11,8,4,23
10/24/2024,P033,3,6,2,11
10/24/2024,P034,2,9,6,17
10/24/2024,P035,10,7,10,27
10/24/2024,P036,8,1,4,13
10/24/2024,P037,13,2,9,24
10/24/2024,P038,5,2,15,22
10/24/2024,P039,21,12,11,44
10/24/2024,P040,17,5,2,24
10/24/2024,P041,15,9,8,32
10/24/2024,P042,4,10,4,18
10/24/2024,P043,3,3,3,9
10/24/2024,P044,9,6,10,25
10/24/2024,P045,8,7,2,17
10/24/2024,P046,5,6,17,28
10/24/2024,P047,21,13,10,44
10/24/2024,P048,4,3,3,10
10/24/2024,P049,16,9,5,30
10/24/2024,P050,7,9,6,22
10/24/2024,P051,22,17,6,45
10/24/2024,P052,3,4,2,9
10/24/2024,P053,15,8,10,33
10/24/2024,P054,2,7,8,17
10/24/2024,P055,9,10,2,21
10/24/2024,P056,6,12,10,28
10/24/2024,P057,5,20,4,29
10/24/2024,P058,9,7,10,26
10/24/2024,P059,18,4,15,37
10/24/2024,P060,18,12,11,41
10/24/2024,P061,6,9,12,27
10/24/2024,P062,20,13,8,41
10/24/2024,P063,8,7,7,22
10/24/2024,P064,14,10,13,37
10/24/2024,P065,3,4,3,10
10/24/2024,P066,12,9,7,28
10/24/2024,P067,2,15,11,28
10/24/2024,P068,7,11,20,38
10/24/2024,P069,12,2,7,21
10/24/2024,P070,4,4,8,16
10/25/2024,P001,13,4,10,27
10/25/2024,P002,7,15,3,25
10/25/2024,P003,21,7,6,34
10/25/2024,P004,1,15,7,23
10/25/2024,P005,10,16,10,36
10/25/2024,P006,6,6,7,19
10/25/2024,P007,10,5,14,29
10/25/2024,P008,17,11,9,37
10/25/2024,P009,11,12,5,28
10/25/2024,P010,20,22,4,46
10/25/2024,P011,7,12,12,31
10/25/2024,P012,12,8,6,26
10/25/2024,P013,10,12,14,36
10/25/2024,P014,2,15,3,20
10/25/2024,P015,4,10,6,20
10/25/2024,P016,12,1,22,35
10/25/2024,P017,11,13,20,44
10/25/2024,P018,4,4,5,13
10/25/2024,P019,6,10,12,28
10/25/2024,P020,21,19,2,42
10/25/2024,P021,9,6,3,18
10/25/2024,P022,15,11,7,33
10/25/2024,P023,8,4,5,17
10/25/2024,P024,1,11,4,16
10/25/2024,P025,5,12,7,24
10/25/2024,P026,7,6,21,34
10/25/2024,P027,2,6,11,19
10/25/2024,P028,10,6,11,27
10/25/2024,P029,18,14,9,41
10/25/2024,P030,4,9,21,34
10/25/2024,P031,2,10,4,16
10/25/2024,P032,10,10,6,26
10/25/2024,P033,5,18,12,35
10/25/2024,P034,10,2,11,23
10/25/2024,P035,12,12,6,30
10/25/2024,P036,5,7,12,24
10/25/2024,P037,17,12,4,33
10/25/2024,P038,10,3,3,16
10/25/2024,P039,2,20,9,31
10/25/2024,P040,4,6,12,22
10/25/2024,P041,15,22,2,39
10/25/2024,P042,19,8,16,43
10/25/2024,P043,2,11,8,21
10/25/2024,P044,2,11,6,19
10/25/2024,P045,7,19,22,48
10/25/2024,P046,7,12,5,24
10/25/2024,P047,7,19,12,38
10/25/2024,P048,9,11,20,40
10/25/2024,P049,20,6,7,33
10/25/2024,P050,12,12,3,27
10/25/2024,P051,16,10,12,38
10/25/2024,P052,5,18,10,33
10/25/2024,P053,3,5,9,17
10/25/2024,P054,11,5,9,25
10/25/2024,P055,3,9,15,27
10/25/2024,P056,12,5,11,28
10/25/2024,P057,14,20,8,42
10/25/2024,P058,6,11,19,36
10/25/2024,P059,17,12,16,45
10/25/2024,P060,2,3,15,20
10/25/2024,P061,2,2,4,8
10/25/2024,P062,9,7,6,22
10/25/2024,P063,9,7,8,24
10/25/2024,P064,7,6,7,20
10/25/2024,P065,5,12,7,24
10/25/2024,P066,16,4,3,23
10/25/2024,P067,7,3,8,18
10/25/2024,P068,17,9,20,46
10/25/2024,P069,2,12,11,25
10/25/2024,P070,8,4,13,25
10/26/2024,P001,7,6,10,23
10/26/2024,P002,8,4,5,17
10/26/2024,P003,7,7,6,20
10/26/2024,P004,16,17,2,35
10/26/2024,P005,9,18,4,31
10/26/2024,P006,9,6,8,23
10/26/2024,P007,9,3,16,28
10/26/2024,P008,20,13,17,50
10/26/2024,P009,12,7,9,28
10/26/2024,P010,3,18,6,27
10/26/2024,P011,11,3,9,23
10/26/2024,P012,2,3,5,10
10/26/2024,P013,4,5,22,31
10/26/2024,P014,3,18,4,25
10/26/2024,P015,2,11,8,21
10/26/2024,P016,8,6,5,19
10/26/2024,P017,7,17,1,25
10/26/2024,P018,5,18,3,26
10/26/2024,P019,2,6,6,14
10/26/2024,P020,11,12,5,28
10/26/2024,P021,9,22,20,51
10/26/2024,P022,5,15,6,26
10/26/2024,P023,10,11,5,26
10/26/2024,P024,20,2,3,25
10/26/2024,P025,9,9,21,39
10/26/2024,P026,7,2,7,16
10/26/2024,P027,2,2,3,7
10/26/2024,P028,11,11,9,31
10/26/2024,P029,15,2,5,22
10/26/2024,P030,2,11,1,14
10/26/2024,P031,12,20,18,50
10/26/2024,P032,2,6,7,15
10/26/2024,P033,8,4,2,14
10/26/2024,P034,6,10,3,19
10/26/2024,P035,6,6,19,31
10/26/2024,P036,14,10,8,32
10/26/2024,P037,12,13,10,35
10/26/2024,P038,11,9,15,35
10/26/2024,P039,18,20,16,54
10/26/2024,P040,18,5,11,34
10/26/2024,P041,18,1,11,30
10/26/2024,P042,3,9,15,27
10/26/2024,P043,3,8,5,16
10/26/2024,P044,10,12,2,24
10/26/2024,P045,17,14,15,46
10/26/2024,P046,5,2,20,27
10/26/2024,P047,18,7,6,31
10/26/2024,P048,8,10,10,28
10/26/2024,P049,7,16,10,33
10/26/2024,P050,12,3,10,25
10/26/2024,P051,16,18,8,42
10/26/2024,P052,12,22,10,44
10/26/2024,P053,17,7,3,27
10/26/2024,P054,7,12,5,24
10/26/2024,P055,7,11,11,29
10/26/2024,P056,8,4,19,31
10/26/2024,P057,15,12,17,44
10/26/2024,P058,3,11,19,33
10/26/2024,P059,6,10,7,23
10/26/2024,P060,6,10,9,25
10/26/2024,P061,10,10,16,36
10/26/2024,P062,3,14,3,20
10/26/2024,P063,5,12,5,22
10/26/2024,P064,7,19,3,29
10/26/2024,P065,7,8,7,22
10/26/2024,P066,6,10,2,18
10/26/2024,P067,11,15,5,31
10/26/2024,P068,10,16,12,38
10/26/2024,P069,4,11,11,26
10/26/2024,P070,11,4,11,26
10/27/2024,P001,9,12,3,24
10/27/2024,P002,2,7,19,28
10/27/2024,P003,7,10,4,21
10/27/2024,P004,13,10,2,25
10/27/2024,P005,12,15,4,31
10/27/2024,P006,8,6,5,19
10/27/2024,P007,6,10,13,29
10/27/2024,P008,1,12,17,30
10/27/2024,P009,7,8,7,22
10/27/2024,P010,4,8,12,24
10/27/2024,P011,8,17,3,28
10/27/2024,P012,20,12,5,37
10/27/2024,P013,7,3,16,26
10/27/2024,P014,8,3,19,30
10/27/2024,P015,6,10,2,18
10/27/2024,P016,5,6,20,31
10/27/2024,P017,9,12,17,38
10/27/2024,P018,9,11,7,27
10/27/2024,P019,3,4,6,13
10/27/2024,P020,18,10,8,36
10/27/2024,P021,5,12,13,30
10/27/2024,P022,12,9,3,24
10/27/2024,P023,12,9,13,34
10/27/2024,P024,15,8,2,25
10/27/2024,P025,3,6,12,21
10/27/2024,P026,14,4,6,24
10/27/2024,P027,10,11,2,23
10/27/2024,P028,14,8,7,29
10/27/2024,P029,17,7,20,44
10/27/2024,P030,3,6,19,28
10/27/2024,P031,12,18,11,41
10/27/2024,P032,3,4,5,12
10/27/2024,P033,10,16,7,33
10/27/2024,P034,2,9,5,16
10/27/2024,P035,9,12,2,23
10/27/2024,P036,11,22,2,35
10/27/2024,P037,3,11,12,26
10/27/2024,P038,16,3,19,38
10/27/2024,P039,6,7,5,18
10/27/2024,P040,11,3,11,25
10/27/2024,P041,5,7,4,16
10/27/2024,P042,12,5,18,35
10/27/2024,P043,7,9,14,30
10/27/2024,P044,4,12,10,26
10/27/2024,P045,9,17,19,45
10/27/2024,P046,11,2,1,14
10/27/2024,P047,14,19,9,42
10/27/2024,P048,11,18,10,39
10/27/2024,P049,16,15,5,36
10/27/2024,P050,2,4,10,16
10/27/2024,P051,18,15,6,39
10/27/2024,P052,4,20,4,28
10/27/2024,P053,17,20,22,59
10/27/2024,P054,11,6,9,26
10/27/2024,P055,7,11,7,25
10/27/2024,P056,6,4,19,29
10/27/2024,P057,18,2,14,34
10/27/2024,P058,10,6,12,28
10/27/2024,P059,19,4,10,33
10/27/2024,P060,2,18,8,28
10/27/2024,P061,9,6,17,32
10/27/2024,P062,10,22,10,42
10/27/2024,P063,9,6,6,21
10/27/2024,P064,3,2,11,16
10/27/2024,P065,9,2,10,21
10/27/2024,P066,10,12,10,32
10/27/2024,P067,4,19,4,27
10/27/2024,P068,8,5,2,15
10/27/2024,P069,6,2,6,14
10/27/2024,P070,7,9,8,24
10/28/2024,P001,15,2,5,22
10/28/2024,P002,7,19,14,40
10/28/2024,P003,16,7,9,32
10/28/2024,P004,18,6,9,33
10/28/2024,P005,17,17,2,36
10/28/2024,P006,5,6,6,17
10/28/2024,P007,2,4,7,13
10/28/2024,P008,19,12,15,46
10/28/2024,P009,8,5,12,25
10/28/2024,P010,15,9,2,26
10/28/2024,P011,2,10,6,18
10/28/2024,P012,14,3,11,28
10/28/2024,P013,6,6,16,28
10/28/2024,P014,6,7,14,27
10/28/2024,P015,11,6,8,25
10/28/2024,P016,3,13,7,23
10/28/2024,P017,20,3,18,41
10/28/2024,P018,6,9,8,23
10/28/2024,P019,3,9,8,20
10/28/2024,P020,6,17,1,24
10/28/2024,P021,4,4,6,14
10/28/2024,P022,20,8,6,34
10/28/2024,P023,12,7,17,36
10/28/2024,P024,7,10,4,21
10/28/2024,P025,12,12,20,44
10/28/2024,P026,15,20,3,38
10/28/2024,P027,7,7,14,28
10/28/2024,P028,16,4,5,25
10/28/2024,P029,10,12,9,31
10/28/2024,P030,12,9,1,22
10/28/2024,P031,9,13,14,36
10/28/2024,P032,8,7,6,21
10/28/2024,P033,8,10,11,29
10/28/2024,P034,9,4,4,17
10/28/2024,P035,5,9,20,34
10/28/2024,P036,12,15,6,33
10/28/2024,P037,3,11,19,33
10/28/2024,P038,18,2,10,30
10/28/2024,P039,18,14,6,38
10/28/2024,P040,14,10,7,31
10/28/2024,P041,2,11,18,31
10/28/2024,P042,19,2,3,24
10/28/2024,P043,12,11,11,34
10/28/2024,P044,7,8,10,25
10/28/2024,P045,4,11,15,30
10/28/2024,P046,2,9,15,26
10/28/2024,P047,16,6,5,27
10/28/2024,P048,2,16,12,30
10/28/2024,P049,19,15,6,40
10/28/2024,P050,7,10,12,29
10/28/2024,P051,5,5,2,12
10/28/2024,P052,8,16,4,28
10/28/2024,P053,11,16,20,47
10/28/2024,P054,11,6,9,26
10/28/2024,P055,9,11,9,29
10/28/2024,P056,2,8,2,12
10/28/2024,P057,3,15,4,22
10/28/2024,P058,2,10,14,26
10/28/2024,P059,1,4,9,14
10/28/2024,P060,15,6,5,26
10/28/2024,P061,6,2,19,27
10/28/2024,P062,4,4,10,18
10/28/2024,P063,9,12,5,26
10/28/2024,P064,8,20,14,42
10/28/2024,P065,6,6,9,21
10/28/2024,P066,1,19,10,30
10/28/2024,P067,5,10,12,27
10/28/2024,P068,5,6,15,26
10/28/2024,P069,6,12,10,28
10/28/2024,P070,7,4,1,12
10/29/2024,P001,2,11,9,22
10/29/2024,P002,6,12,2,20
10/29/2024,P003,6,6,11,23
10/29/2024,P004,3,20,11,34
10/29/2024,P005,12,7,7,26
10/29/2024,P006,7,11,5,23
10/29/2024,P007,11,10,21,42
10/29/2024,P008,19,20,5,44
10/29/2024,P009,5,6,9,20
10/29/2024,P010,7,22,11,40
10/29/2024,P011,6,8,5,19
10/29/2024,P012,11,11,9,31
10/29/2024,P013,3,11,9,23
10/29/2024,P014,4,19,9,32
10/29/2024,P015,11,12,11,34
10/29/2024,P016,4,19,21,44
10/29/2024,P017,15,11,10,36
10/29/2024,P018,5,6,16,27
10/29/2024,P019,8,12,9,29
10/29/2024,P020,5,10,10,25
10/29/2024,P021,11,18,21,50
10/29/2024,P022,5,5,9,19
10/29/2024,P023,2,5,18,25
10/29/2024,P024,16,9,11,36
10/29/2024,P025,7,5,17,29
10/29/2024,P026,4,20,4,28
10/29/2024,P027,11,11,10,32
10/29/2024,P028,20,12,12,44
10/29/2024,P029,6,3,8,17
10/29/2024,P030,11,2,7,20
10/29/2024,P031,8,7,18,33
10/29/2024,P032,9,7,7,23
10/29/2024,P033,12,6,4,22
10/29/2024,P034,3,12,7,22
10/29/2024,P035,5,4,18,27
10/29/2024,P036,17,3,6,26
10/29/2024,P037,4,9,13,26
10/29/2024,P038,15,12,18,45
10/29/2024,P039,19,21,12,52
10/29/2024,P040,18,4,10,32
10/29/2024,P041,16,7,3,26
10/29/2024,P042,2,14,10,26
10/29/2024,P043,10,6,12,28
10/29/2024,P044,6,6,2,14
10/29/2024,P045,7,16,9,32
10/29/2024,P046,5,3,3,11
10/29/2024,P047,13,21,5,39
10/29/2024,P048,3,7,4,14
10/29/2024,P049,13,5,6,24
10/29/2024,P050,2,7,5,14
10/29/2024,P051,1,20,7,28
10/29/2024,P052,9,16,2,27
10/29/2024,P053,15,11,2,28
10/29/2024,P054,6,3,5,14
10/29/2024,P055,2,8,20,30
10/29/2024,P056,7,3,12,22
10/29/2024,P057,6,18,2,26
10/29/2024,P058,11,11,20,42
10/29/2024,P059,13,2,12,27
10/29/2024,P060,6,20,7,33
10/29/2024,P061,2,5,15,22
10/29/2024,P062,3,2,12,17
10/29/2024,P063,5,8,3,16
10/29/2024,P064,9,18,2,29
10/29/2024,P065,12,6,9,27
10/29/2024,P066,9,13,15,37
10/29/2024,P067,9,18,5,32
10/29/2024,P068,10,12,18,40
10/29/2024,P069,4,7,11,22
10/29/2024,P070,9,5,6,20
10/30/2024,P001,7,7,5,19
10/30/2024,P002,4,8,7,19
10/30/2024,P003,22,3,6,31
10/30/2024,P004,9,18,8,35
10/30/2024,P005,12,6,6,24
10/30/2024,P006,3,8,3,14
10/30/2024,P007,7,3,19,29
10/30/2024,P008,22,20,1,43
10/30/2024,P009,6,5,3,14
10/30/2024,P010,9,1,7,17
10/30/2024,P011,9,9,10,28
10/30/2024,P012,16,8,8,32
10/30/2024,P013,6,12,1,19
10/30/2024,P014,11,14,14,39
10/30/2024,P015,3,2,8,13
10/30/2024,P016,6,7,21,34
10/30/2024,P017,16,10,5,31
10/30/2024,P018,9,16,5,30
10/30/2024,P019,12,3,8,23
10/30/2024,P020,15,18,11,44
10/30/2024,P021,10,22,22,54
10/30/2024,P022,9,7,8,24
10/30/2024,P023,8,12,18,38
10/30/2024,P024,20,11,11,42
10/30/2024,P025,9,4,15,28
10/30/2024,P026,10,12,4,26
10/30/2024,P027,10,11,20,41
10/30/2024,P028,8,10,6,24
10/30/2024,P029,20,10,8,38
10/30/2024,P030,9,10,8,27
10/30/2024,P031,4,14,12,30
10/30/2024,P032,3,12,8,23
10/30/2024,P033,2,19,5,26
10/30/2024,P034,11,8,9,28
10/30/2024,P035,2,10,8,20
10/30/2024,P036,17,15,10,42
10/30/2024,P037,3,16,16,35
10/30/2024,P038,17,11,7,35
10/30/2024,P039,6,3,6,15
10/30/2024,P040,12,10,6,28
10/30/2024,P041,11,7,12,30
10/30/2024,P042,7,16,12,35
10/30/2024,P043,3,6,17,26
10/30/2024,P044,3,12,5,20
10/30/2024,P045,20,19,21,60
10/30/2024,P046,8,2,9,19
10/30/2024,P047,7,19,2,28
10/30/2024,P048,12,10,19,41
10/30/2024,P049,7,7,2,16
10/30/2024,P050,10,12,8,30
10/30/2024,P051,10,18,3,31
10/30/2024,P052,4,19,5,28
10/30/2024,P053,20,9,8,37
10/30/2024,P054,10,6,4,20
10/30/2024,P055,9,3,15,27
10/30/2024,P056,3,7,11,21
10/30/2024,P057,17,3,4,24
10/30/2024,P058,10,10,6,26
10/30/2024,P059,9,7,17,33
10/30/2024,P060,3,2,20,25
10/30/2024,P061,11,9,13,33
10/30/2024,P062,19,4,5,28
10/30/2024,P063,4,6,10,20
10/30/2024,P064,12,8,16,36
10/30/2024,P065,9,10,10,29
10/30/2024,P066,10,16,9,35
10/30/2024,P067,2,7,3,12
10/30/2024,P068,16,6,3,25
10/30/2024,P069,9,12,10,31
10/30/2024,P070,3,3,6,12
10/31/2024,P001,11,11,10,32
10/31/2024,P002,5,18,12,35
10/31/2024,P003,4,6,9,19
10/31/2024,P004,17,10,4,31
10/31/2024,P005,20,3,4,27
10/31/2024,P006,7,4,10,21
10/31/2024,P007,6,5,9,20
10/31/2024,P008,18,7,20,45
10/31/2024,P009,5,3,10,18
10/31/2024,P010,20,7,11,38
10/31/2024,P011,10,5,14,29
10/31/2024,P012,2,9,4,15
10/31/2024,P013,9,12,12,33
10/31/2024,P014,4,17,2,23
10/31/2024,P015,2,2,6,10
10/31/2024,P016,5,19,4,28
10/31/2024,P017,7,18,12,37
10/31/2024,P018,7,15,4,26
10/31/2024,P019,5,4,2,11
10/31/2024,P020,1,15,4,20
10/31/2024,P021,11,20,4,35
10/31/2024,P022,5,20,9,34
10/31/2024,P023,7,6,2,15
10/31/2024,P024,2,11,6,19
10/31/2024,P025,2,4,21,27
10/31/2024,P026,16,2,7,25
10/31/2024,P027,8,6,17,31
10/31/2024,P028,4,4,6,14
10/31/2024,P029,18,18,14,50
10/31/2024,P030,10,6,14,30
10/31/2024,P031,5,22,2,29
10/31/2024,P032,7,6,2,15
10/31/2024,P033,5,2,9,16
10/31/2024,P034,7,2,2,11
10/31/2024,P035,5,12,12,29
10/31/2024,P036,2,19,5,26
10/31/2024,P037,8,5,14,27
10/31/2024,P038,7,2,5,14
10/31/2024,P039,1,9,17,27
10/31/2024,P040,2,3,4,9
10/31/2024,P041,16,12,3,31
10/31/2024,P042,11,11,2,24
10/31/2024,P043,2,12,17,31
10/31/2024,P044,6,2,12,20
10/31/2024,P045,7,2,11,20
10/31/2024,P046,2,9,11,22
10/31/2024,P047,21,1,5,27
10/31/2024,P048,5,22,8,35
10/31/2024,P049,3,3,3,9
10/31/2024,P050,5,9,2,16
10/31/2024,P051,21,3,7,31
10/31/2024,P052,2,8,9,19
10/31/2024,P053,3,15,3,21
10/31/2024,P054,11,8,11,30
10/31/2024,P055,8,5,16,29
10/31/2024,P056,7,4,2,13
10/31/2024,P057,8,7,10,25
10/31/2024,P058,5,6,13,24
10/31/2024,P059,17,6,12,35
10/31/2024,P060,12,17,16,45
10/31/2024,P061,8,7,11,26
10/31/2024,P062,11,17,8,36
10/31/2024,P063,11,2,4,17
10/31/2024,P064,15,12,11,38
10/31/2024,P065,7,5,6,18
10/31/2024,P066,21,14,14,49
10/31/2024,P067,5,5,6,16
10/31/2024,P068,18,17,7,42
10/31/2024,P069,11,10,6,27
10/31/2024,P070,2,2,13,17
11/1/2024,P001,18,8,8,34
11/1/2024,P002,5,2,3,10
11/1/2024,P003,16,2,2,20
11/1/2024,P004,10,9,2,21
11/1/2024,P005,16,17,8,41
11/1/2024,P006,5,12,4,21
11/1/2024,P007,8,9,12,29
11/1/2024,P008,22,14,20,56
11/1/2024,P009,3,10,12,25
11/1/2024,P010,4,11,8,23
11/1/2024,P011,3,2,4,9
11/1/2024,P012,8,11,7,26
11/1/2024,P013,8,8,3,19
11/1/2024,P014,19,11,19,49
11/1/2024,P015,4,9,12,25
11/1/2024,P016,6,6,8,20
11/1/2024,P017,10,16,8,34
11/1/2024,P018,6,15,8,29
11/1/2024,P019,10,10,10,30
11/1/2024,P020,17,5,6,28
11/1/2024,P021,11,16,20,47
11/1/2024,P022,20,16,7,43
11/1/2024,P023,7,6,6,19
11/1/2024,P024,12,11,6,29
11/1/2024,P025,10,8,2,20
11/1/2024,P026,2,15,12,29
11/1/2024,P027,4,10,19,33
11/1/2024,P028,12,4,3,19
11/1/2024,P029,10,6,7,23
11/1/2024,P030,9,2,11,22
11/1/2024,P031,12,4,18,34
11/1/2024,P032,6,12,7,25
11/1/2024,P033,7,20,2,29
11/1/2024,P034,2,6,12,20
11/1/2024,P035,9,19,5,33
11/1/2024,P036,3,10,4,17
11/1/2024,P037,5,6,7,18
11/1/2024,P038,6,12,21,39
11/1/2024,P039,16,4,11,31
11/1/2024,P040,18,5,11,34
11/1/2024,P041,15,3,9,27
11/1/2024,P042,14,15,21,50
11/1/2024,P043,5,7,4,16
11/1/2024,P044,9,3,2,14
11/1/2024,P045,18,19,17,54
11/1/2024,P046,5,3,20,28
11/1/2024,P047,19,10,9,38
11/1/2024,P048,4,12,16,32
11/1/2024,P049,6,9,3,18
11/1/2024,P050,6,5,8,19
11/1/2024,P051,17,12,9,38
11/1/2024,P052,9,18,9,36
11/1/2024,P053,20,4,5,29
11/1/2024,P054,10,2,10,22
11/1/2024,P055,9,9,7,25
11/1/2024,P056,9,11,15,35
11/1/2024,P057,7,19,18,44
11/1/2024,P058,7,12,8,27
11/1/2024,P059,5,4,12,21
11/1/2024,P060,20,8,11,39
11/1/2024,P061,10,6,3,19
11/1/2024,P062,5,20,2,27
11/1/2024,P063,10,7,10,27
11/1/2024,P064,2,5,9,16
11/1/2024,P065,5,4,7,16
11/1/2024,P066,6,7,8,21
11/1/2024,P067,11,21,11,43
11/1/2024,P068,18,11,19,48
11/1/2024,P069,6,12,12,30
11/1/2024,P070,10,11,19,40
11/2/2024,P001,9,12,3,24
11/2/2024,P002,9,6,10,25
11/2/2024,P003,12,10,10,32
11/2/2024,P004,8,3,6,17
11/2/2024,P005,18,13,4,35
11/2/2024,P006,4,10,10,24
11/2/2024,P007,10,7,12,29
11/2/2024,P008,18,21,21,60
11/2/2024,P009,10,4,6,20
11/2/2024,P010,7,7,12,26
11/2/2024,P011,10,14,3,27
11/2/2024,P012,8,6,12,26
11/2/2024,P013,9,6,11,26
11/2/2024,P014,11,16,11,38
11/2/2024,P015,2,3,2,7
11/2/2024,P016,9,21,14,44
11/2/2024,P017,9,7,22,38
11/2/2024,P018,9,5,17,31
11/2/2024,P019,9,7,6,22
11/2/2024,P020,20,20,3,43
11/2/2024,P021,12,16,16,44
11/2/2024,P022,3,11,9,23
11/2/2024,P023,11,3,12,26
11/2/2024,P024,2,8,7,17
11/2/2024,P025,4,3,7,14
11/2/2024,P026,3,18,14,35
11/2/2024,P027,5,11,3,19
11/2/2024,P028,7,2,6,15
11/2/2024,P029,9,20,22,51
11/2/2024,P030,5,5,20,30
11/2/2024,P031,6,2,5,13
11/2/2024,P032,5,8,6,19
11/2/2024,P033,9,18,5,32
11/2/2024,P034,2,6,12,20
11/2/2024,P035,3,13,5,21
11/2/2024,P036,8,18,3,29
11/2/2024,P037,14,12,21,47
11/2/2024,P038,3,7,7,17
11/2/2024,P039,13,3,3,19
11/2/2024,P040,5,9,9,23
11/2/2024,P041,4,19,5,28
11/2/2024,P042,4,4,1,9
11/2/2024,P043,6,7,18,31
11/2/2024,P044,8,11,6,25
11/2/2024,P045,18,11,2,31
11/2/2024,P046,5,12,20,37
11/2/2024,P047,9,8,3,20
11/2/2024,P048,6,1,12,19
11/2/2024,P049,5,18,8,31
11/2/2024,P050,2,3,7,12
11/2/2024,P051,16,4,10,30
11/2/2024,P052,5,8,8,21
11/2/2024,P053,11,8,9,28
11/2/2024,P054,6,8,11,25
11/2/2024,P055,12,4,10,26
11/2/2024,P056,10,3,11,24
11/2/2024,P057,17,14,12,43
11/2/2024,P058,5,2,6,13
11/2/2024,P059,1,8,20,29
11/2/2024,P060,7,12,9,28
11/2/2024,P061,11,2,10,23
11/2/2024,P062,13,13,8,34
11/2/2024,P063,11,3,3,17
11/2/2024,P064,2,5,18,25
11/2/2024,P065,12,3,10,25
11/2/2024,P066,2,21,18,41
11/2/2024,P067,11,7,12,30
11/2/2024,P068,6,3,14,23
11/2/2024,P069,9,3,2,14
11/2/2024,P070,5,8,7,20
11/3/2024,P001,17,4,2,23
11/3/2024,P002,7,2,18,27
11/3/2024,P003,22,9,6,37
11/3/2024,P004,21,22,6,49
11/3/2024,P005,19,8,9,36
11/3/2024,P006,4,4,3,11
11/3/2024,P007,8,12,13,33
11/3/2024,P008,14,3,9,26
11/3/2024,P009,4,10,9,23
11/3/2024,P010,19,7,4,30
11/3/2024,P011,7,16,10,33
11/3/2024,P012,2,6,2,10
11/3/2024,P013,7,12,10,29
11/3/2024,P014,13,19,14,46
11/3/2024,P015,6,2,9,17
11/3/2024,P016,12,19,18,49
11/3/2024,P017,12,10,11,33
11/3/2024,P018,8,7,14,29
11/3/2024,P019,6,12,9,27
11/3/2024,P020,1,18,1,20
11/3/2024,P021,7,19,16,42
11/3/2024,P022,4,9,9,22
11/3/2024,P023,8,6,11,25
11/3/2024,P024,20,3,8,31
11/3/2024,P025,7,7,6,20
11/3/2024,P026,8,3,22,33
11/3/2024,P027,11,10,4,25
11/3/2024,P028,15,7,8,30
11/3/2024,P029,3,2,5,10
11/3/2024,P030,17,9,1,27
11/3/2024,P031,6,4,3,13
11/3/2024,P032,5,6,4,15
11/3/2024,P033,8,8,11,27
11/3/2024,P034,9,10,4,23
11/3/2024,P035,12,16,13,41
11/3/2024,P036,6,7,2,15
11/3/2024,P037,11,6,12,29
11/3/2024,P038,17,12,6,35
11/3/2024,P039,18,17,2,37
11/3/2024,P040,3,7,7,17
11/3/2024,P041,12,8,20,40
11/3/2024,P042,13,7,19,39
11/3/2024,P043,7,10,11,28
11/3/2024,P044,9,2,11,22
11/3/2024,P045,13,15,17,45
11/3/2024,P046,10,3,15,28
11/3/2024,P047,12,19,12,43
11/3/2024,P048,12,10,11,33
11/3/2024,P049,20,6,12,38
11/3/2024,P050,8,6,7,21
11/3/2024,P051,13,10,6,29
11/3/2024,P052,3,19,5,27
11/3/2024,P053,8,5,4,17
11/3/2024,P054,12,11,11,34
11/3/2024,P055,3,9,9,21
11/3/2024,P056,6,4,7,17
11/3/2024,P057,9,17,7,33
11/3/2024,P058,11,2,3,16
11/3/2024,P059,13,4,16,33
11/3/2024,P060,15,16,15,46
11/3/2024,P061,7,5,5,17
11/3/2024,P062,11,15,7,33
11/3/2024,P063,11,7,5,23
11/3/2024,P064,14,13,18,45
11/3/2024,P065,4,2,11,17
11/3/2024,P066,9,12,19,40
11/3/2024,P067,2,6,12,20
11/3/2024,P068,2,2,17,21
11/3/2024,P069,2,11,2,15
11/3/2024,P070,7,9,19,35
11/4/2024,P001,6,2,2,10
11/4/2024,P002,9,15,6,30
11/4/2024,P003,2,6,2,10
11/4/2024,P004,15,20,2,37
11/4/2024,P005,13,10,4,27
11/4/2024,P006,3,4,5,12
11/4/2024,P007,9,9,21,39
11/4/2024,P008,11,9,22,42
11/4/2024,P009,10,3,5,18
11/4/2024,P010,10,12,2,24
11/4/2024,P011,4,11,19,34
11/4/2024,P012,5,12,4,21
11/4/2024,P013,9,2,22,33
11/4/2024,P014,10,2,7,19
11/4/2024,P015,6,9,4,19
11/4/2024,P016,6,1,14,21
11/4/2024,P017,17,22,4,43
11/4/2024,P018,5,3,4,12
11/4/2024,P019,2,9,4,15
11/4/2024,P020,19,3,3,25
11/4/2024,P021,8,8,4,20
11/4/2024,P022,15,15,20,50
11/4/2024,P023,2,8,10,20
11/4/2024,P024,14,5,9,28
11/4/2024,P025,6,4,10,20
11/4/2024,P026,6,7,16,29
11/4/2024,P027,12,6,19,37
11/4/2024,P028,11,6,2,19
11/4/2024,P029,22,17,20,59
11/4/2024,P030,5,7,17,29
11/4/2024,P031,9,17,7,33
11/4/2024,P032,11,2,5,18
11/4/2024,P033,10,12,11,33
11/4/2024,P034,11,5,11,27
11/4/2024,P035,7,14,17,38
11/4/2024,P036,4,5,4,13
11/4/2024,P037,12,17,20,49
11/4/2024,P038,13,10,3,26
11/4/2024,P039,3,11,14,28
11/4/2024,P040,7,12,5,24
11/4/2024,P041,16,18,9,43
11/4/2024,P042,17,19,1,37
11/4/2024,P043,7,7,14,28
11/4/2024,P044,7,8,5,20
11/4/2024,P045,18,8,6,32
11/4/2024,P046,11,10,2,23
11/4/2024,P047,12,9,7,28
11/4/2024,P048,2,17,14,33
11/4/2024,P049,12,6,5,23
11/4/2024,P050,9,7,2,18
11/4/2024,P051,2,5,5,12
11/4/2024,P052,11,15,2,28
11/4/2024,P053,20,10,9,39
11/4/2024,P054,2,8,12,22
11/4/2024,P055,11,8,12,31
11/4/2024,P056,5,11,9,25
11/4/2024,P057,4,11,3,18
11/4/2024,P058,2,9,9,20
11/4/2024,P059,17,9,18,44
11/4/2024,P060,17,8,4,29
11/4/2024,P061,8,12,18,38
11/4/2024,P062,17,15,7,39
11/4/2024,P063,12,9,9,30
11/4/2024,P064,14,17,17,48
11/4/2024,P065,5,4,11,20
11/4/2024,P066,16,20,14,50
11/4/2024,P067,9,3,8,20
11/4/2024,P068,4,14,11,29
11/4/2024,P069,10,4,9,23
11/4/2024,P070,10,5,6,21
11/5/2024,P001,20,10,8,38
11/5/2024,P002,5,6,20,31
11/5/2024,P003,3,2,5,10
11/5/2024,P004,20,2,11,33
11/5/2024,P005,9,12,4,25
11/5/2024,P006,3,2,9,14
11/5/2024,P007,6,3,1,10
11/5/2024,P008,4,4,14,22
11/5/2024,P009,3,5,5,13
11/5/2024,P010,17,3,10,30
11/5/2024,P011,10,15,3,28
11/5/2024,P012,18,7,6,31
11/5/2024,P013,9,3,18,30
11/5/2024,P014,4,19,2,25
11/5/2024,P015,6,3,3,12
11/5/2024,P016,7,10,22,39
11/5/2024,P017,12,12,15,39
11/5/2024,P018,7,9,2,18
11/5/2024,P019,11,5,7,23
11/5/2024,P020,19,12,6,37
11/5/2024,P021,5,18,5,28
11/5/2024,P022,7,4,18,29
11/5/2024,P023,6,2,13,21
11/5/2024,P024,11,9,6,26
11/5/2024,P025,3,11,6,20
11/5/2024,P026,4,19,16,39
11/5/2024,P027,7,12,14,33
11/5/2024,P028,18,4,8,30
11/5/2024,P029,20,8,7,35
11/5/2024,P030,2,6,18,26
11/5/2024,P031,9,20,8,37
11/5/2024,P032,9,7,5,21
11/5/2024,P033,4,5,2,11
11/5/2024,P034,8,4,7,19
11/5/2024,P035,9,7,18,34
11/5/2024,P036,11,21,11,43
11/5/2024,P037,17,11,17,45
11/5/2024,P038,8,12,4,24
11/5/2024,P039,9,22,10,41
11/5/2024,P040,8,9,12,29
11/5/2024,P041,18,16,8,42
11/5/2024,P042,5,12,7,24
11/5/2024,P043,9,6,18,33
11/5/2024,P044,9,10,11,30
11/5/2024,P045,16,3,3,22
11/5/2024,P046,6,12,3,21
11/5/2024,P047,13,11,9,33
11/5/2024,P048,11,10,9,30
11/5/2024,P049,18,11,10,39
11/5/2024,P050,8,3,5,16
11/5/2024,P051,15,12,4,31
11/5/2024,P052,4,4,12,20
11/5/2024,P053,6,11,8,25
11/5/2024,P054,2,6,7,15
11/5/2024,P055,5,11,17,33
11/5/2024,P056,4,2,20,26
11/5/2024,P057,7,16,11,34
11/5/2024,P058,5,3,10,18
11/5/2024,P059,12,4,19,35
11/5/2024,P060,2,7,8,17
11/5/2024,P061,8,7,6,21
11/5/2024,P062,21,6,2,29
11/5/2024,P063,7,10,7,24
11/5/2024,P064,13,18,15,46
11/5/2024,P065,3,11,3,17
11/5/2024,P066,7,17,10,34
11/5/2024,P067,11,4,6,21
11/5/2024,P068,20,10,16,46
11/5/2024,P069,6,8,3,17
11/5/2024,P070,6,9,21,36
11/6/2024,P001,17,6,7,30
11/6/2024,P002,7,3,2,12
11/6/2024,P003,9,11,9,29
11/6/2024,P004,19,15,10,44
11/6/2024,P005,13,15,4,32
11/6/2024,P006,6,7,7,20
11/6/2024,P007,8,10,19,37
11/6/2024,P008,12,3,9,24
11/6/2024,P009,5,9,2,16
11/6/2024,P010,17,19,6,42
11/6/2024,P011,3,4,5,12
11/6/2024,P012,15,7,6,28
11/6/2024,P013,20,11,17,48
11/6/2024,P014,10,11,19,40
11/6/2024,P015,7,12,2,21
11/6/2024,P016,11,8,16,35
11/6/2024,P017,12,1,12,25
11/6/2024,P018,3,18,4,25
11/6/2024,P019,7,3,8,18
11/6/2024,P020,22,4,9,35
11/6/2024,P021,6,8,19,33
11/6/2024,P022,9,8,15,32
11/6/2024,P023,9,8,20,37
11/6/2024,P024,16,4,8,28
11/6/2024,P025,6,3,11,20
11/6/2024,P026,11,14,9,34
11/6/2024,P027,7,2,9,18
11/6/2024,P028,8,8,11,27
11/6/2024,P029,2,12,21,35
11/6/2024,P030,18,2,10,30
11/6/2024,P031,9,13,16,38
11/6/2024,P032,8,3,9,20
11/6/2024,P033,7,5,9,21
11/6/2024,P034,4,3,10,17
11/6/2024,P035,2,21,18,41
11/6/2024,P036,4,7,11,22
11/6/2024,P037,17,3,15,35
11/6/2024,P038,10,3,4,17
11/6/2024,P039,17,22,20,59
11/6/2024,P040,16,3,6,25
11/6/2024,P041,7,3,8,18
11/6/2024,P042,19,8,8,35
11/6/2024,P043,10,3,12,25
11/6/2024,P044,9,9,2,20
11/6/2024,P045,5,20,19,44
11/6/2024,P046,5,3,3,11
11/6/2024,P047,21,14,2,37
11/6/2024,P048,7,16,19,42
11/6/2024,P049,12,13,9,34
11/6/2024,P050,9,11,7,27
11/6/2024,P051,19,20,5,44
11/6/2024,P052,10,4,3,17
11/6/2024,P053,16,16,11,43
11/6/2024,P054,9,12,8,29
11/6/2024,P055,9,2,12,23
11/6/2024,P056,5,8,15,28
11/6/2024,P057,20,19,7,46
11/6/2024,P058,8,2,1,11
11/6/2024,P059,3,4,13,20
11/6/2024,P060,2,2,5,9
11/6/2024,P061,5,12,17,34
11/6/2024,P062,10,6,5,21
11/6/2024,P063,8,6,12,26
11/6/2024,P064,7,18,8,33
11/6/2024,P065,7,11,12,30
11/6/2024,P066,3,15,1,19
11/6/2024,P067,8,4,12,24
11/6/2024,P068,20,20,19,59
11/6/2024,P069,2,9,2,13
11/6/2024,P070,4,9,19,32
11/7/2024,P001,14,2,3,19
11/7/2024,P002,4,12,17,33
11/7/2024,P003,11,8,7,26
11/7/2024,P004,15,22,6,43
11/7/2024,P005,17,15,9,41
11/7/2024,P006,6,6,12,24
11/7/2024,P007,8,12,12,32
11/7/2024,P008,20,17,6,43
11/7/2024,P009,9,7,5,21
11/7/2024,P010,18,8,2,28
11/7/2024,P011,2,7,19,28
11/7/2024,P012,1,10,4,15
11/7/2024,P013,18,2,6,26
11/7/2024,P014,2,15,3,20
11/7/2024,P015,6,3,8,17
11/7/2024,P016,11,19,10,40
11/7/2024,P017,20,10,9,39
11/7/2024,P018,7,6,10,23
11/7/2024,P019,6,6,7,19
11/7/2024,P020,18,10,7,35
11/7/2024,P021,5,19,9,33
11/7/2024,P022,20,5,17,42
11/7/2024,P023,10,11,7,28
11/7/2024,P024,2,9,10,21
11/7/2024,P025,9,4,21,34
11/7/2024,P026,4,17,1,22
11/7/2024,P027,10,2,14,26
11/7/2024,P028,6,4,8,18
11/7/2024,P029,15,16,21,52
11/7/2024,P030,6,5,5,16
11/7/2024,P031,12,15,5,32
11/7/2024,P032,4,7,7,18
11/7/2024,P033,9,13,11,33
11/7/2024,P034,2,2,11,15
11/7/2024,P035,10,12,2,24
11/7/2024,P036,19,6,6,31
11/7/2024,P037,4,2,21,27
11/7/2024,P038,12,11,7,30
11/7/2024,P039,10,14,17,41
11/7/2024,P040,5,10,6,21
11/7/2024,P041,12,17,14,43
11/7/2024,P042,13,18,14,45
11/7/2024,P043,2,6,2,10
11/7/2024,P044,20,11,10,41
11/7/2024,P045,11,7,7,25
11/7/2024,P046,7,10,10,27
11/7/2024,P047,1,3,10,14
11/7/2024,P048,11,3,15,29
11/7/2024,P049,19,15,6,40
11/7/2024,P050,10,12,4,26
11/7/2024,P051,20,3,10,33
11/7/2024,P052,6,1,7,14
11/7/2024,P053,7,18,2,27
11/7/2024,P054,3,2,5,10
11/7/2024,P055,7,3,12,22
11/7/2024,P056,10,4,16,30
11/7/2024,P057,7,2,7,16
11/7/2024,P058,2,9,14,25
11/7/2024,P059,11,4,9,24
11/7/2024,P060,18,14,10,42
11/7/2024,P061,8,5,11,24
11/7/2024,P062,12,11,7,30
11/7/2024,P063,5,5,9,19
11/7/2024,P064,3,2,6,11
11/7/2024,P065,7,6,10,23
11/7/2024,P066,2,21,16,39
11/7/2024,P067,5,7,2,14
11/7/2024,P068,12,17,2,31
11/7/2024,P069,5,7,9,21
11/7/2024,P070,9,5,1,15
11/8/2024,P001,2,9,5,16
11/8/2024,P002,11,20,8,39
11/8/2024,P003,16,10,6,32
11/8/2024,P004,18,18,6,42
11/8/2024,P005,12,18,4,34
11/8/2024,P006,2,4,9,15
11/8/2024,P007,8,6,13,27
11/8/2024,P008,9,11,12,32
11/8/2024,P009,7,12,9,28
11/8/2024,P010,3,18,9,30
11/8/2024,P011,5,19,14,38
11/8/2024,P012,21,7,9,37
11/8/2024,P013,15,8,19,42
11/8/2024,P014,6,8,18,32
11/8/2024,P015,9,10,3,22
11/8/2024,P016,9,9,7,25
11/8/2024,P017,16,17,9,42
11/8/2024,P018,5,6,18,29
11/8/2024,P019,8,7,2,17
11/8/2024,P020,22,5,18,45
11/8/2024,P021,3,15,14,32
11/8/2024,P022,4,10,10,24
11/8/2024,P023,3,8,17,28
11/8/2024,P024,8,8,3,19
11/8/2024,P025,8,11,12,31
11/8/2024,P026,19,11,12,42
11/8/2024,P027,12,9,2,23
11/8/2024,P028,4,9,6,19
11/8/2024,P029,22,8,4,34
11/8/2024,P030,18,12,12,42
11/8/2024,P031,6,15,4,25
11/8/2024,P032,7,9,9,25
11/8/2024,P033,6,17,8,31
11/8/2024,P034,6,4,3,13
11/8/2024,P035,4,20,6,30
11/8/2024,P036,11,3,6,20
11/8/2024,P037,18,14,2,34
11/8/2024,P038,15,4,12,31
11/8/2024,P039,8,15,19,42
11/8/2024,P040,4,12,3,19
11/8/2024,P041,13,6,7,26
11/8/2024,P042,20,2,11,33
11/8/2024,P043,4,2,18,24
11/8/2024,P044,18,11,9,38
11/8/2024,P045,4,3,6,13
11/8/2024,P046,10,4,20,34
11/8/2024,P047,19,3,4,26
11/8/2024,P048,8,14,9,31
11/8/2024,P049,4,10,2,16
11/8/2024,P050,11,12,3,26
11/8/2024,P051,3,1,9,13
11/8/2024,P052,11,18,3,32
11/8/2024,P053,13,15,3,31
11/8/2024,P054,2,9,6,17
11/8/2024,P055,11,12,20,43
11/8/2024,P056,9,6,7,22
11/8/2024,P057,18,19,11,48
11/8/2024,P058,5,3,3,11
11/8/2024,P059,10,9,13,32
11/8/2024,P060,6,14,11,31
11/8/2024,P061,11,12,11,34
11/8/2024,P062,19,17,4,40
11/8/2024,P063,6,4,3,13
11/8/2024,P064,11,6,12,29
11/8/2024,P065,10,6,5,21
11/8/2024,P066,10,2,12,24
11/8/2024,P067,4,12,3,19
11/8/2024,P068,2,19,19,40
11/8/2024,P069,9,9,3,21
11/8/2024,P070,12,4,10,26
11/9/2024,P001,12,3,12,27
11/9/2024,P002,8,7,12,27
11/9/2024,P003,3,11,2,16
11/9/2024,P004,17,8,6,31
11/9/2024,P005,3,5,5,13
11/9/2024,P006,7,8,3,18
11/9/2024,P007,12,9,6,27
11/9/2024,P008,8,22,1,31
11/9/2024,P009,12,9,3,24
11/9/2024,P010,17,16,3,36
11/9/2024,P011,9,12,2,23
11/9/2024,P012,15,6,11,32
11/9/2024,P013,17,10,1,28
11/9/2024,P014,2,3,2,7
11/9/2024,P015,10,12,10,32
11/9/2024,P016,2,11,17,30
11/9/2024,P017,18,10,21,49
11/9/2024,P018,4,11,12,27
11/9/2024,P019,10,3,6,19
11/9/2024,P020,18,12,18,48
11/9/2024,P021,10,4,11,25
11/9/2024,P022,7,11,6,24
11/9/2024,P023,10,6,10,26
11/9/2024,P024,8,11,10,29
11/9/2024,P025,9,2,7,18
11/9/2024,P026,11,16,3,30
11/9/2024,P027,3,3,19,25
11/9/2024,P028,8,4,12,24
11/9/2024,P029,18,7,8,33
11/9/2024,P030,20,7,8,35
11/9/2024,P031,11,6,8,25
11/9/2024,P032,12,10,5,27
11/9/2024,P033,4,18,5,27
11/9/2024,P034,6,11,8,25
11/9/2024,P035,7,17,12,36
11/9/2024,P036,13,4,7,24
11/9/2024,P037,11,10,7,28
11/9/2024,P038,15,8,14,37
11/9/2024,P039,21,5,3,29
11/9/2024,P040,8,6,6,20
11/9/2024,P041,5,3,22,30
11/9/2024,P042,14,6,20,40
11/9/2024,P043,9,10,5,24
11/9/2024,P044,15,11,12,38
11/9/2024,P045,2,20,2,24
11/9/2024,P046,9,2,3,14
11/9/2024,P047,12,12,7,31
11/9/2024,P048,12,22,2,36
11/9/2024,P049,9,9,11,29
11/9/2024,P050,7,6,7,20
11/9/2024,P051,1,11,2,14
11/9/2024,P052,5,17,11,33
11/9/2024,P053,14,17,12,43
11/9/2024,P054,9,4,5,18
11/9/2024,P055,7,5,16,28
11/9/2024,P056,2,10,10,22
11/9/2024,P057,18,11,15,44
11/9/2024,P058,5,12,14,31
11/9/2024,P059,18,4,17,39
11/9/2024,P060,3,10,16,29
11/9/2024,P061,5,5,10,20
11/9/2024,P062,17,20,3,40
11/9/2024,P063,5,5,10,20
11/9/2024,P064,14,12,18,44
11/9/2024,P065,9,7,11,27
11/9/2024,P066,10,7,3,20
11/9/2024,P067,12,14,11,37
11/9/2024,P068,15,3,11,29
11/9/2024,P069,7,6,12,25
11/9/2024,P070,3,11,8,22
11/10/2024,P001,13,11,4,28
11/10/2024,P002,5,15,16,36
11/10/2024,P003,18,7,5,30
11/10/2024,P004,18,9,6,33
11/10/2024,P005,3,2,11,16
11/10/2024,P006,3,4,10,17
11/10/2024,P007,8,5,17,30
11/10/2024,P008,10,22,19,51
11/10/2024,P009,9,3,12,24
11/10/2024,P010,13,3,11,27
11/10/2024,P011,2,8,7,17
11/10/2024,P012,4,3,6,13
11/10/2024,P013,10,9,13,32
11/10/2024,P014,2,20,3,25
11/10/2024,P015,2,3,3,8
11/10/2024,P016,7,14,14,35
11/10/2024,P017,19,16,1,36
11/10/2024,P018,4,13,7,24
11/10/2024,P019,8,11,10,29
11/10/2024,P020,14,20,2,36
11/10/2024,P021,4,4,19,27
11/10/2024,P022,19,16,20,55
11/10/2024,P023,7,12,8,27
11/10/2024,P024,2,2,7,11
11/10/2024,P025,7,8,21,36
11/10/2024,P026,13,19,11,43
11/10/2024,P027,12,2,11,25
11/10/2024,P028,3,4,2,9
11/10/2024,P029,8,2,14,24
11/10/2024,P030,9,12,22,43
11/10/2024,P031,5,6,17,28
11/10/2024,P032,2,6,7,15
11/10/2024,P033,8,18,4,30
11/10/2024,P034,2,11,9,22
11/10/2024,P035,6,15,11,32
11/10/2024,P036,10,4,8,22
11/10/2024,P037,14,20,6,40
11/10/2024,P038,18,9,22,49
11/10/2024,P039,15,20,4,39
11/10/2024,P040,17,9,8,34
11/10/2024,P041,10,10,5,25
11/10/2024,P042,11,2,1,14
11/10/2024,P043,11,9,3,23
11/10/2024,P044,17,8,6,31
11/10/2024,P045,3,8,5,16
11/10/2024,P046,12,3,20,35
11/10/2024,P047,13,13,6,32
11/10/2024,P048,4,5,13,22
11/10/2024,P049,19,11,7,37
11/10/2024,P050,10,11,12,33
11/10/2024,P051,2,6,12,20
11/10/2024,P052,8,18,3,29
11/10/2024,P053,9,7,5,21
11/10/2024,P054,3,3,3,9
11/10/2024,P055,7,4,18,29
11/10/2024,P056,12,7,9,28
11/10/2024,P057,13,15,9,37
11/10/2024,P058,10,3,19,32
11/10/2024,P059,16,5,12,33
11/10/2024,P060,17,18,18,53
11/10/2024,P061,11,9,10,30
11/10/2024,P062,15,11,7,33
11/10/2024,P063,3,10,12,25
11/10/2024,P064,2,11,3,16
11/10/2024,P065,9,8,9,26
11/10/2024,P066,15,6,17,38
11/10/2024,P067,5,22,2,29
11/10/2024,P068,18,4,15,37
11/10/2024,P069,6,7,3,16
11/10/2024,P070,4,10,19,33
11/11/2024,P001,11,7,8,26
11/11/2024,P002,4,17,8,29
11/11/2024,P003,10,8,12,30
11/11/2024,P004,15,22,11,48
11/11/2024,P005,4,16,7,27
11/11/2024,P006,12,9,12,33
11/11/2024,P007,2,5,4,11
11/11/2024,P008,15,14,5,34
11/11/2024,P009,3,10,7,20
11/11/2024,P010,20,17,7,44
11/11/2024,P011,8,18,12,38
11/11/2024,P012,21,6,9,36
11/11/2024,P013,6,11,9,26
11/11/2024,P014,8,7,17,32
11/11/2024,P015,10,10,2,22
11/11/2024,P016,12,3,20,35
11/11/2024,P017,13,3,18,34
11/11/2024,P018,3,15,3,21
11/11/2024,P019,9,12,7,28
11/11/2024,P020,11,3,2,16
11/11/2024,P021,10,1,13,24
11/11/2024,P022,10,18,18,46
11/11/2024,P023,4,2,5,11
11/11/2024,P024,5,3,3,11
11/11/2024,P025,9,4,2,15
11/11/2024,P026,10,2,10,22
11/11/2024,P027,11,9,14,34
11/11/2024,P028,1,4,9,14
11/11/2024,P029,9,14,18,41
11/11/2024,P030,15,5,11,31
11/11/2024,P031,3,11,14,28
11/11/2024,P032,4,5,4,13
11/11/2024,P033,11,2,12,25
11/11/2024,P034,11,6,2,19
11/11/2024,P035,3,21,10,34
11/11/2024,P036,4,7,9,20
11/11/2024,P037,18,17,10,45
11/11/2024,P038,5,7,16,28
11/11/2024,P039,20,2,19,41
11/11/2024,P040,14,5,2,21
11/11/2024,P041,18,18,20,56
11/11/2024,P042,20,15,17,52
11/11/2024,P043,11,6,7,24
11/11/2024,P044,10,3,6,19
11/11/2024,P045,12,7,8,27
11/11/2024,P046,11,12,13,36
11/11/2024,P047,6,16,3,25
11/11/2024,P048,2,10,18,30
11/11/2024,P049,13,13,6,32
11/11/2024,P050,11,11,11,33
11/11/2024,P051,16,4,2,22
11/11/2024,P052,7,7,5,19
11/11/2024,P053,14,6,4,24
11/11/2024,P054,12,2,10,24
11/11/2024,P055,8,6,19,33
11/11/2024,P056,2,6,12,20
11/11/2024,P057,18,8,8,34
11/11/2024,P058,11,10,10,31
11/11/2024,P059,7,3,3,13
11/11/2024,P060,20,3,15,38
11/11/2024,P061,7,2,5,14
11/11/2024,P062,6,8,12,26
11/11/2024,P063,10,9,6,25
11/11/2024,P064,16,10,9,35
11/11/2024,P065,10,9,3,22
11/11/2024,P066,9,10,6,25
11/11/2024,P067,3,16,8,27
11/11/2024,P068,3,19,8,30
11/11/2024,P069,2,7,10,19
11/11/2024,P070,10,11,9,30
11/12/2024,P001,11,2,9,22
11/12/2024,P002,2,2,7,11
11/12/2024,P003,8,8,7,23
11/12/2024,P004,4,1,8,13
11/12/2024,P005,3,11,7,21
11/12/2024,P006,10,4,6,20
11/12/2024,P007,2,2,8,12
11/12/2024,P008,17,15,7,39
11/12/2024,P009,10,12,9,31
11/12/2024,P010,3,6,2,11
11/12/2024,P011,8,2,3,13
11/12/2024,P012,9,2,2,13
11/12/2024,P013,20,11,17,48
11/12/2024,P014,6,3,2,11
11/12/2024,P015,2,4,10,16
11/12/2024,P016,8,3,21,32
11/12/2024,P017,9,14,10,33
11/12/2024,P018,3,10,11,24
11/12/2024,P019,6,12,12,30
11/12/2024,P020,4,1,1,6
11/12/2024,P021,3,18,10,31
11/12/2024,P022,17,15,10,42
11/12/2024,P023,10,9,10,29
11/12/2024,P024,18,12,10,40
11/12/2024,P025,9,6,8,23
11/12/2024,P026,4,19,22,45
11/12/2024,P027,2,3,7,12
11/12/2024,P028,21,9,4,34
11/12/2024,P029,22,14,14,50
11/12/2024,P030,14,12,4,30
11/12/2024,P031,10,17,4,31
11/12/2024,P032,6,4,11,21
11/12/2024,P033,7,6,5,18
11/12/2024,P034,10,6,5,21
11/12/2024,P035,6,2,13,21
11/12/2024,P036,10,12,6,28
11/12/2024,P037,12,19,6,37
11/12/2024,P038,2,9,16,27
11/12/2024,P039,19,20,14,53
11/12/2024,P040,4,5,8,17
11/12/2024,P041,14,14,7,35
11/12/2024,P042,12,6,18,36
11/12/2024,P043,6,2,8,16
11/12/2024,P044,6,5,8,19
11/12/2024,P045,11,14,1,26
11/12/2024,P046,5,12,6,23
11/12/2024,P047,17,11,6,34
11/12/2024,P048,10,22,20,52
11/12/2024,P049,9,13,8,30
11/12/2024,P050,11,7,12,30
11/12/2024,P051,9,13,7,29
11/12/2024,P052,2,7,2,11
11/12/2024,P053,20,3,6,29
11/12/2024,P054,3,8,4,15
11/12/2024,P055,6,12,13,31
11/12/2024,P056,7,3,17,27
11/12/2024,P057,16,3,5,24
11/12/2024,P058,6,12,21,39
11/12/2024,P059,10,2,3,15
11/12/2024,P060,6,12,17,35
11/12/2024,P061,7,6,17,30
11/12/2024,P062,20,12,11,43
11/12/2024,P063,4,2,9,15
11/12/2024,P064,11,13,12,36
11/12/2024,P065,6,6,12,24
11/12/2024,P066,14,6,10,30
11/12/2024,P067,6,16,10,32
11/12/2024,P068,7,14,3,24
11/12/2024,P069,5,7,12,24
11/12/2024,P070,7,11,11,29
11/13/2024,P001,9,2,4,15
11/13/2024,P002,12,2,2,16
11/13/2024,P003,2,5,12,19
11/13/2024,P004,16,7,4,27
11/13/2024,P005,8,16,12,36
11/13/2024,P006,6,4,9,19
11/13/2024,P007,22,5,13,40
11/13/2024,P008,5,5,10,20
11/13/2024,P009,12,6,2,20
11/13/2024,P010,20,3,2,25
11/13/2024,P011,6,6,10,22
11/13/2024,P012,18,10,10,38
11/13/2024,P013,18,11,5,34
11/13/2024,P014,5,20,15,40
11/13/2024,P015,5,2,5,12
11/13/2024,P016,8,12,14,34
11/13/2024,P017,13,22,10,45
11/13/2024,P018,6,9,7,22
11/13/2024,P019,8,6,11,25
11/13/2024,P020,12,11,15,38
11/13/2024,P021,5,17,2,24
11/13/2024,P022,17,17,9,43
11/13/2024,P023,3,4,16,23
11/13/2024,P024,15,5,6,26
11/13/2024,P025,20,10,1,31
11/13/2024,P026,10,11,18,39
11/13/2024,P027,8,12,2,22
11/13/2024,P028,21,4,3,28
11/13/2024,P029,1,10,22,33
11/13/2024,P030,13,5,15,33
11/13/2024,P031,10,20,2,32
11/13/2024,P032,6,5,8,19
11/13/2024,P033,7,12,3,22
11/13/2024,P034,6,7,12,25
11/13/2024,P035,9,7,20,36
11/13/2024,P036,2,14,8,24
11/13/2024,P037,2,3,11,16
11/13/2024,P038,16,6,9,31
11/13/2024,P039,15,2,9,26
11/13/2024,P040,2,2,11,15
11/13/2024,P041,17,2,21,40
11/13/2024,P042,18,3,10,31
11/13/2024,P043,4,11,16,31
11/13/2024,P044,20,9,9,38
11/13/2024,P045,9,14,10,33
11/13/2024,P046,7,5,21,33
11/13/2024,P047,4,20,9,33
11/13/2024,P048,6,7,8,21
11/13/2024,P049,9,19,10,38
11/13/2024,P050,10,6,7,23
11/13/2024,P051,13,17,11,41
11/13/2024,P052,10,4,6,20
11/13/2024,P053,14,17,12,43
11/13/2024,P054,10,3,10,23
11/13/2024,P055,5,2,9,16
11/13/2024,P056,11,6,12,29
11/13/2024,P057,5,20,7,32
11/13/2024,P058,5,3,13,21
11/13/2024,P059,22,11,4,37
11/13/2024,P060,14,5,7,26
11/13/2024,P061,2,9,14,25
11/13/2024,P062,20,14,12,46
11/13/2024,P063,10,12,5,27
11/13/2024,P064,9,20,17,46
11/13/2024,P065,7,8,9,24
11/13/2024,P066,8,11,1,20
11/13/2024,P067,11,9,9,29
11/13/2024,P068,19,9,20,48
11/13/2024,P069,12,7,3,22
11/13/2024,P070,12,12,14,38
11/14/2024,P001,16,9,2,27
11/14/2024,P002,11,18,14,43
11/14/2024,P003,11,8,5,24
11/14/2024,P004,15,15,12,42
11/14/2024,P005,5,15,3,23
11/14/2024,P006,2,4,5,11
11/14/2024,P007,15,9,18,42
11/14/2024,P008,20,20,2,42
11/14/2024,P009,6,9,10,25
11/14/2024,P010,10,10,9,29
11/14/2024,P011,4,2,18,24
11/14/2024,P012,18,9,6,33
11/14/2024,P013,10,8,1,19
11/14/2024,P014,18,8,17,43
11/14/2024,P015,3,3,7,13
11/14/2024,P016,10,13,20,43
11/14/2024,P017,17,5,21,43
11/14/2024,P018,6,11,7,24
11/14/2024,P019,8,11,11,30
11/14/2024,P020,20,6,17,43
11/14/2024,P021,9,18,13,40
11/14/2024,P022,18,7,3,28
11/14/2024,P023,2,3,18,23
11/14/2024,P024,1,4,10,15
11/14/2024,P025,18,7,19,44
11/14/2024,P026,2,15,17,34
11/14/2024,P027,8,3,19,30
11/14/2024,P028,13,5,2,20
11/14/2024,P029,7,18,16,41
11/14/2024,P030,6,9,12,27
11/14/2024,P031,9,11,4,24
11/14/2024,P032,4,10,5,19
11/14/2024,P033,9,11,6,26
11/14/2024,P034,6,8,10,24
11/14/2024,P035,8,6,7,21
11/14/2024,P036,6,22,10,38
11/14/2024,P037,18,4,21,43
11/14/2024,P038,11,7,1,19
11/14/2024,P039,18,21,14,53
11/14/2024,P040,4,5,8,17
11/14/2024,P041,5,13,21,39
11/14/2024,P042,8,12,5,25
11/14/2024,P043,9,8,5,22
11/14/2024,P044,18,4,8,30
11/14/2024,P045,10,16,11,37
11/14/2024,P046,4,7,22,33
11/14/2024,P047,8,22,8,38
11/14/2024,P048,2,3,15,20
11/14/2024,P049,10,15,8,33
11/14/2024,P050,2,2,8,12
11/14/2024,P051,22,23,4,49
11/14/2024,P052,6,13,10,29
11/14/2024,P053,12,13,2,27
11/14/2024,P054,12,10,3,25
11/14/2024,P055,2,11,13,26
11/14/2024,P056,4,9,12,25
11/14/2024,P057,11,7,20,38
11/14/2024,P058,7,10,3,20
11/14/2024,P059,9,8,3,20
11/14/2024,P060,18,14,6,38
11/14/2024,P061,5,3,17,25
11/14/2024,P062,14,12,7,33
11/14/2024,P063,3,2,5,10
11/14/2024,P064,18,7,5,30
11/14/2024,P065,10,10,9,29
11/14/2024,P066,18,21,12,51
11/14/2024,P067,12,1,11,24
11/14/2024,P068,14,14,7,35
11/14/2024,P069,7,2,10,19
11/14/2024,P070,9,7,3,19
11/15/2024,P001,5,11,9,25
11/15/2024,P002,11,6,14,31
11/15/2024,P003,4,11,12,27
11/15/2024,P004,18,17,10,45
11/15/2024,P005,14,4,19,37
11/15/2024,P006,10,9,5,24
11/15/2024,P007,19,3,11,33
11/15/2024,P008,1,2,17,20
11/15/2024,P009,9,5,4,18
11/15/2024,P010,10,18,11,39
11/15/2024,P011,11,15,6,32
11/15/2024,P012,14,6,2,22
11/15/2024,P013,9,3,13,25
11/15/2024,P014,9,7,4,20
11/15/2024,P015,7,12,10,29
11/15/2024,P016,8,16,19,43
11/15/2024,P017,12,10,6,28
11/15/2024,P018,2,13,11,26
11/15/2024,P019,8,11,5,24
11/15/2024,P020,9,4,10,23
11/15/2024,P021,7,7,14,28
11/15/2024,P022,3,6,22,31
11/15/2024,P023,5,2,18,25
11/15/2024,P024,21,6,12,39
11/15/2024,P025,15,6,10,31
11/15/2024,P026,6,8,6,20
11/15/2024,P027,4,10,3,17
11/15/2024,P028,10,3,8,21
11/15/2024,P029,10,3,10,23
11/15/2024,P030,19,2,9,30
11/15/2024,P031,11,8,10,29
11/15/2024,P032,9,9,4,22
11/15/2024,P033,3,10,11,24
11/15/2024,P034,6,9,11,26
11/15/2024,P035,9,10,17,36
11/15/2024,P036,2,16,3,21
11/15/2024,P037,5,19,12,36
11/15/2024,P038,16,7,12,35
11/15/2024,P039,17,11,2,30
11/15/2024,P040,10,9,6,25
11/15/2024,P041,13,12,4,29
11/15/2024,P042,3,20,12,35
11/15/2024,P043,8,10,4,22
11/15/2024,P044,10,9,2,21
11/15/2024,P045,9,20,4,33
11/15/2024,P046,10,12,4,26
11/15/2024,P047,13,16,9,38
11/15/2024,P048,9,5,5,19
11/15/2024,P049,15,3,9,27
11/15/2024,P050,3,5,12,20
11/15/2024,P051,18,6,5,29
11/15/2024,P052,9,3,9,21
11/15/2024,P053,4,8,11,23
11/15/2024,P054,3,3,5,11
11/15/2024,P055,10,7,17,34
11/15/2024,P056,5,12,20,37
11/15/2024,P057,4,3,16,23
11/15/2024,P058,10,4,5,19
11/15/2024,P059,5,9,8,22
11/15/2024,P060,8,7,3,18
11/15/2024,P061,4,5,6,15
11/15/2024,P062,12,16,8,36
11/15/2024,P063,5,7,2,14
11/15/2024,P064,18,17,14,49
11/15/2024,P065,11,3,6,20
11/15/2024,P066,19,12,3,34
11/15/2024,P067,12,12,11,35
11/15/2024,P068,17,2,3,22
11/15/2024,P069,12,3,4,19
11/15/2024,P070,5,8,3,16
11/16/2024,P001,6,8,5,19
11/16/2024,P002,7,3,10,20
11/16/2024,P003,18,5,5,28
11/16/2024,P004,3,10,4,17
11/16/2024,P005,11,12,8,31
11/16/2024,P006,10,4,2,16
11/16/2024,P007,15,12,20,47
11/16/2024,P008,15,20,17,52
11/16/2024,P009,5,5,7,17
11/16/2024,P010,12,14,8,34
11/16/2024,P011,10,6,20,36
11/16/2024,P012,16,2,5,23
11/16/2024,P013,3,5,17,25
11/16/2024,P014,12,14,18,44
11/16/2024,P015,2,12,6,20
11/16/2024,P016,3,11,12,26
11/16/2024,P017,3,22,22,47
11/16/2024,P018,7,13,15,35
11/16/2024,P019,12,7,9,28
11/16/2024,P020,8,13,7,28
11/16/2024,P021,12,7,13,32
11/16/2024,P022,17,3,20,40
11/16/2024,P023,9,8,6,23
11/16/2024,P024,15,12,6,33
11/16/2024,P025,17,3,5,25
11/16/2024,P026,2,3,19,24
11/16/2024,P027,5,12,18,35
11/16/2024,P028,18,2,3,23
11/16/2024,P029,22,12,7,41
11/16/2024,P030,20,6,9,35
11/16/2024,P031,10,12,18,40
11/16/2024,P032,11,2,2,15
11/16/2024,P033,15,13,12,40
11/16/2024,P034,6,6,5,17
11/16/2024,P035,7,6,10,23
11/16/2024,P036,2,16,10,28
11/16/2024,P037,3,14,7,24
11/16/2024,P038,15,7,3,25
11/16/2024,P039,18,18,19,55
11/16/2024,P040,18,3,12,33
11/16/2024,P041,7,4,8,19
11/16/2024,P042,7,7,8,22
11/16/2024,P043,10,11,8,29
11/16/2024,P044,9,8,10,27
11/16/2024,P045,5,7,6,18
11/16/2024,P046,8,12,20,40
11/16/2024,P047,18,16,7,41
11/16/2024,P048,3,12,12,27
11/16/2024,P049,11,17,6,34
11/16/2024,P050,8,10,12,30
11/16/2024,P051,12,7,9,28
11/16/2024,P052,10,20,12,42
11/16/2024,P053,9,10,7,26
11/16/2024,P054,10,2,9,21
11/16/2024,P055,10,11,12,33
11/16/2024,P056,9,5,16,30
11/16/2024,P057,2,20,11,33
11/16/2024,P058,9,2,2,13
11/16/2024,P059,9,5,5,19
11/16/2024,P060,20,7,17,44
11/16/2024,P061,10,7,3,20
11/16/2024,P062,13,6,12,31
11/16/2024,P063,9,11,5,25
11/16/2024,P064,17,10,15,42
11/16/2024,P065,11,10,3,24
11/16/2024,P066,14,7,20,41
11/16/2024,P067,8,3,11,22
11/16/2024,P068,11,19,20,50
11/16/2024,P069,5,4,2,11
11/16/2024,P070,3,5,12,20
11/17/2024,P001,12,4,3,19
11/17/2024,P002,10,17,18,45
11/17/2024,P003,3,11,9,23
11/17/2024,P004,10,6,4,20
11/17/2024,P005,12,16,18,46
11/17/2024,P006,2,5,5,12
11/17/2024,P007,9,7,9,25
11/17/2024,P008,3,2,12,17
11/17/2024,P009,5,2,6,13
11/17/2024,P010,4,2,4,10
11/17/2024,P011,12,3,2,17
11/17/2024,P012,21,11,9,41
11/17/2024,P013,22,9,12,43
11/17/2024,P014,4,14,11,29
11/17/2024,P015,8,5,4,17
11/17/2024,P016,12,20,10,42
11/17/2024,P017,3,7,12,22
11/17/2024,P018,3,19,9,31
11/17/2024,P019,8,6,9,23
11/17/2024,P020,10,17,6,33
11/17/2024,P021,9,4,1,14
11/17/2024,P022,13,17,2,32
11/17/2024,P023,2,3,2,7
11/17/2024,P024,4,2,2,8
11/17/2024,P025,10,6,11,27
11/17/2024,P026,2,20,1,23
11/17/2024,P027,7,3,2,12
11/17/2024,P028,10,11,10,31
11/17/2024,P029,15,5,17,37
11/17/2024,P030,17,9,21,47
11/17/2024,P031,3,14,12,29
11/17/2024,P032,6,12,12,30
11/17/2024,P033,19,20,12,51
11/17/2024,P034,11,8,3,22
11/17/2024,P035,9,11,8,28
11/17/2024,P036,8,9,7,24
11/17/2024,P037,7,9,21,37
11/17/2024,P038,4,7,11,22
11/17/2024,P039,15,6,11,32
11/17/2024,P040,12,12,2,26
11/17/2024,P041,9,5,14,28
11/17/2024,P042,20,15,22,57
11/17/2024,P043,4,7,17,28
11/17/2024,P044,3,11,6,20
11/17/2024,P045,17,16,3,36
11/17/2024,P046,10,2,16,28
11/17/2024,P047,11,18,9,38
11/17/2024,P048,11,4,20,35
11/17/2024,P049,13,17,8,38
11/17/2024,P050,9,9,6,24
11/17/2024,P051,11,1,2,14
11/17/2024,P052,10,5,2,17
11/17/2024,P053,6,12,11,29
11/17/2024,P054,4,10,7,21
11/17/2024,P055,4,8,3,15
11/17/2024,P056,2,11,18,31
11/17/2024,P057,3,8,9,20
11/17/2024,P058,12,3,14,29
11/17/2024,P059,9,9,14,32
11/17/2024,P060,17,3,13,33
11/17/2024,P061,5,9,3,17
11/17/2024,P062,13,10,12,35
11/17/2024,P063,7,4,9,20
11/17/2024,P064,15,8,18,41
11/17/2024,P065,3,7,10,20
11/17/2024,P066,10,21,4,35
11/17/2024,P067,6,11,8,25
11/17/2024,P068,16,11,8,35
11/17/2024,P069,12,12,3,27
11/17/2024,P070,6,6,13,25
11/18/2024,P001,6,2,11,19
11/18/2024,P002,6,20,3,29
11/18/2024,P003,12,7,2,21
11/18/2024,P004,12,20,2,34
11/18/2024,P005,17,18,16,51
11/18/2024,P006,5,3,9,17
11/18/2024,P007,21,9,13,43
11/18/2024,P008,9,21,20,50
11/18/2024,P009,2,5,3,10
11/18/2024,P010,19,13,2,34
11/18/2024,P011,6,12,17,35
11/18/2024,P012,9,8,7,24
11/18/2024,P013,20,4,3,27
11/18/2024,P014,16,16,9,41
11/18/2024,P015,10,7,9,26
11/18/2024,P016,3,22,17,42
11/18/2024,P017,4,3,4,11
11/18/2024,P018,12,15,8,35
11/18/2024,P019,2,2,8,12
11/18/2024,P020,15,23,7,45
11/18/2024,P021,3,13,16,32
11/18/2024,P022,20,13,15,48
11/18/2024,P023,8,10,4,22
11/18/2024,P024,21,11,11,43
11/18/2024,P025,6,9,15,30
11/18/2024,P026,8,7,13,28
11/18/2024,P027,12,10,3,25
11/18/2024,P028,3,8,3,14
11/18/2024,P029,3,14,14,31
11/18/2024,P030,16,3,1,20
11/18/2024,P031,10,12,7,29
11/18/2024,P032,9,2,11,22
11/18/2024,P033,10,7,8,25
11/18/2024,P034,8,10,3,21
11/18/2024,P035,9,21,5,35
11/18/2024,P036,6,1,3,10
11/18/2024,P037,8,14,2,24
11/18/2024,P038,12,2,10,24
11/18/2024,P039,4,5,14,23
11/18/2024,P040,7,7,9,23
11/18/2024,P041,15,8,18,41
11/18/2024,P042,9,17,11,37
11/18/2024,P043,4,8,14,26
11/18/2024,P044,22,2,9,33
11/18/2024,P045,5,19,1,25
11/18/2024,P046,10,7,16,33
11/18/2024,P047,20,5,9,34
11/18/2024,P048,7,8,5,20
11/18/2024,P049,12,11,8,31
11/18/2024,P050,3,12,11,26
11/18/2024,P051,1,3,5,9
11/18/2024,P052,6,2,6,14
11/18/2024,P053,17,15,8,40
11/18/2024,P054,2,5,12,19
11/18/2024,P055,4,12,3,19
11/18/2024,P056,5,10,19,34
11/18/2024,P057,12,7,15,34
11/18/2024,P058,11,12,14,37
11/18/2024,P059,5,9,11,25
11/18/2024,P060,10,8,8,26
11/18/2024,P061,2,6,4,12
11/18/2024,P062,15,1,6,22
11/18/2024,P063,12,5,3,20
11/18/2024,P064,8,5,3,16
11/18/2024,P065,12,3,2,17
11/18/2024,P066,1,2,20,23
11/18/2024,P067,12,10,3,25
11/18/2024,P068,19,14,7,40
11/18/2024,P069,5,10,12,27
11/18/2024,P070,7,5,16,28
11/19/2024,P001,17,6,4,27
11/19/2024,P002,4,6,12,22
11/19/2024,P003,3,7,6,16
11/19/2024,P004,2,18,7,27
11/19/2024,P005,17,7,3,27
11/19/2024,P006,12,2,3,17
11/19/2024,P007,11,2,16,29
11/19/2024,P008,11,11,6,28
11/19/2024,P009,5,9,6,20
11/19/2024,P010,8,12,6,26
11/19/2024,P011,8,20,8,36
11/19/2024,P012,3,10,6,19
11/19/2024,P013,2,9,11,22
11/19/2024,P014,17,20,6,43
11/19/2024,P015,12,12,12,36
11/19/2024,P016,11,16,10,37
11/19/2024,P017,3,5,18,26
11/19/2024,P018,10,3,5,18
11/19/2024,P019,2,5,10,17
11/19/2024,P020,17,6,16,39
11/19/2024,P021,10,3,13,26
11/19/2024,P022,3,8,22,33
11/19/2024,P023,8,3,20,31
11/19/2024,P024,9,7,7,23
11/19/2024,P025,20,12,8,40
11/19/2024,P026,6,3,9,18
11/19/2024,P027,3,4,17,24
11/19/2024,P028,1,9,2,12
11/19/2024,P029,15,7,20,42
11/19/2024,P030,20,5,18,43
11/19/2024,P031,12,16,3,31
11/19/2024,P032,2,7,11,20
11/19/2024,P033,18,17,6,41
11/19/2024,P034,4,3,8,15
11/19/2024,P035,20,12,10,42
11/19/2024,P036,5,12,10,27
11/19/2024,P037,16,2,8,26
11/19/2024,P038,16,3,22,41
11/19/2024,P039,16,15,7,38
11/19/2024,P040,3,9,4,16
11/19/2024,P041,2,10,14,26
11/19/2024,P042,19,2,4,25
11/19/2024,P043,2,8,4,14
11/19/2024,P044,20,3,4,27
11/19/2024,P045,2,13,3,18
11/19/2024,P046,10,2,4,16
11/19/2024,P047,9,1,20,30
11/19/2024,P048,2,9,9,20
11/19/2024,P049,9,15,8,32
11/19/2024,P050,7,12,9,28
11/19/2024,P051,17,12,11,40
11/19/2024,P052,11,3,7,21
11/19/2024,P053,14,15,12,41
11/19/2024,P054,3,7,9,19
11/19/2024,P055,2,4,4,10
11/19/2024,P056,11,9,13,33
11/19/2024,P057,11,14,4,29
11/19/2024,P058,5,12,22,39
11/19/2024,P059,4,5,12,21
11/19/2024,P060,15,9,10,34
11/19/2024,P061,12,12,17,41
11/19/2024,P062,14,9,11,34
11/19/2024,P063,9,9,12,30
11/19/2024,P064,6,10,6,22
11/19/2024,P065,10,10,11,31
11/19/2024,P066,16,8,1,25
11/19/2024,P067,2,22,5,29
11/19/2024,P068,2,7,14,23
11/19/2024,P069,9,9,12,30
11/19/2024,P070,3,3,11,17
11/20/2024,P001,11,6,10,27
11/20/2024,P002,11,14,5,30
11/20/2024,P003,9,2,9,20
11/20/2024,P004,21,10,6,37
11/20/2024,P005,4,12,17,33
11/20/2024,P006,2,11,12,25
11/20/2024,P007,17,10,16,43
11/20/2024,P008,20,18,5,43
11/20/2024,P009,9,3,9,21
11/20/2024,P010,16,4,6,26
11/20/2024,P011,12,7,12,31
11/20/2024,P012,1,11,2,14
11/20/2024,P013,8,8,10,26
11/20/2024,P014,19,7,16,42
11/20/2024,P015,12,12,3,27
11/20/2024,P016,8,16,18,42
11/20/2024,P017,8,12,22,42
11/20/2024,P018,6,17,7,30
11/20/2024,P019,22,10,7,39
11/20/2024,P020,5,7,2,14
11/20/2024,P021,12,20,11,43
11/20/2024,P022,20,10,18,48
11/20/2024,P023,6,2,20,28
11/20/2024,P024,18,11,11,40
11/20/2024,P025,18,5,13,36
11/20/2024,P026,5,20,17,42
11/20/2024,P027,10,2,2,14
11/20/2024,P028,2,5,10,17
11/20/2024,P029,19,7,21,47
11/20/2024,P030,19,7,10,36
11/20/2024,P031,7,6,11,24
11/20/2024,P032,10,11,7,28
11/20/2024,P033,7,10,12,29
11/20/2024,P034,12,10,5,27
11/20/2024,P035,18,7,16,41
11/20/2024,P036,18,3,6,27
11/20/2024,P037,5,19,1,25
11/20/2024,P038,18,4,18,40
11/20/2024,P039,15,1,2,18
11/20/2024,P040,11,2,3,16
11/20/2024,P041,7,10,22,39
11/20/2024,P042,15,2,15,32
11/20/2024,P043,6,5,2,13
11/20/2024,P044,2,12,7,21
11/20/2024,P045,18,7,6,31
11/20/2024,P046,12,10,5,27
11/20/2024,P047,13,10,18,41
11/20/2024,P048,2,4,5,11
11/20/2024,P049,12,20,12,44
11/20/2024,P050,6,3,3,12
11/20/2024,P051,12,4,11,27
11/20/2024,P052,12,5,3,20
11/20/2024,P053,20,18,4,42
11/20/2024,P054,12,10,3,25
11/20/2024,P055,5,2,3,10
11/20/2024,P056,11,11,9,31
11/20/2024,P057,9,14,8,31
11/20/2024,P058,7,5,12,24
11/20/2024,P059,11,4,17,32
11/20/2024,P060,18,12,12,42
11/20/2024,P061,12,9,17,38
11/20/2024,P062,5,10,9,24
11/20/2024,P063,3,2,7,12
11/20/2024,P064,12,16,17,45
11/20/2024,P065,5,6,10,21
11/20/2024,P066,12,1,6,19
11/20/2024,P067,3,18,9,30
11/20/2024,P068,19,2,14,35
11/20/2024,P069,2,2,5,9
11/20/2024,P070,11,10,20,41
11/21/2024,P001,3,2,6,11
11/21/2024,P002,9,18,14,41
11/21/2024,P003,5,5,3,13
11/21/2024,P004,1,9,4,14
11/21/2024,P005,18,13,6,37
11/21/2024,P006,6,8,7,21
11/21/2024,P007,2,4,19,25
11/21/2024,P008,20,6,18,44
11/21/2024,P009,3,12,8,23
11/21/2024,P010,12,5,2,19
11/21/2024,P011,4,15,16,35
11/21/2024,P012,20,7,5,32
11/21/2024,P013,3,11,18,32
11/21/2024,P014,15,16,15,46
11/21/2024,P015,2,2,4,8
11/21/2024,P016,9,18,15,42
11/21/2024,P017,5,4,20,29
11/21/2024,P018,2,17,20,39
11/21/2024,P019,15,9,9,33
11/21/2024,P020,20,1,16,37
11/21/2024,P021,6,5,3,14
11/21/2024,P022,10,12,8,30
11/21/2024,P023,4,10,12,26
11/21/2024,P024,18,8,11,37
11/21/2024,P025,10,11,11,32
11/21/2024,P026,18,8,5,31
11/21/2024,P027,7,3,15,25
11/21/2024,P028,3,9,5,17
11/21/2024,P029,10,3,14,27
11/21/2024,P030,14,9,10,33
11/21/2024,P031,2,10,7,19
11/21/2024,P032,6,4,10,20
11/21/2024,P033,5,8,2,15
11/21/2024,P034,10,7,2,19
11/21/2024,P035,15,21,18,54
11/21/2024,P036,9,11,10,30
11/21/2024,P037,4,11,19,34
11/21/2024,P038,7,12,17,36
11/21/2024,P039,18,17,19,54
11/21/2024,P040,7,10,2,19
11/21/2024,P041,11,11,16,38
11/21/2024,P042,18,18,12,48
11/21/2024,P043,11,8,4,23
11/21/2024,P044,15,5,8,28
11/21/2024,P045,6,3,9,18
11/21/2024,P046,8,5,19,32
11/21/2024,P047,16,21,15,52
11/21/2024,P048,9,2,20,31
11/21/2024,P049,9,3,8,20
11/21/2024,P050,5,10,2,17
11/21/2024,P051,18,16,2,36
11/21/2024,P052,5,21,3,29
11/21/2024,P053,13,5,2,20
11/21/2024,P054,12,6,10,28
11/21/2024,P055,9,10,8,27
11/21/2024,P056,2,11,13,26
11/21/2024,P057,10,16,5,31
11/21/2024,P058,4,7,21,32
11/21/2024,P059,10,11,17,38
11/21/2024,P060,6,15,15,36
11/21/2024,P061,9,7,4,20
11/21/2024,P062,4,21,3,28
11/21/2024,P063,10,5,9,24
11/21/2024,P064,18,18,8,44
11/21/2024,P065,11,10,5,26
11/21/2024,P066,3,19,21,43
11/21/2024,P067,11,17,4,32
11/21/2024,P068,11,19,16,46
11/21/2024,P069,6,10,7,23
11/21/2024,P070,12,4,22,38
11/22/2024,P001,2,11,11,24
11/22/2024,P002,7,8,7,22
11/22/2024,P003,20,4,5,29
11/22/2024,P004,19,3,8,30
11/22/2024,P005,11,5,3,19
11/22/2024,P006,11,9,9,29
11/22/2024,P007,17,7,8,32
11/22/2024,P008,15,5,2,22
11/22/2024,P009,12,7,9,28
11/22/2024,P010,11,8,11,30
11/22/2024,P011,11,17,8,36
11/22/2024,P012,17,8,12,37
11/22/2024,P013,5,2,16,23
11/22/2024,P014,13,19,15,47
11/22/2024,P015,8,7,10,25
11/22/2024,P016,11,5,5,21
11/22/2024,P017,14,8,16,38
11/22/2024,P018,10,11,16,37
11/22/2024,P019,19,12,9,40
11/22/2024,P020,1,3,15,19
11/22/2024,P021,9,2,5,16
11/22/2024,P022,10,15,9,34
11/22/2024,P023,11,5,2,18
11/22/2024,P024,14,12,6,32
11/22/2024,P025,9,10,8,27
11/22/2024,P026,9,7,1,17
11/22/2024,P027,3,12,17,32
11/22/2024,P028,10,9,7,26
11/22/2024,P029,18,8,20,46
11/22/2024,P030,4,6,21,31
11/22/2024,P031,6,1,7,14
11/22/2024,P032,2,5,6,13
11/22/2024,P033,21,5,3,29
11/22/2024,P034,4,3,11,18
11/22/2024,P035,17,2,18,37
11/22/2024,P036,12,10,12,34
11/22/2024,P037,8,14,10,32
11/22/2024,P038,12,10,6,28
11/22/2024,P039,3,20,3,26
11/22/2024,P040,7,4,8,19
11/22/2024,P041,18,19,10,47
11/22/2024,P042,15,6,9,30
11/22/2024,P043,11,11,10,32
11/22/2024,P044,22,4,7,33
11/22/2024,P045,18,6,7,31
11/22/2024,P046,5,6,9,20
11/22/2024,P047,16,17,17,50
11/22/2024,P048,11,9,3,23
11/22/2024,P049,3,20,2,25
11/22/2024,P050,5,11,3,19
11/22/2024,P051,22,4,9,35
11/22/2024,P052,10,4,5,19
11/22/2024,P053,2,2,10,14
11/22/2024,P054,5,4,12,21
11/22/2024,P055,9,6,5,20
11/22/2024,P056,9,12,17,38
11/22/2024,P057,9,20,10,39
11/22/2024,P058,10,12,2,24
11/22/2024,P059,11,10,4,25
11/22/2024,P060,8,2,15,25
11/22/2024,P061,8,5,19,32
11/22/2024,P062,7,6,2,15
11/22/2024,P063,12,11,2,25
11/22/2024,P064,3,18,7,28
11/22/2024,P065,9,12,7,28
11/22/2024,P066,17,10,7,34
11/22/2024,P067,2,6,9,17
11/22/2024,P068,15,3,20,38
11/22/2024,P069,9,9,12,30
11/22/2024,P070,12,10,16,38
11/23/2024,P001,14,10,5,29
11/23/2024,P002,5,20,7,32
11/23/2024,P003,9,10,7,26
11/23/2024,P004,1,22,4,27
11/23/2024,P005,14,10,10,34
11/23/2024,P006,5,5,2,12
11/23/2024,P007,6,6,9,21
11/23/2024,P008,2,15,2,19
11/23/2024,P009,7,9,7,23
11/23/2024,P010,14,10,10,34
11/23/2024,P011,5,2,7,14
11/23/2024,P012,22,8,7,37
11/23/2024,P013,9,3,7,19
11/23/2024,P014,11,13,5,29
11/23/2024,P015,7,2,7,16
11/23/2024,P016,6,1,20,27
11/23/2024,P017,11,9,16,36
11/23/2024,P018,10,15,11,36
11/23/2024,P019,15,12,4,31
11/23/2024,P020,15,12,8,35
11/23/2024,P021,5,3,10,18
11/23/2024,P022,12,15,22,49
11/23/2024,P023,10,7,15,32
11/23/2024,P024,16,4,10,30
11/23/2024,P025,3,9,1,13
11/23/2024,P026,12,14,13,39
11/23/2024,P027,8,12,4,24
11/23/2024,P028,18,5,10,33
11/23/2024,P029,7,9,19,35
11/23/2024,P030,6,12,6,24
11/23/2024,P031,3,9,11,23
11/23/2024,P032,5,9,4,18
11/23/2024,P033,7,10,11,28
11/23/2024,P034,4,10,12,26
11/23/2024,P035,10,8,6,24
11/23/2024,P036,4,22,6,32
11/23/2024,P037,17,7,5,29
11/23/2024,P038,13,9,19,41
11/23/2024,P039,10,1,18,29
11/23/2024,P040,11,7,3,21
11/23/2024,P041,9,19,7,35
11/23/2024,P042,8,3,9,20
11/23/2024,P043,3,5,18,26
11/23/2024,P044,18,6,2,26
11/23/2024,P045,20,5,18,43
11/23/2024,P046,3,2,14,19
11/23/2024,P047,19,16,10,45
11/23/2024,P048,8,5,4,17
11/23/2024,P049,6,11,2,19
11/23/2024,P050,11,7,7,25
11/23/2024,P051,17,5,11,33
11/23/2024,P052,6,11,8,25
11/23/2024,P053,5,16,6,27
11/23/2024,P054,7,9,6,22
11/23/2024,P055,8,2,14,24
11/23/2024,P056,11,5,12,28
11/23/2024,P057,5,7,11,23
11/23/2024,P058,8,12,18,38
11/23/2024,P059,11,11,18,40
11/23/2024,P060,14,2,18,34
11/23/2024,P061,4,12,3,19
11/23/2024,P062,12,2,3,17
11/23/2024,P063,6,11,10,27
11/23/2024,P064,9,6,17,32
11/23/2024,P065,3,6,5,14
11/23/2024,P066,6,5,18,29
11/23/2024,P067,8,19,8,35
11/23/2024,P068,8,18,7,33
11/23/2024,P069,3,4,12,19
11/23/2024,P070,6,3,16,25
11/24/2024,P001,10,6,8,24
11/24/2024,P002,12,17,3,32
11/24/2024,P003,8,5,9,22
11/24/2024,P004,7,20,9,36
11/24/2024,P005,18,18,18,54
11/24/2024,P006,11,9,10,30
11/24/2024,P007,3,3,21,27
11/24/2024,P008,3,1,6,10
11/24/2024,P009,9,2,9,20
11/24/2024,P010,9,10,6,25
11/24/2024,P011,6,2,2,10
11/24/2024,P012,7,5,12,24
11/24/2024,P013,4,12,10,26
11/24/2024,P014,3,7,7,17
11/24/2024,P015,7,10,12,29
11/24/2024,P016,6,10,18,34
11/24/2024,P017,12,4,19,35
11/24/2024,P018,2,20,9,31
11/24/2024,P019,9,3,11,23
11/24/2024,P020,3,4,22,29
11/24/2024,P021,5,5,10,20
11/24/2024,P022,4,18,1,23
11/24/2024,P023,12,10,18,40
11/24/2024,P024,21,2,11,34
11/24/2024,P025,22,11,6,39
11/24/2024,P026,4,14,17,35
11/24/2024,P027,6,5,18,29
11/24/2024,P028,2,4,6,12
11/24/2024,P029,5,12,12,29
11/24/2024,P030,20,9,22,51
11/24/2024,P031,2,10,15,27
11/24/2024,P032,9,2,11,22
11/24/2024,P033,6,16,2,24
11/24/2024,P034,2,6,9,17
11/24/2024,P035,6,1,2,9
11/24/2024,P036,16,18,2,36
11/24/2024,P037,14,2,11,27
11/24/2024,P038,5,2,1,8
11/24/2024,P039,12,19,2,33
11/24/2024,P040,15,6,10,31
11/24/2024,P041,17,2,17,36
11/24/2024,P042,18,17,21,56
11/24/2024,P043,2,11,12,25
11/24/2024,P044,8,12,6,26
11/24/2024,P045,9,20,18,47
11/24/2024,P046,4,8,11,23
11/24/2024,P047,8,13,6,27
11/24/2024,P048,4,3,15,22
11/24/2024,P049,5,8,9,22
11/24/2024,P050,9,2,12,23
11/24/2024,P051,21,17,8,46
11/24/2024,P052,5,5,10,20
11/24/2024,P053,9,11,2,22
11/24/2024,P054,12,12,9,33
11/24/2024,P055,5,9,11,25
11/24/2024,P056,8,7,3,18
11/24/2024,P057,17,16,16,49
11/24/2024,P058,10,2,6,18
11/24/2024,P059,12,11,11,34
11/24/2024,P060,7,14,5,26
11/24/2024,P061,5,4,12,21
11/24/2024,P062,18,9,7,34
11/24/2024,P063,9,2,4,15
11/24/2024,P064,12,2,9,23
11/24/2024,P065,12,2,11,25
11/24/2024,P066,10,11,14,35
11/24/2024,P067,10,1,11,22
11/24/2024,P068,3,2,16,21
11/24/2024,P069,5,12,2,19
11/24/2024,P070,11,5,18,34
11/25/2024,P001,20,6,7,33
11/25/2024,P002,6,10,8,24
11/25/2024,P003,8,2,6,16
11/25/2024,P004,8,2,4,14
11/25/2024,P005,12,14,14,40
11/25/2024,P006,2,9,4,15
11/25/2024,P007,19,6,21,46
11/25/2024,P008,3,17,6,26
11/25/2024,P009,2,10,9,21
11/25/2024,P010,19,11,6,36
11/25/2024,P011,11,18,14,43
11/25/2024,P012,5,8,5,18
11/25/2024,P013,9,5,22,36
11/25/2024,P014,10,3,3,16
11/25/2024,P015,11,5,9,25
11/25/2024,P016,12,21,3,36
11/25/2024,P017,17,2,8,27
11/25/2024,P018,5,3,15,23
11/25/2024,P019,21,10,9,40
11/25/2024,P020,9,16,6,31
11/25/2024,P021,2,21,20,43
11/25/2024,P022,19,5,7,31
11/25/2024,P023,6,6,3,15
11/25/2024,P024,9,10,10,29
11/25/2024,P025,20,11,6,37
11/25/2024,P026,16,16,12,44
11/25/2024,P027,3,7,11,21
11/25/2024,P028,3,11,4,18
11/25/2024,P029,21,15,10,46
11/25/2024,P030,16,7,12,35
11/25/2024,P031,2,21,9,32
11/25/2024,P032,7,5,9,21
11/25/2024,P033,3,18,8,29
11/25/2024,P034,7,10,6,23
11/25/2024,P035,20,19,4,43
11/25/2024,P036,17,17,11,45
11/25/2024,P037,4,19,15,38
11/25/2024,P038,10,10,13,33
11/25/2024,P039,2,19,3,24
11/25/2024,P040,9,3,3,15
11/25/2024,P041,6,12,14,32
11/25/2024,P042,20,20,1,41
11/25/2024,P043,4,7,7,18
11/25/2024,P044,9,2,10,21
11/25/2024,P045,15,12,2,29
11/25/2024,P046,6,9,19,34
11/25/2024,P047,9,2,20,31
11/25/2024,P048,2,11,7,20
11/25/2024,P049,10,20,11,41
11/25/2024,P050,8,3,10,21
11/25/2024,P051,16,18,5,39
11/25/2024,P052,4,5,8,17
11/25/2024,P053,7,16,9,32
11/25/2024,P054,12,3,5,20
11/25/2024,P055,2,3,12,17
11/25/2024,P056,5,10,3,18
11/25/2024,P057,5,19,18,42
11/25/2024,P058,10,7,18,35
11/25/2024,P059,7,12,14,33
11/25/2024,P060,20,14,2,36
11/25/2024,P061,12,5,19,36
11/25/2024,P062,22,16,12,50
11/25/2024,P063,5,9,7,21
11/25/2024,P064,17,4,4,25
11/25/2024,P065,9,11,2,22
11/25/2024,P066,1,15,16,32
11/25/2024,P067,9,13,2,24
11/25/2024,P068,20,3,19,42
11/25/2024,P069,7,8,7,22
11/25/2024,P070,11,9,5,25
11/26/2024,P001,17,6,2,25
11/26/2024,P002,6,15,9,30
11/26/2024,P003,14,12,12,38
11/26/2024,P004,14,8,4,26
11/26/2024,P005,2,17,2,21
11/26/2024,P006,10,5,7,22
11/26/2024,P007,7,9,17,33
11/26/2024,P008,10,20,9,39
11/26/2024,P009,10,4,20,34
11/26/2024,P010,15,19,6,40
11/26/2024,P011,3,6,14,23
11/26/2024,P012,20,11,12,43
11/26/2024,P013,8,4,12,24
11/26/2024,P014,5,6,9,20
11/26/2024,P015,8,6,5,19
11/26/2024,P016,7,17,12,36
11/26/2024,P017,17,9,18,44
11/26/2024,P018,12,20,4,36
11/26/2024,P019,11,11,7,29
11/26/2024,P020,11,4,6,21
11/26/2024,P021,5,4,14,23
11/26/2024,P022,8,2,11,21
11/26/2024,P023,8,4,7,19
11/26/2024,P024,3,6,6,15
11/26/2024,P025,2,12,13,27
11/26/2024,P026,17,20,3,40
11/26/2024,P027,10,12,9,31
11/26/2024,P028,4,10,9,23
11/26/2024,P029,7,2,17,26
11/26/2024,P030,11,5,4,20
11/26/2024,P031,10,6,8,24
11/26/2024,P032,6,11,7,24
11/26/2024,P033,4,18,10,32
11/26/2024,P034,6,12,12,30
11/26/2024,P035,18,10,20,48
11/26/2024,P036,19,6,7,32
11/26/2024,P037,2,3,8,13
11/26/2024,P038,18,9,9,36
11/26/2024,P039,21,22,17,60
11/26/2024,P040,8,6,2,16
11/26/2024,P041,20,11,20,51
11/26/2024,P042,16,6,18,40
11/26/2024,P043,2,7,3,12
11/26/2024,P044,22,11,7,40
11/26/2024,P045,14,18,2,34
11/26/2024,P046,5,8,13,26
11/26/2024,P047,21,15,18,54
11/26/2024,P048,6,4,9,19
11/26/2024,P049,14,6,12,32
11/26/2024,P050,4,9,3,16
11/26/2024,P051,18,8,4,30
11/26/2024,P052,5,22,12,39
11/26/2024,P053,2,15,3,20
11/26/2024,P054,2,4,5,11
11/26/2024,P055,12,11,17,40
11/26/2024,P056,4,5,4,13
11/26/2024,P057,2,13,15,30
11/26/2024,P058,10,2,19,31
11/26/2024,P059,8,7,18,33
11/26/2024,P060,2,13,16,31
11/26/2024,P061,6,3,2,11
11/26/2024,P062,22,7,10,39
11/26/2024,P063,5,11,6,22
11/26/2024,P064,5,20,7,32
11/26/2024,P065,9,7,5,21
11/26/2024,P066,12,8,13,33
11/26/2024,P067,11,9,3,23
11/26/2024,P068,7,17,13,37
11/26/2024,P069,9,2,2,13
11/26/2024,P070,7,7,1,15
11/27/2024,P001,19,6,10,35
11/27/2024,P002,3,18,12,33
11/27/2024,P003,7,12,9,28
11/27/2024,P004,11,3,4,18
11/27/2024,P005,18,5,13,36
11/27/2024,P006,9,4,6,19
11/27/2024,P007,6,8,11,25
11/27/2024,P008,20,1,20,41
11/27/2024,P009,4,7,18,29
11/27/2024,P010,9,19,6,34
11/27/2024,P011,5,3,10,18
11/27/2024,P012,15,5,5,25
11/27/2024,P013,11,6,1,18
11/27/2024,P014,18,5,18,41
11/27/2024,P015,2,2,3,7
11/27/2024,P016,7,16,4,27
11/27/2024,P017,4,5,8,17
11/27/2024,P018,2,11,8,21
11/27/2024,P019,17,7,3,27
11/27/2024,P020,20,5,5,30
11/27/2024,P021,9,11,14,34
11/27/2024,P022,16,16,7,39
11/27/2024,P023,12,9,19,40
11/27/2024,P024,1,2,12,15
11/27/2024,P025,8,5,19,32
11/27/2024,P026,19,7,11,37
11/27/2024,P027,10,12,6,28
11/27/2024,P028,19,11,12,42
11/27/2024,P029,6,2,10,18
11/27/2024,P030,12,12,18,42
11/27/2024,P031,7,2,5,14
11/27/2024,P032,2,11,5,18
11/27/2024,P033,4,6,9,19
11/27/2024,P034,4,6,5,15
11/27/2024,P035,10,5,20,35
11/27/2024,P036,15,19,11,45
11/27/2024,P037,4,18,13,35
11/27/2024,P038,14,4,17,35
11/27/2024,P039,1,18,2,21
11/27/2024,P040,5,9,10,24
11/27/2024,P041,17,2,21,40
11/27/2024,P042,20,14,10,44
11/27/2024,P043,6,2,11,19
11/27/2024,P044,1,7,12,20
11/27/2024,P045,13,12,1,26
11/27/2024,P046,6,9,10,25
11/27/2024,P047,21,19,10,50
11/27/2024,P048,6,10,20,36
11/27/2024,P049,4,16,4,24
11/27/2024,P050,7,3,2,12
11/27/2024,P051,20,11,12,43
11/27/2024,P052,5,18,2,25
11/27/2024,P053,14,4,11,29
11/27/2024,P054,7,10,2,19
11/27/2024,P055,3,7,17,27
11/27/2024,P056,12,6,3,21
11/27/2024,P057,18,7,17,42
11/27/2024,P058,12,10,6,28
11/27/2024,P059,5,8,12,25
11/27/2024,P060,12,7,11,30
11/27/2024,P061,6,7,7,20
11/27/2024,P062,18,3,3,24
11/27/2024,P063,2,8,3,13
11/27/2024,P064,14,20,20,54
11/27/2024,P065,6,11,8,25
11/27/2024,P066,3,13,7,23
11/27/2024,P067,11,17,12,40
11/27/2024,P068,3,2,7,12
11/27/2024,P069,6,6,10,22
11/27/2024,P070,6,12,10,28
11/28/2024,P001,3,11,6,20
11/28/2024,P002,6,6,15,27
11/28/2024,P003,22,9,7,38
11/28/2024,P004,20,5,9,34
11/28/2024,P005,5,13,12,30
11/28/2024,P006,12,11,3,26
11/28/2024,P007,2,9,18,29
11/28/2024,P008,3,19,1,23
11/28/2024,P009,7,6,15,28
11/28/2024,P010,2,2,11,15
11/28/2024,P011,4,17,18,39
11/28/2024,P012,21,11,9,41
11/28/2024,P013,2,12,10,24
11/28/2024,P014,6,20,6,32
11/28/2024,P015,6,8,6,20
11/28/2024,P016,10,13,10,33
11/28/2024,P017,18,3,19,40
11/28/2024,P018,6,8,5,19
11/28/2024,P019,2,2,4,8
11/28/2024,P020,20,17,19,56
11/28/2024,P021,3,5,1,9
11/28/2024,P022,12,11,7,30
11/28/2024,P023,4,12,14,30
11/28/2024,P024,20,9,2,31
11/28/2024,P025,3,7,7,17
11/28/2024,P026,15,16,10,41
11/28/2024,P027,12,2,16,30
11/28/2024,P028,21,11,3,35
11/28/2024,P029,3,14,18,35
11/28/2024,P030,3,4,22,29
11/28/2024,P031,11,9,7,27
11/28/2024,P032,5,2,12,19
11/28/2024,P033,7,2,11,20
11/28/2024,P034,8,2,4,14
11/28/2024,P035,9,11,12,32
11/28/2024,P036,13,1,11,25
11/28/2024,P037,10,2,11,23
11/28/2024,P038,17,12,5,34
11/28/2024,P039,19,22,15,56
11/28/2024,P040,7,8,5,20
11/28/2024,P041,14,15,14,43
11/28/2024,P042,5,18,10,33
11/28/2024,P043,6,5,7,18
11/28/2024,P044,7,11,11,29
11/28/2024,P045,6,19,15,40
11/28/2024,P046,9,10,2,21
11/28/2024,P047,17,20,9,46
11/28/2024,P048,2,6,4,12
11/28/2024,P049,3,7,6,16
11/28/2024,P050,12,2,5,19
11/28/2024,P051,4,3,5,12
11/28/2024,P052,11,7,5,23
11/28/2024,P053,7,12,7,26
11/28/2024,P054,2,7,5,14
11/28/2024,P055,7,2,2,11
11/28/2024,P056,5,6,8,19
11/28/2024,P057,6,3,7,16
11/28/2024,P058,8,5,1,14
11/28/2024,P059,6,5,2,13
11/28/2024,P060,7,3,16,26
11/28/2024,P061,9,7,11,27
11/28/2024,P062,11,2,2,15
11/28/2024,P063,5,5,6,16
11/28/2024,P064,15,12,7,34
11/28/2024,P065,3,11,2,16
11/28/2024,P066,20,11,21,52
11/28/2024,P067,11,5,5,21
11/28/2024,P068,20,15,3,38
11/28/2024,P069,12,6,5,23
11/28/2024,P070,2,9,21,32
11/29/2024,P001,4,8,9,21
11/29/2024,P002,8,8,2,18
11/29/2024,P003,5,8,5,18
11/29/2024,P004,1,9,4,14
11/29/2024,P005,3,7,4,14
11/29/2024,P006,6,10,6,22
11/29/2024,P007,5,7,5,17
11/29/2024,P008,20,19,2,41
11/29/2024,P009,6,3,17,26
11/29/2024,P010,13,12,8,33
11/29/2024,P011,7,20,3,30
11/29/2024,P012,22,7,2,31
11/29/2024,P013,3,2,17,22
11/29/2024,P014,17,12,6,35
11/29/2024,P015,9,9,7,25
11/29/2024,P016,7,2,5,14
11/29/2024,P017,11,11,15,37
11/29/2024,P018,11,20,10,41
11/29/2024,P019,17,3,8,28
11/29/2024,P020,15,18,5,38
11/29/2024,P021,12,5,12,29
11/29/2024,P022,11,16,12,39
11/29/2024,P023,11,3,17,31
11/29/2024,P024,17,3,2,22
11/29/2024,P025,5,10,19,34
11/29/2024,P026,13,19,18,50
11/29/2024,P027,5,7,15,27
11/29/2024,P028,14,12,4,30
11/29/2024,P029,4,14,15,33
11/29/2024,P030,17,5,20,42
11/29/2024,P031,10,16,20,46
11/29/2024,P032,12,9,6,27
11/29/2024,P033,12,4,11,27
11/29/2024,P034,4,11,4,19
11/29/2024,P035,3,15,2,20
11/29/2024,P036,11,13,6,30
11/29/2024,P037,18,3,8,29
11/29/2024,P038,5,8,1,14
11/29/2024,P039,1,18,17,36
11/29/2024,P040,20,9,7,36
11/29/2024,P041,2,11,20,33
11/29/2024,P042,20,8,21,49
11/29/2024,P043,6,4,7,17
11/29/2024,P044,10,8,11,29
11/29/2024,P045,19,4,17,40
11/29/2024,P046,12,11,13,36
11/29/2024,P047,11,3,3,17
11/29/2024,P048,11,11,7,29
11/29/2024,P049,10,13,10,33
11/29/2024,P050,2,12,6,20
11/29/2024,P051,1,21,3,25
11/29/2024,P052,5,7,7,19
11/29/2024,P053,6,16,2,24
11/29/2024,P054,10,12,9,31
11/29/2024,P055,3,2,3,8
11/29/2024,P056,3,2,5,10
11/29/2024,P057,18,6,6,30
11/29/2024,P058,5,6,16,27
11/29/2024,P059,5,6,18,29
11/29/2024,P060,9,11,15,35
11/29/2024,P061,9,10,14,33
11/29/2024,P062,9,10,5,24
11/29/2024,P063,9,4,9,22
11/29/2024,P064,18,2,18,38
11/29/2024,P065,10,6,5,21
11/29/2024,P066,4,8,19,31
11/29/2024,P067,8,1,4,13
11/29/2024,P068,8,17,6,31
11/29/2024,P069,9,10,6,25
11/29/2024,P070,5,3,17,25
11/30/2024,P001,19,4,10,33
11/30/2024,P002,2,14,2,18
11/30/2024,P003,20,4,12,36
11/30/2024,P004,17,4,5,26
11/30/2024,P005,7,9,5,21
11/30/2024,P006,6,6,9,21
11/30/2024,P007,8,9,14,31
11/30/2024,P008,13,22,6,41
11/30/2024,P009,3,6,10,19
11/30/2024,P010,18,11,4,33
11/30/2024,P011,9,6,12,27
11/30/2024,P012,3,7,6,16
11/30/2024,P013,12,11,10,33
11/30/2024,P014,11,18,11,40
11/30/2024,P015,10,8,3,21
11/30/2024,P016,6,15,12,33
11/30/2024,P017,14,4,4,22
11/30/2024,P018,5,6,11,22
11/30/2024,P019,6,9,12,27
11/30/2024,P020,2,8,3,13
11/30/2024,P021,7,22,10,39
11/30/2024,P022,14,15,3,32
11/30/2024,P023,5,4,11,20
11/30/2024,P024,22,11,9,42
11/30/2024,P025,9,5,6,20
11/30/2024,P026,11,13,16,40
11/30/2024,P027,8,2,15,25
11/30/2024,P028,13,7,10,30
11/30/2024,P029,4,13,5,22
11/30/2024,P030,10,3,16,29
11/30/2024,P031,8,7,16,31
11/30/2024,P032,7,11,6,24
11/30/2024,P033,14,20,11,45
11/30/2024,P034,9,7,8,24
11/30/2024,P035,22,8,15,45
11/30/2024,P036,3,9,10,22
11/30/2024,P037,12,17,1,30
11/30/2024,P038,13,2,13,28
11/30/2024,P039,7,14,4,25
11/30/2024,P040,16,7,10,33
11/30/2024,P041,12,7,19,38
11/30/2024,P042,14,20,6,40
11/30/2024,P043,7,10,11,28
11/30/2024,P044,22,12,5,39
11/30/2024,P045,20,9,10,39
11/30/2024,P046,6,7,14,27
11/30/2024,P047,18,1,22,41
11/30/2024,P048,10,5,19,34
11/30/2024,P049,19,14,10,43
11/30/2024,P050,4,11,7,22
11/30/2024,P051,2,14,6,22
11/30/2024,P052,8,12,9,29
11/30/2024,P053,9,18,2,29
11/30/2024,P054,5,9,3,17
11/30/2024,P055,11,9,8,28
11/30/2024,P056,6,3,14,23
11/30/2024,P057,20,5,3,28
11/30/2024,P058,3,2,13,18
11/30/2024,P059,3,5,5,13
11/30/2024,P060,4,14,4,22
11/30/2024,P061,9,9,4,22
11/30/2024,P062,10,10,6,26
11/30/2024,P063,3,12,8,23
11/30/2024,P064,3,15,18,36
11/30/2024,P065,2,10,5,17
11/30/2024,P066,20,1,9,30
11/30/2024,P067,3,13,6,22
11/30/2024,P068,7,4,5,16
11/30/2024,P069,7,5,2,14
11/30/2024,P070,10,10,16,36
12/1/2024,P001,14,12,10,36
12/1/2024,P002,8,7,14,29
12/1/2024,P003,7,5,4,16
12/1/2024,P004,18,9,3,30
12/1/2024,P005,8,15,8,31
12/1/2024,P006,8,2,8,18
12/1/2024,P007,1,9,1,11
12/1/2024,P008,6,18,7,31
12/1/2024,P009,6,9,6,21
12/1/2024,P010,20,2,12,34
12/1/2024,P011,2,14,5,21
12/1/2024,P012,7,2,9,18
12/1/2024,P013,5,7,16,28
12/1/2024,P014,11,12,13,36
12/1/2024,P015,3,9,11,23
12/1/2024,P016,3,19,20,42
12/1/2024,P017,18,10,4,32
12/1/2024,P018,11,16,16,43
12/1/2024,P019,3,3,3,9
12/1/2024,P020,3,11,19,33
12/1/2024,P021,9,18,19,46
12/1/2024,P022,9,4,19,32
12/1/2024,P023,6,10,16,32
12/1/2024,P024,7,7,3,17
12/1/2024,P025,4,6,21,31
12/1/2024,P026,3,7,7,17
12/1/2024,P027,2,10,5,17
12/1/2024,P028,11,8,7,26
12/1/2024,P029,7,7,20,34
12/1/2024,P030,8,7,16,31
12/1/2024,P031,4,3,11,18
12/1/2024,P032,12,8,3,23
12/1/2024,P033,22,20,8,50
12/1/2024,P034,4,11,3,18
12/1/2024,P035,20,13,18,51
12/1/2024,P036,10,17,11,38
12/1/2024,P037,7,2,6,15
12/1/2024,P038,7,6,17,30
12/1/2024,P039,8,11,18,37
12/1/2024,P040,11,9,6,26
12/1/2024,P041,13,9,12,34
12/1/2024,P042,13,17,22,52
12/1/2024,P043,6,5,15,26
12/1/2024,P044,15,4,9,28
12/1/2024,P045,17,19,7,43
12/1/2024,P046,7,10,13,30
12/1/2024,P047,5,2,20,27
12/1/2024,P048,6,8,10,24
12/1/2024,P049,3,9,3,15
12/1/2024,P050,6,2,7,15
12/1/2024,P051,13,7,11,31
12/1/2024,P052,3,9,8,20
12/1/2024,P053,15,7,9,31
12/1/2024,P054,6,5,12,23
12/1/2024,P055,3,11,6,20
12/1/2024,P056,11,3,11,25
12/1/2024,P057,9,20,17,46
12/1/2024,P058,4,8,18,30
12/1/2024,P059,10,3,3,16
12/1/2024,P060,4,2,12,18
12/1/2024,P061,12,9,13,34
12/1/2024,P062,7,15,7,29
12/1/2024,P063,12,5,9,26
12/1/2024,P064,6,18,13,37
12/1/2024,P065,11,11,10,32
12/1/2024,P066,1,6,12,19
12/1/2024,P067,5,17,12,34
12/1/2024,P068,14,18,20,52
12/1/2024,P069,5,4,8,17
12/1/2024,P070,9,12,13,34
12/2/2024,P001,9,10,6,25
12/2/2024,P002,11,20,14,45
12/2/2024,P003,21,12,5,38
12/2/2024,P004,10,8,2,20
12/2/2024,P005,16,2,10,28
12/2/2024,P006,9,9,9,27
12/2/2024,P007,10,20,19,49
12/2/2024,P008,21,22,22,65
12/2/2024,P009,9,8,20,37
12/2/2024,P010,8,15,10,33
12/2/2024,P011,12,18,14,44
12/2/2024,P012,8,5,3,16
12/2/2024,P013,4,11,3,18
12/2/2024,P014,10,19,15,44
12/2/2024,P015,10,10,12,32
12/2/2024,P016,6,20,3,29
12/2/2024,P017,12,6,1,19
12/2/2024,P018,2,7,18,27
12/2/2024,P019,19,2,4,25
12/2/2024,P020,3,3,5,11
12/2/2024,P021,2,7,19,28
12/2/2024,P022,19,12,8,39
12/2/2024,P023,11,7,19,37
12/2/2024,P024,5,2,2,9
12/2/2024,P025,9,6,19,34
12/2/2024,P026,10,3,10,23
12/2/2024,P027,8,5,7,20
12/2/2024,P028,2,5,12,19
12/2/2024,P029,12,3,18,33
12/2/2024,P030,9,7,19,35
12/2/2024,P031,5,2,9,16
12/2/2024,P032,5,5,6,16
12/2/2024,P033,16,12,3,31
12/2/2024,P034,4,11,7,22
12/2/2024,P035,2,11,3,16
12/2/2024,P036,5,5,10,20
12/2/2024,P037,3,15,6,24
12/2/2024,P038,9,6,12,27
12/2/2024,P039,14,4,11,29
12/2/2024,P040,9,9,4,22
12/2/2024,P041,11,20,10,41
12/2/2024,P042,9,10,12,31
12/2/2024,P043,9,2,9,20
12/2/2024,P044,3,2,9,14
12/2/2024,P045,16,13,6,35
12/2/2024,P046,11,11,1,23
12/2/2024,P047,14,16,2,32
12/2/2024,P048,6,7,17,30
12/2/2024,P049,5,14,5,24
12/2/2024,P050,6,12,9,27
12/2/2024,P051,9,17,12,38
12/2/2024,P052,4,22,10,36
12/2/2024,P053,5,12,11,28
12/2/2024,P054,2,3,7,12
12/2/2024,P055,5,8,4,17
12/2/2024,P056,12,8,12,32
12/2/2024,P057,15,12,13,40
12/2/2024,P058,6,9,3,18
12/2/2024,P059,4,10,7,21
12/2/2024,P060,6,16,16,38
12/2/2024,P061,6,10,17,33
12/2/2024,P062,6,9,7,22
12/2/2024,P063,7,3,7,17
12/2/2024,P064,17,3,18,38
12/2/2024,P065,10,10,11,31
12/2/2024,P066,6,6,12,24
12/2/2024,P067,9,12,2,23
12/2/2024,P068,14,11,12,37
12/2/2024,P069,12,3,9,24
12/2/2024,P070,12,6,2,20
12/3/2024,P001,14,4,11,29
12/3/2024,P002,8,2,13,23
12/3/2024,P003,21,6,3,30
12/3/2024,P004,5,11,11,27
12/3/2024,P005,5,7,10,22
12/3/2024,P006,8,3,7,18
12/3/2024,P007,11,18,9,38
12/3/2024,P008,22,18,13,53
12/3/2024,P009,8,9,18,35
12/3/2024,P010,15,11,4,30
12/3/2024,P011,12,8,7,27
12/3/2024,P012,6,4,5,15
12/3/2024,P013,6,8,14,28
12/3/2024,P014,10,4,10,24
12/3/2024,P015,7,11,12,30
12/3/2024,P016,2,3,1,6
12/3/2024,P017,2,11,18,31
12/3/2024,P018,10,13,15,38
12/3/2024,P019,7,12,12,31
12/3/2024,P020,10,21,18,49
12/3/2024,P021,10,7,12,29
12/3/2024,P022,15,16,18,49
12/3/2024,P023,3,12,2,17
12/3/2024,P024,20,2,9,31
12/3/2024,P025,8,2,1,11
12/3/2024,P026,5,6,22,33
12/3/2024,P027,7,6,3,16
12/3/2024,P028,1,6,9,16
12/3/2024,P029,14,11,3,28
12/3/2024,P030,5,10,8,23
12/3/2024,P031,11,10,15,36
12/3/2024,P032,12,4,8,24
12/3/2024,P033,16,2,5,23
12/3/2024,P034,4,6,4,14
12/3/2024,P035,15,8,7,30
12/3/2024,P036,18,1,6,25
12/3/2024,P037,11,17,13,41
12/3/2024,P038,15,10,3,28
12/3/2024,P039,11,12,9,32
12/3/2024,P040,15,20,9,44
12/3/2024,P041,11,15,17,43
12/3/2024,P042,19,15,4,38
12/3/2024,P043,10,12,8,30
12/3/2024,P044,15,10,8,33
12/3/2024,P045,20,9,7,36
12/3/2024,P046,11,11,16,38
12/3/2024,P047,1,9,15,25
12/3/2024,P048,6,2,17,25
12/3/2024,P049,19,20,9,48
12/3/2024,P050,4,7,10,21
12/3/2024,P051,18,8,12,38
12/3/2024,P052,8,9,4,21
12/3/2024,P053,6,13,8,27
12/3/2024,P054,8,6,9,23
12/3/2024,P055,2,4,11,17
12/3/2024,P056,12,12,17,41
12/3/2024,P057,14,18,8,40
12/3/2024,P058,5,8,9,22
12/3/2024,P059,10,4,8,22
12/3/2024,P060,16,11,18,45
12/3/2024,P061,11,6,5,22
12/3/2024,P062,20,14,9,43
12/3/2024,P063,9,6,9,24
12/3/2024,P064,8,7,16,31
12/3/2024,P065,5,6,6,17
12/3/2024,P066,21,13,13,47
12/3/2024,P067,4,3,11,18
12/3/2024,P068,16,9,18,43
12/3/2024,P069,4,2,8,14
12/3/2024,P070,12,9,15,36
12/4/2024,P001,2,4,12,18
12/4/2024,P002,6,12,7,25
12/4/2024,P003,4,6,7,17
12/4/2024,P004,12,2,8,22
12/4/2024,P005,4,11,11,26
12/4/2024,P006,2,11,9,22
12/4/2024,P007,4,12,18,34
12/4/2024,P008,4,14,5,23
12/4/2024,P009,9,7,10,26
12/4/2024,P010,5,7,4,16
12/4/2024,P011,4,20,7,31
12/4/2024,P012,5,10,7,22
12/4/2024,P013,12,12,22,46
12/4/2024,P014,5,9,9,23
12/4/2024,P015,4,7,6,17
12/4/2024,P016,10,1,11,22
12/4/2024,P017,18,5,17,40
12/4/2024,P018,9,14,17,40
12/4/2024,P019,6,11,10,27
12/4/2024,P020,20,14,4,38
12/4/2024,P021,4,12,14,30
12/4/2024,P022,9,18,16,43
12/4/2024,P023,5,9,19,33
12/4/2024,P024,15,9,3,27
12/4/2024,P025,11,3,10,24
12/4/2024,P026,18,5,12,35
12/4/2024,P027,7,2,9,18
12/4/2024,P028,15,5,5,25
12/4/2024,P029,22,14,12,48
12/4/2024,P030,2,9,18,29
12/4/2024,P031,12,10,4,26
12/4/2024,P032,5,12,2,19
12/4/2024,P033,9,15,9,33
12/4/2024,P034,9,10,11,30
12/4/2024,P035,22,1,19,42
12/4/2024,P036,6,13,12,31
12/4/2024,P037,7,4,19,30
12/4/2024,P038,2,5,11,18
12/4/2024,P039,20,20,6,46
12/4/2024,P040,4,18,12,34
12/4/2024,P041,9,16,10,35
12/4/2024,P042,15,18,18,51
12/4/2024,P043,2,12,5,19
12/4/2024,P044,19,6,10,35
12/4/2024,P045,19,9,16,44
12/4/2024,P046,9,10,13,32
12/4/2024,P047,19,13,22,54
12/4/2024,P048,6,10,18,34
12/4/2024,P049,14,14,5,33
12/4/2024,P050,9,12,2,23
12/4/2024,P051,10,6,8,24
12/4/2024,P052,10,20,7,37
12/4/2024,P053,18,5,4,27
12/4/2024,P054,9,7,2,18
12/4/2024,P055,6,2,4,12
12/4/2024,P056,8,5,17,30
12/4/2024,P057,13,12,10,35
12/4/2024,P058,6,9,17,32
12/4/2024,P059,3,10,16,29
12/4/2024,P060,14,9,7,30
12/4/2024,P061,5,7,19,31
12/4/2024,P062,11,8,10,29
12/4/2024,P063,2,11,9,22
12/4/2024,P064,7,19,5,31
12/4/2024,P065,7,12,5,24
12/4/2024,P066,7,19,21,47
12/4/2024,P067,9,11,7,27
12/4/2024,P068,20,6,12,38
12/4/2024,P069,5,4,9,18
12/4/2024,P070,3,5,19,27
12/5/2024,P001,19,2,5,26
12/5/2024,P002,12,7,3,22
12/5/2024,P003,8,9,7,24
12/5/2024,P004,8,3,9,20
12/5/2024,P005,8,18,19,45
12/5/2024,P006,10,7,9,26
12/5/2024,P007,6,4,11,21
12/5/2024,P008,20,11,1,32
12/5/2024,P009,7,9,9,25
12/5/2024,P010,12,9,2,23
12/5/2024,P011,11,17,3,31
12/5/2024,P012,4,5,9,18
12/5/2024,P013,2,4,5,11
12/5/2024,P014,17,19,11,47
12/5/2024,P015,10,10,11,31
12/5/2024,P016,9,2,6,17
12/5/2024,P017,5,8,18,31
12/5/2024,P018,12,9,7,28
12/5/2024,P019,2,2,2,6
12/5/2024,P020,3,7,6,16
12/5/2024,P021,7,9,20,36
12/5/2024,P022,2,7,3,12
12/5/2024,P023,4,5,11,20
12/5/2024,P024,21,11,12,44
12/5/2024,P025,2,3,8,13
12/5/2024,P026,6,20,1,27
12/5/2024,P027,2,8,18,28
12/5/2024,P028,16,3,3,22
12/5/2024,P029,16,2,4,22
12/5/2024,P030,14,9,8,31
12/5/2024,P031,7,15,8,30
12/5/2024,P032,9,5,8,22
12/5/2024,P033,1,18,4,23
12/5/2024,P034,4,11,3,18
12/5/2024,P035,18,6,14,38
12/5/2024,P036,17,17,2,36
12/5/2024,P037,7,18,7,32
12/5/2024,P038,7,4,10,21
12/5/2024,P039,1,9,16,26
12/5/2024,P040,8,15,3,26
12/5/2024,P041,16,7,18,41
12/5/2024,P042,9,6,22,37
12/5/2024,P043,10,9,7,26
12/5/2024,P044,10,2,7,19
12/5/2024,P045,14,10,2,26
12/5/2024,P046,2,2,11,15
12/5/2024,P047,9,22,18,49
12/5/2024,P048,11,6,3,20
12/5/2024,P049,2,12,10,24
12/5/2024,P050,11,10,4,25
12/5/2024,P051,20,2,6,28
12/5/2024,P052,6,18,9,33
12/5/2024,P053,4,10,2,16
12/5/2024,P054,8,3,10,21
12/5/2024,P055,10,6,19,35
12/5/2024,P056,6,10,4,20
12/5/2024,P057,6,19,12,37
12/5/2024,P058,9,10,10,29
12/5/2024,P059,5,3,5,13
12/5/2024,P060,6,18,12,36
12/5/2024,P061,3,10,13,26
12/5/2024,P062,20,18,2,40
12/5/2024,P063,10,12,20,42
12/5/2024,P064,17,14,11,42
12/5/2024,P065,5,2,7,14
12/5/2024,P066,18,7,1,26
12/5/2024,P067,8,10,11,29
12/5/2024,P068,7,16,19,42
12/5/2024,P069,3,11,10,24
12/5/2024,P070,10,5,20,35
12/6/2024,P001,11,7,10,28
12/6/2024,P002,2,9,11,22
12/6/2024,P003,14,9,10,33
12/6/2024,P004,22,12,5,39
12/6/2024,P005,17,9,19,45
12/6/2024,P006,6,2,20,28
12/6/2024,P007,3,5,10,18
12/6/2024,P008,16,4,2,22
12/6/2024,P009,9,9,3,21
12/6/2024,P010,20,20,7,47
12/6/2024,P011,7,10,8,25
12/6/2024,P012,16,2,6,24
12/6/2024,P013,11,2,10,23
12/6/2024,P014,14,13,13,40
12/6/2024,P015,3,11,11,25
12/6/2024,P016,6,16,4,26
12/6/2024,P017,3,7,7,17
12/6/2024,P018,6,14,6,26
12/6/2024,P019,5,12,6,23
12/6/2024,P020,20,17,4,41
12/6/2024,P021,6,22,6,34
12/6/2024,P022,13,12,17,42
12/6/2024,P023,7,3,15,25
12/6/2024,P024,22,8,3,33
12/6/2024,P025,3,8,19,30
12/6/2024,P026,17,12,10,39
12/6/2024,P027,5,9,6,20
12/6/2024,P028,13,10,6,29
12/6/2024,P029,16,16,10,42
12/6/2024,P030,16,10,19,45
12/6/2024,P031,7,9,5,21
12/6/2024,P032,2,3,11,16
12/6/2024,P033,12,3,9,24
12/6/2024,P034,5,10,4,19
12/6/2024,P035,8,6,17,31
12/6/2024,P036,11,12,2,25
12/6/2024,P037,11,11,19,41
12/6/2024,P038,11,3,18,32
12/6/2024,P039,17,8,15,40
12/6/2024,P040,5,17,4,26
12/6/2024,P041,5,10,15,30
12/6/2024,P042,2,8,20,30
12/6/2024,P043,2,8,20,30
12/6/2024,P044,18,9,9,36
12/6/2024,P045,4,15,16,35
12/6/2024,P046,7,3,3,13
12/6/2024,P047,18,18,8,44
12/6/2024,P048,8,9,17,34
12/6/2024,P049,7,4,8,19
12/6/2024,P050,6,12,9,27
12/6/2024,P051,18,9,12,39
12/6/2024,P052,4,15,6,25
12/6/2024,P053,16,18,6,40
12/6/2024,P054,9,11,4,24
12/6/2024,P055,9,6,11,26
12/6/2024,P056,12,9,18,39
12/6/2024,P057,19,4,15,38
12/6/2024,P058,12,11,8,31
12/6/2024,P059,9,5,4,18
12/6/2024,P060,6,18,13,37
12/6/2024,P061,10,11,20,41
12/6/2024,P062,5,19,4,28
12/6/2024,P063,4,12,18,34
12/6/2024,P064,9,17,4,30
12/6/2024,P065,11,2,10,23
12/6/2024,P066,14,19,19,52
12/6/2024,P067,11,18,8,37
12/6/2024,P068,16,15,4,35
12/6/2024,P069,7,11,11,29
12/6/2024,P070,11,2,3,16
12/7/2024,P001,14,6,6,26
12/7/2024,P002,9,4,14,27
12/7/2024,P003,18,9,9,36
12/7/2024,P004,11,5,9,25
12/7/2024,P005,14,17,2,33
12/7/2024,P006,9,2,18,29
12/7/2024,P007,1,8,8,17
12/7/2024,P008,16,12,21,49
12/7/2024,P009,9,20,22,51
12/7/2024,P010,5,15,6,26
12/7/2024,P011,10,15,9,34
12/7/2024,P012,4,12,12,28
12/7/2024,P013,7,10,22,39
12/7/2024,P014,17,9,13,39
12/7/2024,P015,2,11,7,20
12/7/2024,P016,2,9,13,24
12/7/2024,P017,7,2,7,16
12/7/2024,P018,6,20,3,29
12/7/2024,P019,8,7,6,21
12/7/2024,P020,13,8,22,43
12/7/2024,P021,3,9,13,25
12/7/2024,P022,18,13,6,37
12/7/2024,P023,9,6,8,23
12/7/2024,P024,3,4,10,17
12/7/2024,P025,12,12,9,33
12/7/2024,P026,11,18,17,46
12/7/2024,P027,7,8,6,21
12/7/2024,P028,10,4,7,21
12/7/2024,P029,9,11,5,25
12/7/2024,P030,11,6,15,32
12/7/2024,P031,10,14,10,34
12/7/2024,P032,6,6,8,20
12/7/2024,P033,3,7,8,18
12/7/2024,P034,3,6,11,20
12/7/2024,P035,9,13,11,33
12/7/2024,P036,11,3,9,23
12/7/2024,P037,15,9,6,30
12/7/2024,P038,18,2,16,36
12/7/2024,P039,18,10,15,43
12/7/2024,P040,10,10,10,30
12/7/2024,P041,6,9,5,20
12/7/2024,P042,13,14,16,43
12/7/2024,P043,5,4,16,25
12/7/2024,P044,7,3,9,19
12/7/2024,P045,6,11,15,32
12/7/2024,P046,12,8,5,25
12/7/2024,P047,11,12,9,32
12/7/2024,P048,4,10,13,27
12/7/2024,P049,12,9,3,24
12/7/2024,P050,9,3,11,23
12/7/2024,P051,13,5,2,20
12/7/2024,P052,7,17,4,28
12/7/2024,P053,10,14,6,30
12/7/2024,P054,10,12,7,29
12/7/2024,P055,12,2,13,27
12/7/2024,P056,2,6,11,19
12/7/2024,P057,20,9,15,44
12/7/2024,P058,6,7,21,34
12/7/2024,P059,7,9,8,24
12/7/2024,P060,14,17,5,36
12/7/2024,P061,10,11,14,35
12/7/2024,P062,18,14,9,41
12/7/2024,P063,7,8,15,30
12/7/2024,P064,4,11,2,17
12/7/2024,P065,2,9,9,20
12/7/2024,P066,16,6,12,34
12/7/2024,P067,2,16,12,30
12/7/2024,P068,19,15,9,43
12/7/2024,P069,7,6,7,20
12/7/2024,P070,7,5,1,13
12/8/2024,P001,7,4,5,16
12/8/2024,P002,4,4,2,10
12/8/2024,P003,14,12,9,35
12/8/2024,P004,4,4,9,17
12/8/2024,P005,4,6,12,22
12/8/2024,P006,4,9,15,28
12/8/2024,P007,3,10,3,16
12/8/2024,P008,4,20,14,38
12/8/2024,P009,20,18,20,58
12/8/2024,P010,9,16,4,29
12/8/2024,P011,11,18,12,41
12/8/2024,P012,15,12,9,36
12/8/2024,P013,11,6,7,24
12/8/2024,P014,6,9,19,34
12/8/2024,P015,5,10,6,21
12/8/2024,P016,11,13,17,41
12/8/2024,P017,8,10,4,22
12/8/2024,P018,8,14,17,39
12/8/2024,P019,1,12,12,25
12/8/2024,P020,6,6,3,15
12/8/2024,P021,6,20,8,34
12/8/2024,P022,20,5,3,28
12/8/2024,P023,2,7,3,12
12/8/2024,P024,7,2,12,21
12/8/2024,P025,5,5,11,21
12/8/2024,P026,11,12,10,33
12/8/2024,P027,4,9,11,24
12/8/2024,P028,4,10,3,17
12/8/2024,P029,1,9,12,22
12/8/2024,P030,15,7,4,26
12/8/2024,P031,12,8,11,31
12/8/2024,P032,9,11,6,26
12/8/2024,P033,11,19,11,41
12/8/2024,P034,2,12,2,16
12/8/2024,P035,22,19,16,57
12/8/2024,P036,10,11,3,24
12/8/2024,P037,9,6,21,36
12/8/2024,P038,9,4,7,20
12/8/2024,P039,10,15,5,30
12/8/2024,P040,11,6,7,24
12/8/2024,P041,12,12,20,44
12/8/2024,P042,18,7,16,41
12/8/2024,P043,3,5,11,19
12/8/2024,P044,5,11,4,20
12/8/2024,P045,20,13,8,41
12/8/2024,P046,8,9,10,27
12/8/2024,P047,10,11,22,43
12/8/2024,P048,12,10,20,42
12/8/2024,P049,3,6,2,11
12/8/2024,P050,2,11,11,24
12/8/2024,P051,7,8,3,18
12/8/2024,P052,7,10,8,25
12/8/2024,P053,6,17,2,25
12/8/2024,P054,11,12,6,29
12/8/2024,P055,2,11,10,23
12/8/2024,P056,3,2,14,19
12/8/2024,P057,17,19,18,54
12/8/2024,P058,7,10,15,32
12/8/2024,P059,12,7,17,36
12/8/2024,P060,19,15,10,44
12/8/2024,P061,9,3,11,23
12/8/2024,P062,16,10,11,37
12/8/2024,P063,6,6,17,29
12/8/2024,P064,7,16,3,26
12/8/2024,P065,5,3,12,20
12/8/2024,P066,13,21,13,47
12/8/2024,P067,3,7,4,14
12/8/2024,P068,13,5,19,37
12/8/2024,P069,10,6,10,26
12/8/2024,P070,2,9,2,13
12/9/2024,P001,2,8,4,14
12/9/2024,P002,3,6,16,25
12/9/2024,P003,22,6,10,38
12/9/2024,P004,15,6,5,26
12/9/2024,P005,2,20,11,33
12/9/2024,P006,7,11,17,35
12/9/2024,P007,6,10,17,33
12/9/2024,P008,5,9,1,15
12/9/2024,P009,18,15,2,35
12/9/2024,P010,5,7,8,20
12/9/2024,P011,3,6,15,24
12/9/2024,P012,17,9,7,33
12/9/2024,P013,8,2,3,13
12/9/2024,P014,3,10,15,28
12/9/2024,P015,9,2,2,13
12/9/2024,P016,8,22,23,53
12/9/2024,P017,16,6,13,35
12/9/2024,P018,9,12,13,34
12/9/2024,P019,10,10,5,25
12/9/2024,P020,21,2,18,41
12/9/2024,P021,9,18,6,33
12/9/2024,P022,8,10,10,28
12/9/2024,P023,12,3,20,35
12/9/2024,P024,8,6,3,17
12/9/2024,P025,4,10,14,28
12/9/2024,P026,10,19,16,45
12/9/2024,P027,3,10,13,26
12/9/2024,P028,6,3,11,20
12/9/2024,P029,12,18,20,50
12/9/2024,P030,4,10,4,18
12/9/2024,P031,3,18,16,37
12/9/2024,P032,3,12,12,27
12/9/2024,P033,10,14,2,26
12/9/2024,P034,11,2,8,21
12/9/2024,P035,1,7,19,27
12/9/2024,P036,10,10,2,22
12/9/2024,P037,8,16,19,43
12/9/2024,P038,17,11,10,38
12/9/2024,P039,5,17,7,29
12/9/2024,P040,16,20,12,48
12/9/2024,P041,6,17,18,41
12/9/2024,P042,20,20,19,59
12/9/2024,P043,7,12,9,28
12/9/2024,P044,21,7,11,39
12/9/2024,P045,16,12,22,50
12/9/2024,P046,8,3,10,21
12/9/2024,P047,8,1,1,10
12/9/2024,P048,10,6,3,19
12/9/2024,P049,10,17,2,29
12/9/2024,P050,10,4,6,20
12/9/2024,P051,14,2,11,27
12/9/2024,P052,12,6,11,29
12/9/2024,P053,19,5,11,35
12/9/2024,P054,7,6,3,16
12/9/2024,P055,6,10,4,20
12/9/2024,P056,11,11,18,40
12/9/2024,P057,16,13,5,34
12/9/2024,P058,11,11,20,42
12/9/2024,P059,9,12,14,35
12/9/2024,P060,3,8,18,29
12/9/2024,P061,11,12,20,43
12/9/2024,P062,13,1,11,25
12/9/2024,P063,3,12,10,25
12/9/2024,P064,20,19,12,51
12/9/2024,P065,8,2,11,21
12/9/2024,P066,7,19,6,32
12/9/2024,P067,12,10,2,24
12/9/2024,P068,7,7,13,27
12/9/2024,P069,9,7,11,27
12/9/2024,P070,3,3,16,22
12/10/2024,P001,19,4,5,28
12/10/2024,P002,2,16,11,29
12/10/2024,P003,16,11,6,33
12/10/2024,P004,12,12,4,28
12/10/2024,P005,4,17,2,23
12/10/2024,P006,8,8,10,26
12/10/2024,P007,9,11,1,21
12/10/2024,P008,19,8,20,47
12/10/2024,P009,15,17,8,40
12/10/2024,P010,20,10,4,34
12/10/2024,P011,8,8,2,18
12/10/2024,P012,17,8,5,30
12/10/2024,P013,12,9,5,26
12/10/2024,P014,3,15,3,21
12/10/2024,P015,2,3,5,10
12/10/2024,P016,10,18,6,34
12/10/2024,P017,5,9,3,17
12/10/2024,P018,8,4,8,20
12/10/2024,P019,11,12,10,33
12/10/2024,P020,22,9,1,32
12/10/2024,P021,8,15,3,26
12/10/2024,P022,15,18,18,51
12/10/2024,P023,12,11,7,30
12/10/2024,P024,6,6,10,22
12/10/2024,P025,6,9,3,18
12/10/2024,P026,10,4,3,17
12/10/2024,P027,7,11,15,33
12/10/2024,P028,11,5,12,28
12/10/2024,P029,3,18,3,24
12/10/2024,P030,7,11,1,19
12/10/2024,P031,12,19,18,49
12/10/2024,P032,5,12,2,19
12/10/2024,P033,22,17,3,42
12/10/2024,P034,8,2,4,14
12/10/2024,P035,7,19,2,28
12/10/2024,P036,5,18,9,32
12/10/2024,P037,5,15,1,21
12/10/2024,P038,6,11,22,39
12/10/2024,P039,12,5,3,20
12/10/2024,P040,18,18,9,45
12/10/2024,P041,17,12,3,32
12/10/2024,P042,8,2,8,18
12/10/2024,P043,2,6,15,23
12/10/2024,P044,7,2,9,18
12/10/2024,P045,11,9,6,26
12/10/2024,P046,10,7,20,37
12/10/2024,P047,3,17,7,27
12/10/2024,P048,4,11,20,35
12/10/2024,P049,18,14,8,40
12/10/2024,P050,6,8,4,18
12/10/2024,P051,22,10,2,34
12/10/2024,P052,6,20,7,33
12/10/2024,P053,2,13,10,25
12/10/2024,P054,10,11,6,27
12/10/2024,P055,7,6,10,23
12/10/2024,P056,2,7,12,21
12/10/2024,P057,20,9,2,31
12/10/2024,P058,11,11,19,41
12/10/2024,P059,3,9,4,16
12/10/2024,P060,6,6,14,26
12/10/2024,P061,10,10,12,32
12/10/2024,P062,15,16,6,37
12/10/2024,P063,6,2,6,14
12/10/2024,P064,7,2,11,20
12/10/2024,P065,2,9,5,16
12/10/2024,P066,21,1,17,39
12/10/2024,P067,5,22,10,37
12/10/2024,P068,3,3,9,15
12/10/2024,P069,9,8,11,28
12/10/2024,P070,9,12,9,30
12/11/2024,P001,3,9,5,17
12/11/2024,P002,8,14,9,31
12/11/2024,P003,10,5,7,22
12/11/2024,P004,9,2,11,22
12/11/2024,P005,10,14,15,39
12/11/2024,P006,7,4,6,17
12/11/2024,P007,7,19,18,44
12/11/2024,P008,9,10,15,34
12/11/2024,P009,17,10,3,30
12/11/2024,P010,3,9,9,21
12/11/2024,P011,9,14,2,25
12/11/2024,P012,17,4,12,33
12/11/2024,P013,4,3,12,19
12/11/2024,P014,4,11,17,32
12/11/2024,P015,8,8,10,26
12/11/2024,P016,11,12,7,30
12/11/2024,P017,4,10,20,34
12/11/2024,P018,2,9,10,21
12/11/2024,P019,4,3,4,11
12/11/2024,P020,4,5,9,18
12/11/2024,P021,9,17,9,35
12/11/2024,P022,5,14,14,33
12/11/2024,P023,4,12,3,19
12/11/2024,P024,5,2,4,11
12/11/2024,P025,12,6,3,21
12/11/2024,P026,5,9,14,28
12/11/2024,P027,12,7,10,29
12/11/2024,P028,20,9,12,41
12/11/2024,P029,11,17,1,29
12/11/2024,P030,19,11,18,48
12/11/2024,P031,11,14,15,40
12/11/2024,P032,7,8,9,24
12/11/2024,P033,18,11,12,41
12/11/2024,P034,9,9,6,24
12/11/2024,P035,6,6,19,31
12/11/2024,P036,17,16,3,36
12/11/2024,P037,7,15,10,32
12/11/2024,P038,20,6,12,38
12/11/2024,P039,8,20,9,37
12/11/2024,P040,15,10,5,30
12/11/2024,P041,11,12,12,35
12/11/2024,P042,15,12,18,45
12/11/2024,P043,8,6,4,18
12/11/2024,P044,6,2,7,15
12/11/2024,P045,12,12,6,30
12/11/2024,P046,8,6,14,28
12/11/2024,P047,17,12,11,40
12/11/2024,P048,4,12,5,21
12/11/2024,P049,6,20,7,33
12/11/2024,P050,2,9,9,20
12/11/2024,P051,4,5,8,17
12/11/2024,P052,12,18,7,37
12/11/2024,P053,20,7,6,33
12/11/2024,P054,11,11,9,31
12/11/2024,P055,3,6,2,11
12/11/2024,P056,8,6,2,16
12/11/2024,P057,19,9,16,44
12/11/2024,P058,9,10,15,34
12/11/2024,P059,10,3,2,15
12/11/2024,P060,16,12,17,45
12/11/2024,P061,3,5,18,26
12/11/2024,P062,7,12,4,23
12/11/2024,P063,9,3,20,32
12/11/2024,P064,18,19,9,46
12/11/2024,P065,5,3,7,15
12/11/2024,P066,19,10,4,33
12/11/2024,P067,4,12,6,22
12/11/2024,P068,6,9,9,24
12/11/2024,P069,10,9,10,29
12/11/2024,P070,3,7,13,23
12/12/2024,P001,18,4,11,33
12/12/2024,P002,3,6,18,27
12/12/2024,P003,7,3,10,20
12/12/2024,P004,9,11,10,30
12/12/2024,P005,18,2,11,31
12/12/2024,P006,2,2,20,24
12/12/2024,P007,18,19,17,54
12/12/2024,P008,14,15,7,36
12/12/2024,P009,10,6,5,21
12/12/2024,P010,4,12,4,20
12/12/2024,P011,2,7,14,23
12/12/2024,P012,1,5,4,10
12/12/2024,P013,2,11,4,17
12/12/2024,P014,17,13,17,47
12/12/2024,P015,8,9,9,26
12/12/2024,P016,7,11,1,19
12/12/2024,P017,8,10,5,23
12/12/2024,P018,10,6,12,28
12/12/2024,P019,6,11,3,20
12/12/2024,P020,20,8,1,29
12/12/2024,P021,7,10,10,27
12/12/2024,P022,12,17,2,31
12/12/2024,P023,11,12,20,43
12/12/2024,P024,4,11,2,17
12/12/2024,P025,2,2,12,16
12/12/2024,P026,17,19,22,58
12/12/2024,P027,11,10,9,30
12/12/2024,P028,9,7,6,22
12/12/2024,P029,10,15,11,36
12/12/2024,P030,12,3,17,32
12/12/2024,P031,2,10,17,29
12/12/2024,P032,9,6,4,19
12/12/2024,P033,17,16,5,38
12/12/2024,P034,5,3,10,18
12/12/2024,P035,9,21,11,41
12/12/2024,P036,14,7,12,33
12/12/2024,P037,20,5,8,33
12/12/2024,P038,17,6,1,24
12/12/2024,P039,22,1,18,41
12/12/2024,P040,17,9,3,29
12/12/2024,P041,3,20,4,27
12/12/2024,P042,5,7,8,20
12/12/2024,P043,10,9,8,27
12/12/2024,P044,3,9,3,15
12/12/2024,P045,3,9,5,17
12/12/2024,P046,3,5,14,22
12/12/2024,P047,1,18,7,26
12/12/2024,P048,2,5,6,13
12/12/2024,P049,20,13,3,36
12/12/2024,P050,5,7,8,20
12/12/2024,P051,2,11,10,23
12/12/2024,P052,8,10,9,27
12/12/2024,P053,18,9,6,33
12/12/2024,P054,11,7,8,26
12/12/2024,P055,3,6,6,15
12/12/2024,P056,10,8,18,36
12/12/2024,P057,14,10,11,35
12/12/2024,P058,2,2,18,22
12/12/2024,P059,12,10,4,26
12/12/2024,P060,13,18,5,36
12/12/2024,P061,10,11,8,29
12/12/2024,P062,19,3,9,31
12/12/2024,P063,8,11,18,37
12/12/2024,P064,18,11,10,39
12/12/2024,P065,5,12,4,21
12/12/2024,P066,9,8,8,25
12/12/2024,P067,6,1,2,9
12/12/2024,P068,5,18,10,33
12/12/2024,P069,6,6,2,14
12/12/2024,P070,2,9,22,33
12/13/2024,P001,2,4,5,11
12/13/2024,P002,10,6,18,34
12/13/2024,P003,17,10,11,38
12/13/2024,P004,21,7,6,34
12/13/2024,P005,12,12,7,31
12/13/2024,P006,6,6,18,30
12/13/2024,P007,18,2,21,41
12/13/2024,P008,11,17,16,44
12/13/2024,P009,6,20,9,35
12/13/2024,P010,15,17,4,36
12/13/2024,P011,5,20,14,39
12/13/2024,P012,15,12,5,32
12/13/2024,P013,10,7,8,25
12/13/2024,P014,17,12,11,40
12/13/2024,P015,6,3,12,21
12/13/2024,P016,8,1,3,12
12/13/2024,P017,17,6,2,25
12/13/2024,P018,6,17,15,38
12/13/2024,P019,3,4,6,13
12/13/2024,P020,16,2,1,19
12/13/2024,P021,9,6,1,16
12/13/2024,P022,20,5,13,38
12/13/2024,P023,7,6,8,21
12/13/2024,P024,16,10,3,29
12/13/2024,P025,11,11,13,35
12/13/2024,P026,14,13,5,32
12/13/2024,P027,12,11,11,34
12/13/2024,P028,15,12,11,38
12/13/2024,P029,22,8,6,36
12/13/2024,P030,8,12,18,38
12/13/2024,P031,8,1,7,16
12/13/2024,P032,6,12,3,21
12/13/2024,P033,6,19,4,29
12/13/2024,P034,9,2,7,18
12/13/2024,P035,5,19,15,39
12/13/2024,P036,17,10,3,30
12/13/2024,P037,16,7,19,42
12/13/2024,P038,14,7,10,31
12/13/2024,P039,11,15,6,32
12/13/2024,P040,7,3,6,16
12/13/2024,P041,2,16,10,28
12/13/2024,P042,12,9,19,40
12/13/2024,P043,12,9,5,26
12/13/2024,P044,4,11,4,19
12/13/2024,P045,17,3,19,39
12/13/2024,P046,12,5,1,18
12/13/2024,P047,18,22,7,47
12/13/2024,P048,7,10,8,25
12/13/2024,P049,2,2,5,9
12/13/2024,P050,9,9,10,28
12/13/2024,P051,4,16,9,29
12/13/2024,P052,6,9,3,18
12/13/2024,P053,8,15,6,29
12/13/2024,P054,10,6,9,25
12/13/2024,P055,5,6,2,13
12/13/2024,P056,9,10,5,24
12/13/2024,P057,4,15,16,35
12/13/2024,P058,7,3,17,27
12/13/2024,P059,6,12,10,28
12/13/2024,P060,14,3,13,30
12/13/2024,P061,12,9,3,24
12/13/2024,P062,10,17,8,35
12/13/2024,P063,9,2,10,21
12/13/2024,P064,13,15,9,37
12/13/2024,P065,10,3,10,23
12/13/2024,P066,12,19,13,44
12/13/2024,P067,12,10,9,31
12/13/2024,P068,20,6,15,41
12/13/2024,P069,7,8,3,18
12/13/2024,P070,12,2,18,32
12/14/2024,P001,3,4,8,15
12/14/2024,P002,3,14,17,34
12/14/2024,P003,14,10,11,35
12/14/2024,P004,1,11,2,14
12/14/2024,P005,7,13,9,29
12/14/2024,P006,10,6,10,26
12/14/2024,P007,2,12,14,28
12/14/2024,P008,19,5,20,44
12/14/2024,P009,20,18,4,42
12/14/2024,P010,7,12,4,23
12/14/2024,P011,12,2,13,27
12/14/2024,P012,6,6,3,15
12/14/2024,P013,6,2,9,17
12/14/2024,P014,4,9,15,28
12/14/2024,P015,4,7,12,23
12/14/2024,P016,8,17,12,37
12/14/2024,P017,14,11,3,28
12/14/2024,P018,9,14,15,38
12/14/2024,P019,1,8,2,11
12/14/2024,P020,16,10,17,43
12/14/2024,P021,9,20,14,43
12/14/2024,P022,5,13,12,30
12/14/2024,P023,10,11,7,28
12/14/2024,P024,4,6,12,22
12/14/2024,P025,7,7,16,30
12/14/2024,P026,17,9,10,36
12/14/2024,P027,7,11,13,31
12/14/2024,P028,10,9,11,30
12/14/2024,P029,18,6,4,28
12/14/2024,P030,18,10,7,35
12/14/2024,P031,8,16,6,30
12/14/2024,P032,12,2,2,16
12/14/2024,P033,19,2,6,27
12/14/2024,P034,9,9,6,24
12/14/2024,P035,5,1,8,14
12/14/2024,P036,6,22,10,38
12/14/2024,P037,11,3,9,23
12/14/2024,P038,2,8,17,27
12/14/2024,P039,4,3,6,13
12/14/2024,P040,6,22,7,35
12/14/2024,P041,14,18,5,37
12/14/2024,P042,20,4,15,39
12/14/2024,P043,12,9,10,31
12/14/2024,P044,4,8,8,20
12/14/2024,P045,10,6,5,21
12/14/2024,P046,3,11,12,26
12/14/2024,P047,17,17,12,46
12/14/2024,P048,6,6,2,14
12/14/2024,P049,17,5,12,34
12/14/2024,P050,7,6,4,17
12/14/2024,P051,17,13,11,41
12/14/2024,P052,2,3,15,20
12/14/2024,P053,12,2,6,20
12/14/2024,P054,2,2,7,11
12/14/2024,P055,8,11,2,21
12/14/2024,P056,11,8,3,22
12/14/2024,P057,6,11,15,32
12/14/2024,P058,12,8,18,38
12/14/2024,P059,9,6,18,33
12/14/2024,P060,2,9,7,18
12/14/2024,P061,7,3,7,17
12/14/2024,P062,1,6,10,17
12/14/2024,P063,7,8,9,24
12/14/2024,P064,18,8,5,31
12/14/2024,P065,11,10,8,29
12/14/2024,P066,12,9,18,39
12/14/2024,P067,2,17,3,22
12/14/2024,P068,12,6,11,29
12/14/2024,P069,10,10,8,28
12/14/2024,P070,11,10,12,33
12/15/2024,P001,17,9,3,29
12/15/2024,P002,2,19,15,36
12/15/2024,P003,20,9,3,32
12/15/2024,P004,18,8,9,35
12/15/2024,P005,3,11,20,34
12/15/2024,P006,7,2,9,18
12/15/2024,P007,2,11,9,22
12/15/2024,P008,13,20,2,35
12/15/2024,P009,18,10,9,37
12/15/2024,P010,9,12,9,30
12/15/2024,P011,10,12,7,29
12/15/2024,P012,20,6,7,33
12/15/2024,P013,2,2,4,8
12/15/2024,P014,19,12,20,51
12/15/2024,P015,11,6,3,20
12/15/2024,P016,5,12,4,21
12/15/2024,P017,4,12,5,21
12/15/2024,P018,4,20,18,42
12/15/2024,P019,3,9,3,15
12/15/2024,P020,4,5,7,16
12/15/2024,P021,20,18,3,41
12/15/2024,P022,9,7,4,20
12/15/2024,P023,11,11,14,36
12/15/2024,P024,15,6,12,33
12/15/2024,P025,11,6,11,28
12/15/2024,P026,6,9,22,37
12/15/2024,P027,8,10,13,31
12/15/2024,P028,4,3,7,14
12/15/2024,P029,17,12,13,42
12/15/2024,P030,2,5,7,14
12/15/2024,P031,4,12,3,19
12/15/2024,P032,9,3,8,20
12/15/2024,P033,1,19,12,32
12/15/2024,P034,5,3,3,11
12/15/2024,P035,2,10,3,15
12/15/2024,P036,3,12,12,27
12/15/2024,P037,9,9,11,29
12/15/2024,P038,12,9,10,31
12/15/2024,P039,15,9,11,35
12/15/2024,P040,3,20,3,26
12/15/2024,P041,10,19,12,41
12/15/2024,P042,5,4,4,13
12/15/2024,P043,2,12,11,25
12/15/2024,P044,7,4,12,23
12/15/2024,P045,8,5,3,16
12/15/2024,P046,11,9,10,30
12/15/2024,P047,21,21,3,45
12/15/2024,P048,4,5,7,16
12/15/2024,P049,8,9,4,21
12/15/2024,P050,6,7,4,17
12/15/2024,P051,20,8,11,39
12/15/2024,P052,7,22,19,48
12/15/2024,P053,5,7,11,23
12/15/2024,P054,3,5,9,17
12/15/2024,P055,10,8,8,26
12/15/2024,P056,11,9,7,27
12/15/2024,P057,20,13,4,37
12/15/2024,P058,8,9,15,32
12/15/2024,P059,5,9,12,26
12/15/2024,P060,2,12,9,23
12/15/2024,P061,2,12,20,34
12/15/2024,P062,11,10,4,25
12/15/2024,P063,9,10,3,22
12/15/2024,P064,16,3,17,36
12/15/2024,P065,6,12,10,28
12/15/2024,P066,13,11,11,35
12/15/2024,P067,11,10,11,32
12/15/2024,P068,18,11,13,42
12/15/2024,P069,11,3,9,23
12/15/2024,P070,2,4,11,17
12/16/2024,P001,2,4,4,10
12/16/2024,P002,10,3,8,21
12/16/2024,P003,21,11,12,44
12/16/2024,P004,10,12,3,25
12/16/2024,P005,11,11,15,37
12/16/2024,P006,12,11,3,26
12/16/2024,P007,1,2,10,13
12/16/2024,P008,10,1,12,23
12/16/2024,P009,10,9,8,27
12/16/2024,P010,20,20,4,44
12/16/2024,P011,11,7,3,21
12/16/2024,P012,19,9,7,35
12/16/2024,P013,9,9,2,20
12/16/2024,P014,3,9,3,15
12/16/2024,P015,10,5,10,25
12/16/2024,P016,8,18,16,42
12/16/2024,P017,2,5,21,28
12/16/2024,P018,7,13,5,25
12/16/2024,P019,6,7,7,20
12/16/2024,P020,5,11,10,26
12/16/2024,P021,18,10,14,42
12/16/2024,P022,5,9,5,19
12/16/2024,P023,3,7,14,24
12/16/2024,P024,17,6,5,28
12/16/2024,P025,8,8,20,36
12/16/2024,P026,3,10,7,20
12/16/2024,P027,12,2,19,33
12/16/2024,P028,1,10,6,17
12/16/2024,P029,6,18,17,41
12/16/2024,P030,6,11,4,21
12/16/2024,P031,5,3,17,25
12/16/2024,P032,7,11,3,21
12/16/2024,P033,13,11,2,26
12/16/2024,P034,4,12,6,22
12/16/2024,P035,5,8,20,33
12/16/2024,P036,3,1,3,7
12/16/2024,P037,15,18,14,47
12/16/2024,P038,13,6,16,35
12/16/2024,P039,12,11,13,36
12/16/2024,P040,17,2,11,30
12/16/2024,P041,20,13,20,53
12/16/2024,P042,9,6,4,19
12/16/2024,P043,8,6,16,30
12/16/2024,P044,12,2,3,17
12/16/2024,P045,9,10,19,38
12/16/2024,P046,8,8,19,35
12/16/2024,P047,14,16,19,49
12/16/2024,P048,8,4,5,17
12/16/2024,P049,12,7,8,27
12/16/2024,P050,2,7,2,11
12/16/2024,P051,13,11,11,35
12/16/2024,P052,3,20,10,33
12/16/2024,P053,5,11,8,24
12/16/2024,P054,8,10,9,27
12/16/2024,P055,8,4,6,18
12/16/2024,P056,11,6,8,25
12/16/2024,P057,16,12,12,40
12/16/2024,P058,8,3,4,15
12/16/2024,P059,5,5,7,17
12/16/2024,P060,15,17,15,47
12/16/2024,P061,6,9,9,24
12/16/2024,P062,1,1,4,6
12/16/2024,P063,9,9,22,40
12/16/2024,P064,5,20,5,30
12/16/2024,P065,5,3,10,18
12/16/2024,P066,21,14,20,55
12/16/2024,P067,7,16,7,30
12/16/2024,P068,12,13,12,37
12/16/2024,P069,11,10,3,24
12/16/2024,P070,12,7,1,20
12/17/2024,P001,15,5,8,28
12/17/2024,P002,5,6,6,17
12/17/2024,P003,14,10,10,34
12/17/2024,P004,10,4,11,25
12/17/2024,P005,7,9,16,32
12/17/2024,P006,11,10,22,43
12/17/2024,P007,15,15,6,36
12/17/2024,P008,2,15,2,19
12/17/2024,P009,9,3,11,23
12/17/2024,P010,4,16,5,25
12/17/2024,P011,5,9,11,25
12/17/2024,P012,22,9,10,41
12/17/2024,P013,3,11,9,23
12/17/2024,P014,12,3,20,35
12/17/2024,P015,12,5,11,28
12/17/2024,P016,11,22,4,37
12/17/2024,P017,4,10,4,18
12/17/2024,P018,8,2,2,12
12/17/2024,P019,9,9,6,24
12/17/2024,P020,19,16,8,43
12/17/2024,P021,15,9,19,43
12/17/2024,P022,20,15,8,43
12/17/2024,P023,8,6,16,30
12/17/2024,P024,17,6,7,30
12/17/2024,P025,12,10,22,44
12/17/2024,P026,3,15,3,21
12/17/2024,P027,12,3,15,30
12/17/2024,P028,16,12,2,30
12/17/2024,P029,19,3,23,45
12/17/2024,P030,2,9,13,24
12/17/2024,P031,7,17,13,37
12/17/2024,P032,5,2,10,17
12/17/2024,P033,9,15,11,35
12/17/2024,P034,11,3,9,23
12/17/2024,P035,9,19,7,35
12/17/2024,P036,4,10,10,24
12/17/2024,P037,4,6,3,13
12/17/2024,P038,11,8,3,22
12/17/2024,P039,9,20,15,44
12/17/2024,P040,13,15,12,40
12/17/2024,P041,17,9,3,29
12/17/2024,P042,5,16,1,22
12/17/2024,P043,7,11,18,36
12/17/2024,P044,14,6,4,24
12/17/2024,P045,5,14,5,24
12/17/2024,P046,9,4,19,32
12/17/2024,P047,9,18,8,35
12/17/2024,P048,4,5,8,17
12/17/2024,P049,16,2,9,27
12/17/2024,P050,5,7,6,18
12/17/2024,P051,15,12,8,35
12/17/2024,P052,7,2,18,27
12/17/2024,P053,13,18,4,35
12/17/2024,P054,9,9,20,38
12/17/2024,P055,12,12,5,29
12/17/2024,P056,8,8,16,32
12/17/2024,P057,11,9,16,36
12/17/2024,P058,10,7,16,33
12/17/2024,P059,2,5,3,10
12/17/2024,P060,14,5,2,21
12/17/2024,P061,3,9,19,31
12/17/2024,P062,7,12,2,21
12/17/2024,P063,20,11,20,51
12/17/2024,P064,11,7,2,20
12/17/2024,P065,7,10,10,27
12/17/2024,P066,1,3,9,13
12/17/2024,P067,11,3,2,16
12/17/2024,P068,19,15,9,43
12/17/2024,P069,3,7,7,17
12/17/2024,P070,7,6,17,30
12/18/2024,P001,17,3,10,30
12/18/2024,P002,7,16,12,35
12/18/2024,P003,20,3,5,28
12/18/2024,P004,21,2,7,30
12/18/2024,P005,7,16,7,30
12/18/2024,P006,11,6,20,37
12/18/2024,P007,17,11,5,33
12/18/2024,P008,13,3,20,36
12/18/2024,P009,3,22,2,27
12/18/2024,P010,7,18,3,28
12/18/2024,P011,3,4,14,21
12/18/2024,P012,17,9,9,35
12/18/2024,P013,11,8,5,24
12/18/2024,P014,19,6,11,36
12/18/2024,P015,6,11,7,24
12/18/2024,P016,5,17,5,27
12/18/2024,P017,10,6,11,27
12/18/2024,P018,7,5,16,28
12/18/2024,P019,7,6,2,15
12/18/2024,P020,9,13,3,25
12/18/2024,P021,17,3,10,30
12/18/2024,P022,3,2,10,15
12/18/2024,P023,9,2,20,31
12/18/2024,P024,17,11,12,40
12/18/2024,P025,4,8,16,28
12/18/2024,P026,4,11,5,20
12/18/2024,P027,6,8,3,17
12/18/2024,P028,11,6,5,22
12/18/2024,P029,1,9,6,16
12/18/2024,P030,15,3,3,21
12/18/2024,P031,12,6,8,26
12/18/2024,P032,12,8,3,23
12/18/2024,P033,17,8,7,32
12/18/2024,P034,10,10,12,32
12/18/2024,P035,3,9,3,15
12/18/2024,P036,17,17,4,38
12/18/2024,P037,8,6,3,17
12/18/2024,P038,11,10,14,35
12/18/2024,P039,9,20,10,39
12/18/2024,P040,8,22,12,42
12/18/2024,P041,19,13,1,33
12/18/2024,P042,20,14,18,52
12/18/2024,P043,7,5,15,27
12/18/2024,P044,22,6,12,40
12/18/2024,P045,2,4,18,24
12/18/2024,P046,11,7,12,30
12/18/2024,P047,10,20,18,48
12/18/2024,P048,9,5,2,16
12/18/2024,P049,8,14,4,26
12/18/2024,P050,12,7,11,30
12/18/2024,P051,15,4,3,22
12/18/2024,P052,9,15,7,31
12/18/2024,P053,17,9,12,38
12/18/2024,P054,3,12,18,33
12/18/2024,P055,2,10,18,30
12/18/2024,P056,3,8,5,16
12/18/2024,P057,12,12,18,42
12/18/2024,P058,8,6,15,29
12/18/2024,P059,5,2,11,18
12/18/2024,P060,7,14,7,28
12/18/2024,P061,2,6,15,23
12/18/2024,P062,10,3,6,19
12/18/2024,P063,18,11,2,31
12/18/2024,P064,4,3,18,25
12/18/2024,P065,10,4,12,26
12/18/2024,P066,19,3,13,35
12/18/2024,P067,8,14,2,24
12/18/2024,P068,4,10,12,26
12/18/2024,P069,12,3,6,21
12/18/2024,P070,12,3,12,27
12/19/2024,P001,4,2,6,12
12/19/2024,P002,10,13,18,41
12/19/2024,P003,19,10,11,40
12/19/2024,P004,6,10,2,18
12/19/2024,P005,11,5,10,26
12/19/2024,P006,5,6,2,13
12/19/2024,P007,10,7,18,35
12/19/2024,P008,14,9,14,37
12/19/2024,P009,22,20,3,45
12/19/2024,P010,19,19,2,40
12/19/2024,P011,3,4,2,9
12/19/2024,P012,16,12,9,37
12/19/2024,P013,7,4,3,14
12/19/2024,P014,2,5,8,15
12/19/2024,P015,8,9,2,19
12/19/2024,P016,11,21,17,49
12/19/2024,P017,18,5,5,28
12/19/2024,P018,2,9,11,22
12/19/2024,P019,18,7,9,34
12/19/2024,P020,14,8,1,23
12/19/2024,P021,10,22,21,53
12/19/2024,P022,4,7,10,21
12/19/2024,P023,2,5,7,14
12/19/2024,P024,1,8,12,21
12/19/2024,P025,2,9,16,27
12/19/2024,P026,17,13,12,42
12/19/2024,P027,11,9,17,37
12/19/2024,P028,20,9,10,39
12/19/2024,P029,13,12,7,32
12/19/2024,P030,6,12,20,38
12/19/2024,P031,3,10,10,23
12/19/2024,P032,4,10,2,16
12/19/2024,P033,5,3,11,19
12/19/2024,P034,11,12,5,28
12/19/2024,P035,12,11,20,43
12/19/2024,P036,17,10,2,29
12/19/2024,P037,5,11,12,28
12/19/2024,P038,9,3,22,34
12/19/2024,P039,21,15,9,45
12/19/2024,P040,10,18,6,34
12/19/2024,P041,3,17,11,31
12/19/2024,P042,3,6,17,26
12/19/2024,P043,11,3,17,31
12/19/2024,P044,16,2,10,28
12/19/2024,P045,14,3,4,21
12/19/2024,P046,6,12,14,32
12/19/2024,P047,6,4,16,26
12/19/2024,P048,4,11,4,19
12/19/2024,P049,7,7,2,16
12/19/2024,P050,7,2,11,20
12/19/2024,P051,6,6,5,17
12/19/2024,P052,10,22,5,37
12/19/2024,P053,18,17,10,45
12/19/2024,P054,7,12,15,34
12/19/2024,P055,5,4,9,18
12/19/2024,P056,5,8,4,17
12/19/2024,P057,3,9,7,19
12/19/2024,P058,3,5,18,26
12/19/2024,P059,9,5,7,21
12/19/2024,P060,7,15,11,33
12/19/2024,P061,2,3,18,23
12/19/2024,P062,11,20,11,42
12/19/2024,P063,15,11,15,41
12/19/2024,P064,2,20,6,28
12/19/2024,P065,9,2,8,19
12/19/2024,P066,12,12,16,40
12/19/2024,P067,12,22,9,43
12/19/2024,P068,9,9,9,27
12/19/2024,P069,10,10,5,25
12/19/2024,P070,10,6,18,34
12/20/2024,P001,18,11,4,33
12/20/2024,P002,6,14,3,23
12/20/2024,P003,12,12,9,33
12/20/2024,P004,22,6,2,30
12/20/2024,P005,15,6,9,30
12/20/2024,P006,9,6,15,30
12/20/2024,P007,7,9,10,26
12/20/2024,P008,13,11,11,35
12/20/2024,P009,20,2,12,34
12/20/2024,P010,10,13,11,34
12/20/2024,P011,8,6,16,30
12/20/2024,P012,7,6,10,23
12/20/2024,P013,2,2,11,15
12/20/2024,P014,7,10,20,37
12/20/2024,P015,12,8,3,23
12/20/2024,P016,7,16,18,41
12/20/2024,P017,12,4,5,21
12/20/2024,P018,6,7,16,29
12/20/2024,P019,18,7,6,31
12/20/2024,P020,11,11,12,34
12/20/2024,P021,6,20,13,39
12/20/2024,P022,15,11,11,37
12/20/2024,P023,5,10,16,31
12/20/2024,P024,15,4,2,21
12/20/2024,P025,10,6,18,34
12/20/2024,P026,17,12,4,33
12/20/2024,P027,9,3,17,29
12/20/2024,P028,20,5,9,34
12/20/2024,P029,9,17,1,27
12/20/2024,P030,3,9,5,17
12/20/2024,P031,10,1,12,23
12/20/2024,P032,5,9,10,24
12/20/2024,P033,1,20,8,29
12/20/2024,P034,11,3,11,25
12/20/2024,P035,7,14,8,29
12/20/2024,P036,4,16,3,23
12/20/2024,P037,10,13,13,36
12/20/2024,P038,16,10,5,31
12/20/2024,P039,1,2,11,14
12/20/2024,P040,12,8,11,31
12/20/2024,P041,4,12,6,22
12/20/2024,P042,4,6,18,28
12/20/2024,P043,8,10,7,25
12/20/2024,P044,16,11,2,29
12/20/2024,P045,16,10,6,32
12/20/2024,P046,6,2,20,28
12/20/2024,P047,5,1,3,9
12/20/2024,P048,4,5,4,13
12/20/2024,P049,2,6,9,17
12/20/2024,P050,12,3,3,18
12/20/2024,P051,6,13,9,28
12/20/2024,P052,6,18,21,45
12/20/2024,P053,18,6,4,28
12/20/2024,P054,6,3,17,26
12/20/2024,P055,7,4,12,23
12/20/2024,P056,9,12,8,29
12/20/2024,P057,17,3,12,32
12/20/2024,P058,12,5,3,20
12/20/2024,P059,3,9,7,19
12/20/2024,P060,14,18,18,50
12/20/2024,P061,10,10,15,35
12/20/2024,P062,14,4,11,29
12/20/2024,P063,17,8,22,47
12/20/2024,P064,3,8,18,29
12/20/2024,P065,12,3,5,20
12/20/2024,P066,13,13,16,42
12/20/2024,P067,4,5,11,20
12/20/2024,P068,19,11,3,33
12/20/2024,P069,5,6,5,16
12/20/2024,P070,12,9,22,43
12/21/2024,P001,11,8,7,26
12/21/2024,P002,4,2,9,15
12/21/2024,P003,10,7,3,20
12/21/2024,P004,12,2,9,23
12/21/2024,P005,9,12,12,33
12/21/2024,P006,9,6,22,37
12/21/2024,P007,6,20,18,44
12/21/2024,P008,1,20,16,37
12/21/2024,P009,2,15,5,22
12/21/2024,P010,17,9,8,34
12/21/2024,P011,5,16,11,32
12/21/2024,P012,19,11,6,36
12/21/2024,P013,2,6,4,12
12/21/2024,P014,11,14,6,31
12/21/2024,P015,4,4,9,17
12/21/2024,P016,7,18,8,33
12/21/2024,P017,7,5,22,34
12/21/2024,P018,10,2,15,27
12/21/2024,P019,2,7,4,13
12/21/2024,P020,19,12,11,42
12/21/2024,P021,20,2,3,25
12/21/2024,P022,7,18,19,44
12/21/2024,P023,12,9,19,40
12/21/2024,P024,6,12,7,25
12/21/2024,P025,6,8,5,19
12/21/2024,P026,4,9,8,21
12/21/2024,P027,3,7,11,21
12/21/2024,P028,2,5,12,19
12/21/2024,P029,17,5,3,25
12/21/2024,P030,12,9,2,23
12/21/2024,P031,7,12,15,34
12/21/2024,P032,3,11,5,19
12/21/2024,P033,13,7,12,32
12/21/2024,P034,12,10,10,32
12/21/2024,P035,9,3,7,19
12/21/2024,P036,19,3,12,34
12/21/2024,P037,11,15,16,42
12/21/2024,P038,5,7,10,22
12/21/2024,P039,18,3,13,34
12/21/2024,P040,15,9,11,35
12/21/2024,P041,19,3,4,26
12/21/2024,P042,15,14,7,36
12/21/2024,P043,2,10,6,18
12/21/2024,P044,9,10,6,25
12/21/2024,P045,11,19,4,34
12/21/2024,P046,12,4,6,22
12/21/2024,P047,18,2,17,37
12/21/2024,P048,4,8,8,20
12/21/2024,P049,14,9,5,28
12/21/2024,P050,5,4,2,11
12/21/2024,P051,11,10,4,25
12/21/2024,P052,5,8,7,20
12/21/2024,P053,2,20,4,26
12/21/2024,P054,5,10,10,25
12/21/2024,P055,9,2,4,15
12/21/2024,P056,4,8,17,29
12/21/2024,P057,10,6,13,29
12/21/2024,P058,3,11,10,24
12/21/2024,P059,12,3,11,26
12/21/2024,P060,15,3,9,27
12/21/2024,P061,7,2,8,17
12/21/2024,P062,16,20,3,39
12/21/2024,P063,10,3,18,31
12/21/2024,P064,12,7,20,39
12/21/2024,P065,11,12,3,26
12/21/2024,P066,6,16,19,41
12/21/2024,P067,2,10,8,20
12/21/2024,P068,13,13,6,32
12/21/2024,P069,11,10,11,32
12/21/2024,P070,3,8,17,28
12/22/2024,P001,9,9,7,25
12/22/2024,P002,9,2,12,23
12/22/2024,P003,17,2,12,31
12/22/2024,P004,4,9,11,24
12/22/2024,P005,8,6,17,31
12/22/2024,P006,8,11,18,37
12/22/2024,P007,7,15,15,37
12/22/2024,P008,16,20,2,38
12/22/2024,P009,15,22,4,41
12/22/2024,P010,17,13,9,39
12/22/2024,P011,2,14,9,25
12/22/2024,P012,9,5,7,21
12/22/2024,P013,9,6,10,25
12/22/2024,P014,14,4,16,34
12/22/2024,P015,11,7,3,21
12/22/2024,P016,2,20,11,33
12/22/2024,P017,3,5,18,26
12/22/2024,P018,7,14,4,25
12/22/2024,P019,2,7,9,18
12/22/2024,P020,13,4,9,26
12/22/2024,P021,18,15,5,38
12/22/2024,P022,9,9,19,37
12/22/2024,P023,10,12,13,35
12/22/2024,P024,20,10,2,32
12/22/2024,P025,2,8,1,11
12/22/2024,P026,19,12,9,40
12/22/2024,P027,2,6,15,23
12/22/2024,P028,1,2,12,15
12/22/2024,P029,5,14,12,31
12/22/2024,P030,20,6,3,29
12/22/2024,P031,3,3,15,21
12/22/2024,P032,7,11,7,25
12/22/2024,P033,17,3,4,24
12/22/2024,P034,7,4,9,20
12/22/2024,P035,2,3,14,19
12/22/2024,P036,3,14,12,29
12/22/2024,P037,16,10,11,37
12/22/2024,P038,6,3,22,31
12/22/2024,P039,10,3,13,26
12/22/2024,P040,15,22,7,44
12/22/2024,P041,14,3,13,30
12/22/2024,P042,7,19,7,33
12/22/2024,P043,6,9,3,18
12/22/2024,P044,1,6,6,13
12/22/2024,P045,15,3,22,40
12/22/2024,P046,7,6,13,26
12/22/2024,P047,10,13,6,29
12/22/2024,P048,9,3,6,18
12/22/2024,P049,14,15,3,32
12/22/2024,P050,12,12,4,28
12/22/2024,P051,17,22,9,48
12/22/2024,P052,4,9,6,19
12/22/2024,P053,6,17,2,25
12/22/2024,P054,5,11,6,22
12/22/2024,P055,8,7,16,31
12/22/2024,P056,9,2,14,25
12/22/2024,P057,8,5,5,18
12/22/2024,P058,11,9,12,32
12/22/2024,P059,7,12,15,34
12/22/2024,P060,4,6,17,27
12/22/2024,P061,11,11,18,40
12/22/2024,P062,20,1,2,23
12/22/2024,P063,6,5,8,19
12/22/2024,P064,11,14,9,34
12/22/2024,P065,5,12,4,21
12/22/2024,P066,17,11,8,36
12/22/2024,P067,10,22,4,36
12/22/2024,P068,9,13,5,27
12/22/2024,P069,9,12,9,30
12/22/2024,P070,11,9,21,41
12/23/2024,P001,6,5,12,23
12/23/2024,P002,12,15,17,44
12/23/2024,P003,10,6,9,25
12/23/2024,P004,18,3,8,29
12/23/2024,P005,5,17,12,34
12/23/2024,P006,10,8,8,26
12/23/2024,P007,16,16,6,38
12/23/2024,P008,13,15,8,36
12/23/2024,P009,22,18,6,46
12/23/2024,P010,18,17,5,40
12/23/2024,P011,11,6,18,35
12/23/2024,P012,18,3,10,31
12/23/2024,P013,11,2,6,19
12/23/2024,P014,4,3,7,14
12/23/2024,P015,5,12,2,19
12/23/2024,P016,5,4,3,12
12/23/2024,P017,11,11,7,29
12/23/2024,P018,12,7,12,31
12/23/2024,P019,1,2,5,8
12/23/2024,P020,10,6,15,31
12/23/2024,P021,10,22,2,34
12/23/2024,P022,20,17,2,39
12/23/2024,P023,11,12,7,30
12/23/2024,P024,19,4,10,33
12/23/2024,P025,9,8,10,27
12/23/2024,P026,3,9,4,16
12/23/2024,P027,3,5,20,28
12/23/2024,P028,11,5,3,19
12/23/2024,P029,1,15,4,20
12/23/2024,P030,7,3,5,15
12/23/2024,P031,8,20,18,46
12/23/2024,P032,7,11,10,28
12/23/2024,P033,12,20,2,34
12/23/2024,P034,8,2,11,21
12/23/2024,P035,10,12,14,36
12/23/2024,P036,12,22,5,39
12/23/2024,P037,18,9,20,47
12/23/2024,P038,12,10,7,29
12/23/2024,P039,10,10,19,39
12/23/2024,P040,18,1,6,25
12/23/2024,P041,9,4,17,30
12/23/2024,P042,9,3,4,16
12/23/2024,P043,9,11,17,37
12/23/2024,P044,12,6,12,30
12/23/2024,P045,4,5,3,12
12/23/2024,P046,7,6,8,21
12/23/2024,P047,18,9,3,30
12/23/2024,P048,4,4,9,17
12/23/2024,P049,10,5,11,26
12/23/2024,P050,5,10,2,17
12/23/2024,P051,20,15,8,43
12/23/2024,P052,5,22,3,30
12/23/2024,P053,12,14,7,33
12/23/2024,P054,11,7,20,38
12/23/2024,P055,10,6,17,33
12/23/2024,P056,8,2,4,14
12/23/2024,P057,9,10,10,29
12/23/2024,P058,8,8,2,18
12/23/2024,P059,9,7,9,25
12/23/2024,P060,10,17,6,33
12/23/2024,P061,10,10,20,40
12/23/2024,P062,8,6,4,18
12/23/2024,P063,20,9,9,38
12/23/2024,P064,9,14,15,38
12/23/2024,P065,7,5,6,18
12/23/2024,P066,4,20,9,33
12/23/2024,P067,6,7,2,15
12/23/2024,P068,9,19,10,38
12/23/2024,P069,3,6,8,17
12/23/2024,P070,4,7,16,27
12/24/2024,P001,16,9,6,31
12/24/2024,P002,3,14,5,22
12/24/2024,P003,18,3,9,30
12/24/2024,P004,22,11,4,37
12/24/2024,P005,7,11,12,30
12/24/2024,P006,7,4,9,20
12/24/2024,P007,2,7,19,28
12/24/2024,P008,11,2,8,21
12/24/2024,P009,18,8,12,38
12/24/2024,P010,3,12,9,24
12/24/2024,P011,12,6,18,36
12/24/2024,P012,4,10,11,25
12/24/2024,P013,8,11,11,30
12/24/2024,P014,13,10,13,36
12/24/2024,P015,6,2,12,20
12/24/2024,P016,4,1,21,26
12/24/2024,P017,7,5,7,19
12/24/2024,P018,11,6,16,33
12/24/2024,P019,15,3,8,26
12/24/2024,P020,2,13,10,25
12/24/2024,P021,9,18,14,41
12/24/2024,P022,4,6,12,22
12/24/2024,P023,5,3,3,11
12/24/2024,P024,22,4,5,31
12/24/2024,P025,3,12,21,36
12/24/2024,P026,12,3,2,17
12/24/2024,P027,7,5,3,15
12/24/2024,P028,9,9,10,28
12/24/2024,P029,13,18,16,47
12/24/2024,P030,15,10,21,46
12/24/2024,P031,6,4,5,15
12/24/2024,P032,10,8,6,24
12/24/2024,P033,3,8,10,21
12/24/2024,P034,5,3,11,19
12/24/2024,P035,4,13,16,33
12/24/2024,P036,19,5,7,31
12/24/2024,P037,15,11,22,48
12/24/2024,P038,6,6,3,15
12/24/2024,P039,21,20,15,56
12/24/2024,P040,5,7,2,14
12/24/2024,P041,14,3,23,40
12/24/2024,P042,20,6,13,39
12/24/2024,P043,10,10,13,33
12/24/2024,P044,3,6,5,14
12/24/2024,P045,7,19,18,44
12/24/2024,P046,10,4,6,20
12/24/2024,P047,15,18,10,43
12/24/2024,P048,5,8,2,15
12/24/2024,P049,18,6,4,28
12/24/2024,P050,9,9,6,24
12/24/2024,P051,11,7,11,29
12/24/2024,P052,10,1,4,15
12/24/2024,P053,11,2,6,19
12/24/2024,P054,9,2,18,29
12/24/2024,P055,4,4,19,27
12/24/2024,P056,11,9,2,22
12/24/2024,P057,5,14,18,37
12/24/2024,P058,9,4,21,34
12/24/2024,P059,2,9,8,19
12/24/2024,P060,16,8,20,44
12/24/2024,P061,8,5,16,29
12/24/2024,P062,4,21,2,27
12/24/2024,P063,18,4,22,44
12/24/2024,P064,10,16,14,40
12/24/2024,P065,4,7,5,16
12/24/2024,P066,8,22,21,51
12/24/2024,P067,2,3,6,11
12/24/2024,P068,10,15,14,39
12/24/2024,P069,12,2,4,18
12/24/2024,P070,8,9,18,35
12/25/2024,P001,15,9,12,36
12/25/2024,P002,4,7,14,25
12/25/2024,P003,15,2,6,23
12/25/2024,P004,20,7,2,29
12/25/2024,P005,20,3,20,43
12/25/2024,P006,9,12,22,43
12/25/2024,P007,16,10,8,34
12/25/2024,P008,3,3,2,8
12/25/2024,P009,8,9,2,19
12/25/2024,P010,17,3,9,29
12/25/2024,P011,9,14,17,40
12/25/2024,P012,3,10,11,24
12/25/2024,P013,4,10,5,19
12/25/2024,P014,17,19,14,50
12/25/2024,P015,11,4,11,26
12/25/2024,P016,10,2,14,26
12/25/2024,P017,7,8,12,27
12/25/2024,P018,11,9,18,38
12/25/2024,P019,17,4,2,23
12/25/2024,P020,13,10,17,40
12/25/2024,P021,3,8,14,25
12/25/2024,P022,7,20,11,38
12/25/2024,P023,3,10,6,19
12/25/2024,P024,17,2,6,25
12/25/2024,P025,11,8,17,36
12/25/2024,P026,19,6,9,34
12/25/2024,P027,12,11,20,43
12/25/2024,P028,17,3,11,31
12/25/2024,P029,17,3,4,24
12/25/2024,P030,17,2,4,23
12/25/2024,P031,3,20,2,25
12/25/2024,P032,9,3,4,16
12/25/2024,P033,11,7,6,24
12/25/2024,P034,6,12,12,30
12/25/2024,P035,7,16,20,43
12/25/2024,P036,2,10,12,24
12/25/2024,P037,17,13,16,46
12/25/2024,P038,17,10,5,32
12/25/2024,P039,6,3,3,12
12/25/2024,P040,2,11,5,18
12/25/2024,P041,2,8,6,16
12/25/2024,P042,4,16,3,23
12/25/2024,P043,3,3,8,14
12/25/2024,P044,11,6,10,27
12/25/2024,P045,19,14,1,34
12/25/2024,P046,7,9,3,19
12/25/2024,P047,6,10,18,34
12/25/2024,P048,3,10,12,25
12/25/2024,P049,3,18,10,31
12/25/2024,P050,2,2,6,10
12/25/2024,P051,8,12,2,22
12/25/2024,P052,9,7,4,20
12/25/2024,P053,10,12,4,26
12/25/2024,P054,8,3,10,21
12/25/2024,P055,7,8,15,30
12/25/2024,P056,2,11,4,17
12/25/2024,P057,2,4,14,20
12/25/2024,P058,11,7,1,19
12/25/2024,P059,10,2,5,17
12/25/2024,P060,2,7,17,26
12/25/2024,P061,4,7,20,31
12/25/2024,P062,12,7,6,25
12/25/2024,P063,10,9,1,20
12/25/2024,P064,9,20,13,42
12/25/2024,P065,10,12,6,28
12/25/2024,P066,13,16,21,50
12/25/2024,P067,9,5,6,20
12/25/2024,P068,15,3,4,22
12/25/2024,P069,9,11,7,27
12/25/2024,P070,9,3,20,32
12/26/2024,P001,15,5,8,28
12/26/2024,P002,10,7,15,32
12/26/2024,P003,5,2,3,10
12/26/2024,P004,16,2,6,24
12/26/2024,P005,16,2,16,34
12/26/2024,P006,9,10,1,20
12/26/2024,P007,15,9,20,44
12/26/2024,P008,5,3,5,13
12/26/2024,P009,9,22,11,42
12/26/2024,P010,13,3,5,21
12/26/2024,P011,6,19,15,40
12/26/2024,P012,19,9,3,31
12/26/2024,P013,2,6,8,16
12/26/2024,P014,5,3,9,17
12/26/2024,P015,3,6,2,11
12/26/2024,P016,5,13,7,25
12/26/2024,P017,11,3,9,23
12/26/2024,P018,5,15,7,27
12/26/2024,P019,10,12,9,31
12/26/2024,P020,14,22,4,40
12/26/2024,P021,22,9,22,53
12/26/2024,P022,19,17,2,38
12/26/2024,P023,3,11,5,19
12/26/2024,P024,16,7,2,25
12/26/2024,P025,7,2,16,25
12/26/2024,P026,2,5,5,12
12/26/2024,P027,10,9,11,30
12/26/2024,P028,17,12,7,36
12/26/2024,P029,12,6,5,23
12/26/2024,P030,2,11,11,24
12/26/2024,P031,10,1,16,27
12/26/2024,P032,9,5,9,23
12/26/2024,P033,10,14,2,26
12/26/2024,P034,5,12,5,22
12/26/2024,P035,6,11,7,24
12/26/2024,P036,7,22,12,41
12/26/2024,P037,7,13,16,36
12/26/2024,P038,11,12,12,35
12/26/2024,P039,22,20,17,59
12/26/2024,P040,16,7,10,33
12/26/2024,P041,19,5,7,31
12/26/2024,P042,7,13,20,40
12/26/2024,P043,10,10,10,30
12/26/2024,P044,10,11,4,25
12/26/2024,P045,12,2,9,23
12/26/2024,P046,6,11,9,26
12/26/2024,P047,19,20,14,53
12/26/2024,P048,2,6,11,19
12/26/2024,P049,12,4,6,22
12/26/2024,P050,6,10,6,22
12/26/2024,P051,12,6,3,21
12/26/2024,P052,2,10,7,19
12/26/2024,P053,13,13,8,34
12/26/2024,P054,4,9,9,22
12/26/2024,P055,9,4,13,26
12/26/2024,P056,3,12,10,25
12/26/2024,P057,14,3,17,34
12/26/2024,P058,6,12,19,37
12/26/2024,P059,4,10,7,21
12/26/2024,P060,3,17,14,34
12/26/2024,P061,5,5,5,15
12/26/2024,P062,7,18,6,31
12/26/2024,P063,9,8,7,24
12/26/2024,P064,5,7,6,18
12/26/2024,P065,8,12,9,29
12/26/2024,P066,18,16,17,51
12/26/2024,P067,3,12,2,17
12/26/2024,P068,11,17,3,31
12/26/2024,P069,9,7,12,28
12/26/2024,P070,7,7,4,18
12/27/2024,P001,5,4,6,15
12/27/2024,P002,7,14,18,39
12/27/2024,P003,20,10,10,40
12/27/2024,P004,16,2,6,24
12/27/2024,P005,11,14,18,43
12/27/2024,P006,4,4,7,15
12/27/2024,P007,8,12,9,29
12/27/2024,P008,10,10,18,38
12/27/2024,P009,22,1,7,30
12/27/2024,P010,20,4,4,28
12/27/2024,P011,12,3,8,23
12/27/2024,P012,12,11,12,35
12/27/2024,P013,6,6,7,19
12/27/2024,P014,19,5,14,38
12/27/2024,P015,5,6,12,23
12/27/2024,P016,2,9,17,28
12/27/2024,P017,15,4,22,41
12/27/2024,P018,9,5,12,26
12/27/2024,P019,7,10,10,27
12/27/2024,P020,13,15,9,37
12/27/2024,P021,20,22,12,54
12/27/2024,P022,10,14,15,39
12/27/2024,P023,8,7,20,35
12/27/2024,P024,7,6,8,21
12/27/2024,P025,2,2,13,17
12/27/2024,P026,7,10,3,20
12/27/2024,P027,3,8,8,19
12/27/2024,P028,15,7,2,24
12/27/2024,P029,3,17,17,37
12/27/2024,P030,2,10,5,17
12/27/2024,P031,10,6,11,27
12/27/2024,P032,10,9,12,31
12/27/2024,P033,18,14,9,41
12/27/2024,P034,3,5,7,15
12/27/2024,P035,3,20,16,39
12/27/2024,P036,11,7,2,20
12/27/2024,P037,6,19,18,43
12/27/2024,P038,3,6,4,13
12/27/2024,P039,12,13,17,42
12/27/2024,P040,11,7,9,27
12/27/2024,P041,11,14,1,26
12/27/2024,P042,19,14,5,38
12/27/2024,P043,7,12,12,31
12/27/2024,P044,22,8,3,33
12/27/2024,P045,8,7,1,16
12/27/2024,P046,3,6,10,19
12/27/2024,P047,8,18,2,28
12/27/2024,P048,11,4,9,24
12/27/2024,P049,5,16,11,32
12/27/2024,P050,9,9,7,25
12/27/2024,P051,14,12,12,38
12/27/2024,P052,12,22,12,46
12/27/2024,P053,20,11,4,35
12/27/2024,P054,7,3,3,13
12/27/2024,P055,6,9,11,26
12/27/2024,P056,12,4,18,34
12/27/2024,P057,16,10,5,31
12/27/2024,P058,6,2,1,9
12/27/2024,P059,7,4,20,31
12/27/2024,P060,8,9,2,19
12/27/2024,P061,11,11,20,42
12/27/2024,P062,15,14,6,35
12/27/2024,P063,3,11,10,24
12/27/2024,P064,17,16,19,52
12/27/2024,P065,10,2,12,24
12/27/2024,P066,11,18,11,40
12/27/2024,P067,11,4,11,26
12/27/2024,P068,13,17,10,40
12/27/2024,P069,6,11,2,19
12/27/2024,P070,9,7,1,17
12/28/2024,P001,7,11,2,20
12/28/2024,P002,12,15,3,30
12/28/2024,P003,18,7,2,27
12/28/2024,P004,19,9,2,30
12/28/2024,P005,9,22,19,50
12/28/2024,P006,11,4,6,21
12/28/2024,P007,22,17,3,42
12/28/2024,P008,10,20,15,45
12/28/2024,P009,1,7,11,19
12/28/2024,P010,3,3,11,17
12/28/2024,P011,5,6,6,17
12/28/2024,P012,13,10,10,33
12/28/2024,P013,6,6,2,14
12/28/2024,P014,13,19,20,52
12/28/2024,P015,4,4,7,15
12/28/2024,P016,12,18,8,38
12/28/2024,P017,9,8,9,26
12/28/2024,P018,9,6,13,28
12/28/2024,P019,6,9,11,26
12/28/2024,P020,1,7,10,18
12/28/2024,P021,2,1,21,24
12/28/2024,P022,17,2,11,30
12/28/2024,P023,5,2,12,19
12/28/2024,P024,19,4,9,32
12/28/2024,P025,2,9,2,13
12/28/2024,P026,11,14,11,36
12/28/2024,P027,2,4,20,26
12/28/2024,P028,5,9,3,17
12/28/2024,P029,11,8,18,37
12/28/2024,P030,18,5,5,28
12/28/2024,P031,12,21,16,49
12/28/2024,P032,6,4,3,13
12/28/2024,P033,16,16,3,35
12/28/2024,P034,10,7,10,27
12/28/2024,P035,6,22,19,47
12/28/2024,P036,14,3,7,24
12/28/2024,P037,3,15,5,23
12/28/2024,P038,2,2,8,12
12/28/2024,P039,4,6,11,21
12/28/2024,P040,16,12,12,40
12/28/2024,P041,14,11,3,28
12/28/2024,P042,10,2,2,14
12/28/2024,P043,4,7,15,26
12/28/2024,P044,18,4,6,28
12/28/2024,P045,18,12,1,31
12/28/2024,P046,6,9,1,16
12/28/2024,P047,20,13,13,46
12/28/2024,P048,8,7,4,19
12/28/2024,P049,14,10,5,29
12/28/2024,P050,3,4,6,13
12/28/2024,P051,12,9,5,26
12/28/2024,P052,2,15,14,31
12/28/2024,P053,7,11,9,27
12/28/2024,P054,12,2,22,36
12/28/2024,P055,4,4,3,11
12/28/2024,P056,5,6,12,23
12/28/2024,P057,11,19,13,43
12/28/2024,P058,12,4,7,23
12/28/2024,P059,6,7,16,29
12/28/2024,P060,6,4,12,22
12/28/2024,P061,12,2,14,28
12/28/2024,P062,11,16,7,34
12/28/2024,P063,22,2,22,46
12/28/2024,P064,5,19,20,44
12/28/2024,P065,10,7,6,23
12/28/2024,P066,20,5,18,43
12/28/2024,P067,7,8,10,25
12/28/2024,P068,12,11,19,42
12/28/2024,P069,3,11,4,18
12/28/2024,P070,6,9,2,17
12/29/2024,P001,3,10,7,20
12/29/2024,P002,9,4,6,19
12/29/2024,P003,3,11,11,25
12/29/2024,P004,8,11,11,30
12/29/2024,P005,15,18,13,46
12/29/2024,P006,9,2,9,20
12/29/2024,P007,6,12,10,28
12/29/2024,P008,20,3,1,24
12/29/2024,P009,7,11,8,26
12/29/2024,P010,20,8,10,38
12/29/2024,P011,4,16,12,32
12/29/2024,P012,3,3,5,11
12/29/2024,P013,2,6,10,18
12/29/2024,P014,20,14,14,48
12/29/2024,P015,7,9,12,28
12/29/2024,P016,12,10,6,28
12/29/2024,P017,8,10,20,38
12/29/2024,P018,8,18,5,31
12/29/2024,P019,7,2,12,21
12/29/2024,P020,16,12,7,35
12/29/2024,P021,15,7,2,24
12/29/2024,P022,17,12,7,36
12/29/2024,P023,2,3,18,23
12/29/2024,P024,9,8,8,25
12/29/2024,P025,9,11,15,35
12/29/2024,P026,14,4,4,22
12/29/2024,P027,5,7,6,18
12/29/2024,P028,1,2,9,12
12/29/2024,P029,10,7,8,25
12/29/2024,P030,6,7,22,35
12/29/2024,P031,5,7,15,27
12/29/2024,P032,7,9,4,20
12/29/2024,P033,7,20,11,38
12/29/2024,P034,4,12,5,21
12/29/2024,P035,9,16,13,38
12/29/2024,P036,4,5,2,11
12/29/2024,P037,17,3,1,21
12/29/2024,P038,14,11,9,34
12/29/2024,P039,18,21,15,54
12/29/2024,P040,15,3,12,30
12/29/2024,P041,7,12,12,31
12/29/2024,P042,17,2,3,22
12/29/2024,P043,10,2,15,27
12/29/2024,P044,17,12,2,31
12/29/2024,P045,2,3,17,22
12/29/2024,P046,2,2,14,18
12/29/2024,P047,9,7,12,28
12/29/2024,P048,9,7,8,24
12/29/2024,P049,7,6,8,21
12/29/2024,P050,5,12,9,26
12/29/2024,P051,16,4,4,24
12/29/2024,P052,7,3,22,32
12/29/2024,P053,17,9,4,30
12/29/2024,P054,2,12,20,34
12/29/2024,P055,8,4,10,22
12/29/2024,P056,4,10,7,21
12/29/2024,P057,15,3,7,25
12/29/2024,P058,7,6,8,21
12/29/2024,P059,3,6,11,20
12/29/2024,P060,4,7,13,24
12/29/2024,P061,7,5,13,25
12/29/2024,P062,18,13,6,37
12/29/2024,P063,20,3,15,38
12/29/2024,P064,2,13,17,32
12/29/2024,P065,10,2,7,19
12/29/2024,P066,9,1,5,15
12/29/2024,P067,2,9,6,17
12/29/2024,P068,9,15,3,27
12/29/2024,P069,10,6,6,22
12/29/2024,P070,7,2,13,22
12/30/2024,P001,9,11,3,23
12/30/2024,P002,5,10,17,32
12/30/2024,P003,12,10,10,32
12/30/2024,P004,18,8,10,36
12/30/2024,P005,4,8,9,21
12/30/2024,P006,7,7,5,19
12/30/2024,P007,6,12,4,22
12/30/2024,P008,14,20,21,55
12/30/2024,P009,11,7,12,30
12/30/2024,P010,5,5,11,21
12/30/2024,P011,4,13,18,35
12/30/2024,P012,9,10,11,30
12/30/2024,P013,11,11,6,28
12/30/2024,P014,14,2,12,28
12/30/2024,P015,9,11,10,30
12/30/2024,P016,9,20,2,31
12/30/2024,P017,5,6,18,29
12/30/2024,P018,10,4,10,24
12/30/2024,P019,16,10,4,30
12/30/2024,P020,13,6,11,30
12/30/2024,P021,22,10,18,50
12/30/2024,P022,18,13,9,40
12/30/2024,P023,11,9,12,32
12/30/2024,P024,18,4,9,31
12/30/2024,P025,11,12,19,42
12/30/2024,P026,4,3,10,17
12/30/2024,P027,6,12,16,34
12/30/2024,P028,20,10,3,33
12/30/2024,P029,18,17,11,46
12/30/2024,P030,3,5,18,26
12/30/2024,P031,8,18,4,30
12/30/2024,P032,10,8,10,28
12/30/2024,P033,10,7,7,24
12/30/2024,P034,10,12,6,28
12/30/2024,P035,8,16,7,31
12/30/2024,P036,13,12,10,35
12/30/2024,P037,13,17,10,40
12/30/2024,P038,10,7,4,21
12/30/2024,P039,22,22,20,64
12/30/2024,P040,4,19,3,26
12/30/2024,P041,2,17,4,23
12/30/2024,P042,17,15,5,37
12/30/2024,P043,3,6,18,27
12/30/2024,P044,6,10,3,19
12/30/2024,P045,6,10,7,23
12/30/2024,P046,10,10,3,23
12/30/2024,P047,3,14,4,21
12/30/2024,P048,5,12,8,25
12/30/2024,P049,7,19,7,33
12/30/2024,P050,7,8,10,25
12/30/2024,P051,6,10,6,22
12/30/2024,P052,11,15,16,42
12/30/2024,P053,10,16,4,30
12/30/2024,P054,4,11,2,17
12/30/2024,P055,11,4,5,20
12/30/2024,P056,6,10,3,19
12/30/2024,P057,4,5,9,18
12/30/2024,P058,7,6,14,27
12/30/2024,P059,6,3,9,18
12/30/2024,P060,11,20,11,42
12/30/2024,P061,7,8,9,24
12/30/2024,P062,8,7,9,24
12/30/2024,P063,2,12,3,17
12/30/2024,P064,18,7,16,41
12/30/2024,P065,12,10,11,33
12/30/2024,P066,13,10,14,37
12/30/2024,P067,2,4,6,12
12/30/2024,P068,12,20,5,37
12/30/2024,P069,2,10,6,18
12/30/2024,P070,7,9,9,25
12/31/2024,P001,18,11,7,36
12/31/2024,P002,3,16,8,27
12/31/2024,P003,4,8,5,17
12/31/2024,P004,8,4,6,18
12/31/2024,P005,8,9,13,30
12/31/2024,P006,3,6,5,14
12/31/2024,P007,5,20,3,28
12/31/2024,P008,14,13,15,42
12/31/2024,P009,7,7,4,18
12/31/2024,P010,6,14,11,31
12/31/2024,P011,8,14,3,25
12/31/2024,P012,8,12,9,29
12/31/2024,P013,10,8,9,27
12/31/2024,P014,11,7,4,22
12/31/2024,P015,2,6,12,20
12/31/2024,P016,8,18,9,35
12/31/2024,P017,7,4,15,26
12/31/2024,P018,7,16,18,41
12/31/2024,P019,2,9,6,17
12/31/2024,P020,11,12,10,33
12/31/2024,P021,18,22,6,46
12/31/2024,P022,3,11,20,34
12/31/2024,P023,12,3,19,34
12/31/2024,P024,4,9,10,23
12/31/2024,P025,8,4,20,32
12/31/2024,P026,13,10,6,29
12/31/2024,P027,7,2,7,16
12/31/2024,P028,20,4,2,26
12/31/2024,P029,16,9,3,28
12/31/2024,P030,17,11,7,35
12/31/2024,P031,2,14,12,28
12/31/2024,P032,11,11,7,29
12/31/2024,P033,22,16,2,40
12/31/2024,P034,3,2,6,11
12/31/2024,P035,9,18,3,30
12/31/2024,P036,17,4,5,26
12/31/2024,P037,8,17,21,46
12/31/2024,P038,20,11,2,33
12/31/2024,P039,20,4,3,27
12/31/2024,P040,12,8,10,30
12/31/2024,P041,19,17,16,52
12/31/2024,P042,18,14,21,53
12/31/2024,P043,2,3,5,10
12/31/2024,P044,19,4,7,30
12/31/2024,P045,2,18,10,30
12/31/2024,P046,9,6,14,29
12/31/2024,P047,10,22,5,37
12/31/2024,P048,9,6,5,20
12/31/2024,P049,3,2,2,7
12/31/2024,P050,9,2,2,13
12/31/2024,P051,10,12,12,34
12/31/2024,P052,4,19,16,39
12/31/2024,P053,8,5,4,17
12/31/2024,P054,6,2,15,23
12/31/2024,P055,7,9,18,34
12/31/2024,P056,12,3,11,26
12/31/2024,P057,7,19,15,41
12/31/2024,P058,10,4,11,25
12/31/2024,P059,9,6,15,30
12/31/2024,P060,4,7,11,22
12/31/2024,P061,10,2,19,31
12/31/2024,P062,6,21,10,37
12/31/2024,P063,15,5,15,35
12/31/2024,P064,6,3,20,29
12/31/2024,P065,8,5,11,24
12/31/2024,P066,16,21,1,38
12/31/2024,P067,9,2,6,17
12/31/2024,P068,9,3,19,31
12/31/2024,P069,11,11,4,26
12/31/2024,P070,7,8,18,33
